Track URI,Track Name,Album Name,Artist Name(s),Release Date,Duration (ms),Popularity,Explicit,Added By,Added At,Genres,Record Label,Danceability,Energy,Key,Loudness,Mode,Speechiness,Acousticness,Instrumentalness,Liveness,Valence,Tempo,Time Signature
spotify:track:3nFJbZCHP4d9vduKjJLdBL,"Never Too Much","Never Too Much","Luther Vandross",1981-07-23,230269,74,false,,2026-01-13T16:49:54Z,"quiet storm,soul,classic soul","Epic/Legacy",0.734,0.586,2,-11.866,1,0.129,0.125,0,0.0367,0.762,109.933,4
spotify:track:0XgRWgcs0Pcr9PSIdFWD4N,"Clay Pigeons","True That","Michael Cera",2014-08-14,186000,63,false,,2026-01-06T17:38:59Z,"","Michael Cera",0.292,0.241,6,-17.001,1,0.0428,0.97,0.00989,0.105,0.441,172.175,4
spotify:track:5hzoEKZvvov9EKzrx419Ys,"Ratha Be Ya Nigga (ft. Richie Rich)","All Eyez On Me","2Pac;Richie Rich",1996-02-13,253973,66,true,,2026-01-05T15:59:26Z,"old school hip hop,gangster rap,west coast hip hop,g-funk,hip hop,hyphy","Amaru Entertainment, Inc./Interscope Records",0.684,0.555,2,-5.573,1,0.292,0.204,0,0.725,0.553,84.754,4
spotify:track:7rUchbZxrhF29Q0vYjKEU0,"Can't C Me","All Eyez On Me","2Pac",1996-02-13,330760,71,true,,2026-01-05T15:24:00Z,"old school hip hop,gangster rap,west coast hip hop,g-funk,hip hop","Amaru Entertainment, Inc./Interscope Records",0.795,0.852,0,-2.238,1,0.178,0.0442,0.00000347,0.39,0.673,95.44,4
spotify:track:1qZqFtSINOOmjYH1UE9805,"Life Goes On","All Eyez On Me","2Pac",1996-02-13,301600,60,true,,2026-01-05T15:15:28Z,"old school hip hop,gangster rap,west coast hip hop,g-funk,hip hop","Amaru Entertainment, Inc./Interscope Records",0.644,0.846,7,-5.443,1,0.275,0.124,0,0.353,0.503,79.182,4
spotify:track:7JA1UOFeaHRfQrFsqvROM5,"Way Back Into Love","Music And Lyrics - Music From The Motion Picture","Hugh Grant;Haley Bennett",2006-02-13,277853,44,false,,2025-12-31T04:13:33Z,"","Warner Sunset/Atlantic",0.281,0.675,10,-6.033,1,0.0353,0.0399,0,0.129,0.565,203.473,4
spotify:track:2nucZ6ksQ7v6mKB3urwLya,"Pomeranian","Pomeranian","FORAGER",2025-10-24,258268,46,true,,2025-12-30T05:46:35Z,"","La Reserve Records",0.454,0.532,7,-10.011,1,0.134,0.155,0.000351,0.122,0.774,201.831,4
spotify:track:4lH6VBS90WtBCMVl6G0tVG,"So Says I","So Says I","The Shins",2003-09-23,167946,0,false,,2025-12-28T04:18:32Z,"indie,indie pop","Sub Pop Records",0.409,0.738,4,-4.443,0,0.0459,0.0119,0,0.135,0.421,72.158,4
spotify:track:0jWgAnTrNZmOGmqgvHhZEm,"What's Up?","Bigger, Better, Faster, More !","4 Non Blondes",1992-01-01,295533,87,false,,2025-12-15T06:39:02Z,"","Interscope",0.565,0.564,2,-10.044,1,0.0292,0.161,0,0.114,0.454,134.358,4
spotify:track:3dBhCtuadao82yo8tLrkVn,"Ms. Stress","Floetic","Floetry",2002-01-01,232906,33,false,,2025-12-12T15:44:16Z,"neo soul,quiet storm","Geffen",0.62,0.515,2,-9.657,1,0.276,0.0444,0,0.0938,0.49,113.148,5
spotify:track:1SpM0y9tCcgqniOlhjROCI,"Shadow","Fine Killing Liberty : Blue Rain","Fin.K.L",1998-05-25,247293,15,false,,2025-12-03T08:36:55Z,"k-pop","DSP media",0.69,0.697,11,-7.003,0,0.0304,0.384,0.0000102,0.462,0.528,92.998,4
spotify:track:5dLHNJiFclYsHP4C6skRGk,"California Blues","California Blues (Acoustic)","Alex Amen",2024-12-06,236293,39,false,,2025-12-03T08:25:36Z,"","Country Worm Studios",0.698,0.546,4,-9.732,1,0.0275,0.459,0.000803,0.158,0.806,126.032,4
spotify:track:7IjKGN0PoY2WkgCtzaFD0K,"Shadows of You","Crimetown Soundtrack: Season One","Kenny Brent;Donna Harris",2017-05-14,137000,40,false,,2025-12-03T08:24:24Z,"","Dogs On Tour Records",0.677,0.546,2,-8.129,1,0.0266,0.57,0.0124,0.19,0.75,116.534,4
spotify:track:64MDCxBEInYxmt4600EwJt,"Love On My Brain","Harlan County","Jim Ford",1969-01-01,194533,41,false,,2025-12-03T08:23:39Z,"","Varese",0.441,0.704,9,-7.091,1,0.0451,0.0102,0.0838,0.043,0.685,149.444,4
spotify:track:3E6G7WqsnOh6rWanwcSO7w,"Daisy Lady - 2012 Remaster","Tír Na NÓg (2012 Remaster)","Tír na nÓg",1971-01-01,138253,60,false,,2025-12-03T08:22:48Z,"","Chrysalis Records",0.578,0.166,8,-18.79,0,0.0359,0.827,0,0.112,0.598,76.884,4
spotify:track:33dU6vAuJLgSIDXcOPFKqf,"Be Natural","A letter from Greenland - The 4th Album","S.E.S.",2000-12-16,282493,39,false,,2025-12-03T08:14:49Z,"k-pop","SM Entertainment",0.632,0.709,10,-3.306,0,0.25,0.0165,0,0.0817,0.633,177.991,4
spotify:track:7wqBDFp7JZfWp3aPaC4gHQ,"Loner","Bluetory","CNBLUE",2010-01-14,217835,60,false,,2025-12-03T08:13:24Z,"k-rock,k-pop","FNC ENTERTAINMENT",0.752,0.75,2,-3.702,0,0.068,0.243,0,0.296,0.788,105.001,4
spotify:track:4pi0Elz7B7cLfw37J3bYm9,"Growl","The 1st Album 'XOXO' (Repackage)","EXO",2013-08-05,207053,69,false,,2025-12-03T08:12:16Z,"k-pop","SM Entertainment",0.681,0.814,11,-2.83,0,0.0603,0.145,0,0.556,0.876,89.993,4
spotify:track:71sbQUmDvv3iKiH5uvJa6O,"Stealing a Glance","Dark Angel","Lee Hyori",2006-02-09,266066,14,false,,2025-12-03T08:09:15Z,"k-pop","DSP media",0.56,0.711,4,-5.708,0,0.227,0.0132,0.0000789,0.0633,0.759,188.007,4
spotify:track:5jP7U9Dv0bgNsMi0VVjj2C,"다가와서","Your Story","Brown Eyed Girls",2006-03-02,254537,27,false,,2025-12-03T08:03:12Z,"k-pop","㈜뮤직앤뉴",0.567,0.663,1,-5.406,0,0.047,0.299,0,0.139,0.414,76,4
spotify:track:6iHQxtDOMbId0PWhRRomz7,"오늘밤 일","My Sweet And Free Day","IVY",2005-07-19,226840,26,false,,2025-12-03T08:00:16Z,"k-ballad","Beyond Music",0.96,0.355,0,-7.936,1,0.0466,0.0692,0.0000133,0.162,0.822,102.78,4
spotify:track:405SQUJdQut02dxtuQ0CZ3,"Lion Heart","Lion Heart - The 5th Album","Girls' Generation",2015-08-19,224257,61,false,,2025-12-03T07:58:59Z,"k-pop","SM Entertainment",0.754,0.788,2,-3.175,1,0.0322,0.129,0.00274,0.0775,0.961,124.992,4
spotify:track:0FleCid5zJl78Gc4NSpg3s,"You Think","Lion Heart - The 5th Album","Girls' Generation",2015-08-19,188608,46,false,,2025-12-03T07:58:59Z,"k-pop","SM Entertainment",0.697,0.832,4,-3.2,0,0.05,0.00322,0,0.196,0.286,100.017,4
spotify:track:0uak6K95JcYexDgqHmh5cc,"PARTY","Lion Heart - The 5th Album","Girls' Generation",2015-08-19,193813,48,false,,2025-12-03T07:58:59Z,"k-pop","SM Entertainment",0.753,0.887,10,-2.975,0,0.0359,0.111,0.0000143,0.0729,0.946,122.981,4
spotify:track:3wx0sbeE5MfbAFGV2zDoMY,"어떤 오후 One Afternoon","Lion Heart - The 5th Album","Girls' Generation",2015-08-19,215940,34,false,,2025-12-03T07:58:59Z,"k-pop","SM Entertainment",0.641,0.749,10,-6.566,1,0.0475,0.67,0.0000499,0.122,0.57,105.968,4
spotify:track:5lXHqiJoFY8O7dcb5TaBLL,"Show Girls","Lion Heart - The 5th Album","Girls' Generation",2015-08-19,219076,29,false,,2025-12-03T07:58:59Z,"k-pop","SM Entertainment",0.585,0.789,0,-4.633,1,0.0666,0.0577,0,0.755,0.577,129.93,4
spotify:track:40n8bfgbFI745vNrhAzE7L,"Fire Alarm","Lion Heart - The 5th Album","Girls' Generation",2015-08-19,191311,30,false,,2025-12-03T07:58:59Z,"k-pop","SM Entertainment",0.766,0.82,2,-3.019,1,0.114,0.166,0,0.349,0.623,123.022,4
spotify:track:6Pcc7F41Tfo7m2JvDMRfc7,"Talk Talk","Lion Heart - The 5th Album","Girls' Generation",2015-08-19,203279,31,false,,2025-12-03T07:58:59Z,"k-pop","SM Entertainment",0.68,0.833,0,-5.197,0,0.0608,0.0449,0,0.772,0.553,155.916,4
spotify:track:7C4aWThnPmubzxcrnJWGuk,"Green Light","Lion Heart - The 5th Album","Girls' Generation",2015-08-19,172666,37,false,,2025-12-03T07:58:59Z,"k-pop","SM Entertainment",0.738,0.828,4,-2.253,0,0.037,0.0349,0.0000125,0.0547,0.334,130.002,4
spotify:track:4qJb26r6kIeta7xQwV6IPR,"Paradise","Lion Heart - The 5th Album","Girls' Generation",2015-08-19,230822,29,false,,2025-12-03T07:58:59Z,"k-pop","SM Entertainment",0.784,0.803,1,-3.608,1,0.0416,0.0976,0,0.291,0.78,115.982,4
spotify:track:3EQC9pepDeytAuIC6zShEF,"Check","Lion Heart - The 5th Album","Girls' Generation",2015-08-19,206961,34,false,,2025-12-03T07:58:59Z,"k-pop","SM Entertainment",0.752,0.866,2,-1.086,1,0.0323,0.0883,0,0.209,0.582,99.979,4
spotify:track:6GvX6iavjN0chlxm1hkavi,"Sign","Lion Heart - The 5th Album","Girls' Generation",2015-08-19,197276,30,false,,2025-12-03T07:58:59Z,"k-pop","SM Entertainment",0.69,0.684,3,-4.513,1,0.0521,0.00213,0.000538,0.184,0.87,128.062,4
spotify:track:0JbZnZ21MrSMZbOv81F0Kf,"예감 Bump It","Lion Heart - The 5th Album","Girls' Generation",2015-08-19,228637,33,false,,2025-12-03T07:58:59Z,"k-pop","SM Entertainment",0.706,0.895,7,-2.815,1,0.0843,0.293,0,0.0682,0.604,88.024,4
spotify:track:4cczsBhbMmU2eCnqHLLcSZ,"Gee","Run Devil Run - The 2nd Album Repackage","Girls' Generation",2010-03-22,201160,30,false,,2025-12-03T07:57:41Z,"k-pop","SM Entertainment",0.756,0.93,1,-1.082,0,0.0274,0.281,0,0.11,0.737,99.988,4
spotify:track:18fWwTkrIxojEC2gmVyoxS,"Kissing You","Girls' Generation","Girls' Generation",2007-11-01,199240,55,false,,2025-12-03T07:55:57Z,"k-pop","SM Entertainment",0.75,0.817,8,-2.541,1,0.0361,0.639,0,0.171,0.762,117.991,4
spotify:track:22QBXqHn0hVWUteDb6dq0V,"In this Place","A-ing♡","Orange Caramel",2010-11-18,219977,19,false,,2025-12-03T07:54:21Z,"k-pop","PLEDIS ENTERTAINMENT",0.659,0.748,11,-5.497,0,0.0295,0.348,0,0.109,0.682,94.011,4
spotify:track:6lHMak6hvIBr6VHPJllZBk,"Meet Again","Bad But Good","miss A",2010-07-01,185208,17,false,,2025-12-03T07:51:16Z,"k-pop","Republic Records - JYP Entertainment",0.768,0.997,6,-1.17,0,0.0758,0.017,0.0305,0.257,0.888,133.026,4
spotify:track:1wJCNa7PWJyXBDTnidzy50,"중독","Sound G.","Brown Eyed Girls",2009-07-21,263946,18,false,,2025-12-03T07:50:09Z,"k-pop","Beyond Music",0.803,0.758,1,-4.156,0,0.0709,0.161,0,0.0794,0.798,92.007,4
spotify:track:08sp9tp1o93zoqtgPmu5PW,"Abracadabra","Sound G.","Brown Eyed Girls",2009-07-21,184186,61,false,,2025-12-03T07:49:29Z,"k-pop","Beyond Music",0.82,0.952,5,-3.533,1,0.0803,0.049,0.000106,0.0494,0.755,128.016,4
spotify:track:3a3dwchdK0cHSCaxs9V5cV,"Believe in Love","REACH OUT","S.E.S.",1999-03-10,316933,11,false,,2025-12-03T07:47:28Z,"k-pop","VAP",0.634,0.741,0,-5.042,1,0.0269,0.0769,0.000346,0.325,0.413,78.163,4
spotify:track:4AUqcf9tVh5JIgboE87ti6,"느낌","SHOO. EUGENE. SEA - The 2nd Album","S.E.S.",1998-11-23,226960,15,false,,2025-12-03T07:46:35Z,"k-pop","SM Entertainment",0.64,0.857,11,-5.27,1,0.0348,0.0611,0.000746,0.0437,0.408,103.952,4
spotify:track:2FytKDX0KhZqicCbmdBZeR,"Eternal Love","SHOO. EUGENE. SEA - The 2nd Album","S.E.S.",1998-11-23,211440,14,false,,2025-12-03T07:45:58Z,"k-pop","SM Entertainment",0.644,0.533,11,-5.487,1,0.0251,0.345,0.06,0.415,0.463,136.408,4
spotify:track:1hGSF6kVDU8dWmXDLyfHBt,"Only You","Colors","miss A",2015-03-30,198008,56,false,,2025-12-03T07:44:24Z,"k-pop","Republic Records - JYP Entertainment",0.638,0.773,0,-3.155,1,0.132,0.0526,0,0.276,0.438,168.077,4
spotify:track:6hQZn0khzhIZmMQ2erzx6q,"LOVE","With L.O.V.E Brown Eyed Girls","Brown Eyed Girls",2008-01-17,217626,42,false,,2025-12-03T07:43:59Z,"k-pop","Nega Network",0.736,0.799,9,-6,0,0.0442,0.0557,0,0.102,0.93,134.001,4
spotify:track:6BKOhvRPY54uvfqWwg7MKi,"Up & Down","AH YEAH","EXID",2015-04-14,189882,60,false,,2025-12-03T07:43:33Z,"k-pop","Yedang Entertainment",0.714,0.812,7,-2.703,1,0.0351,0.00189,0.00000196,0.229,0.377,112.018,4
spotify:track:6WGH3OhclT2NsJePIuF0w3,"Destiny","Don't Start Now - Jumping Into The World","BoA",2001-01-03,311800,11,false,,2025-12-03T07:41:35Z,"k-pop,j-pop,j-r&b","SM Entertainment",0.755,0.824,1,-5.668,1,0.0487,0.0518,0.00000424,0.25,0.823,103.02,4
spotify:track:3k6sZWeblAmDnTalBiGJPg,"쪼요쪼요 (미니게임천국 3 주제가)","쪼요쪼요","Wonder Girls",2007-11-26,203912,16,false,,2025-12-03T07:38:21Z,"k-pop","Republic Records - JYP Entertainment",0.923,0.868,5,-6.24,1,0.0688,0.0239,0.000133,0.0862,0.794,119.977,4
spotify:track:7jGdM7zF2ZUrIpxDqzofkU,"Bad Boy","The Wonder Years","Wonder Girls",2007-09-12,190973,21,false,,2025-12-03T07:37:38Z,"k-pop","Republic Records - JYP Entertainment",0.855,0.659,0,-5.555,0,0.0907,0.00251,0.0132,0.0773,0.745,117.986,4
spotify:track:0mJo7LtMncgVo48pgt2D20,"I Wanna","The Wonder Years","Wonder Girls",2007-09-12,225019,27,false,,2025-12-03T07:36:53Z,"k-pop","Republic Records - JYP Entertainment",0.79,0.914,9,-4.677,0,0.0474,0.0419,0,0.0357,0.86,116.013,4
spotify:track:2UuKZDzjZ7cVMOvpmuAMYj,"Tell Me","The Wonder Years","Wonder Girls",2007-09-12,217000,73,false,,2025-12-03T07:36:31Z,"k-pop","Republic Records - JYP Entertainment",0.792,0.924,6,-6.866,0,0.0327,0.104,0.000224,0.336,0.968,127.003,4
spotify:track:1n1qEuGfZnbthXPdhrxgY2,"Don′t Cry","It′s Hyorish","Lee Hyori",2008-07-14,245213,8,false,,2025-12-03T07:35:49Z,"k-pop","Genie Music Corporation",0.505,0.751,10,-3.243,0,0.163,0.175,0,0.38,0.68,199.985,4
spotify:track:2IrmdHJjwBH1pFIMcTJ1xq,"Bad Girls","MONOCHROME","Lee Hyori",2013-05-21,207466,42,false,,2025-12-03T07:34:39Z,"k-pop","Genie Music Corporation",0.697,0.728,5,-3.414,0,0.0434,0.0856,0,0.0641,0.867,150.025,4
spotify:track:2iRBOiae55Za1xvvWZi9Ok,"Today of All Days","Stylish…","Lee Hyori",2003-08-13,283723,16,false,,2025-12-03T07:34:24Z,"k-pop","DSP media",0.599,0.596,9,-6.042,1,0.0252,0.332,0,0.0796,0.29,84.007,4
spotify:track:482pcPoWo6nTWsuWsmV0vA,"A Jazz Bar","Stylish…","Lee Hyori",2003-08-13,253089,24,false,,2025-12-03T07:33:53Z,"k-pop","DSP media",0.709,0.8,8,-5.955,1,0.135,0.0591,0.00000242,0.101,0.849,87.934,4
spotify:track:0Nq0RlwahjmpUBNzn8SBsc,"Only One","Stylish…","Lee Hyori",2003-08-13,233209,22,false,,2025-12-03T07:33:47Z,"k-pop","DSP media",0.901,0.589,9,-5.423,0,0.128,0.106,0.0000344,0.0675,0.905,100.706,4
spotify:track:6skey4sfjuvDzx4IVlpKYU,"Do Me","Stylish…","Lee Hyori",2003-08-13,226233,22,false,,2025-12-03T07:33:41Z,"k-pop","DSP media",0.887,0.822,1,-3.821,1,0.0449,0.0309,0.000345,0.0655,0.819,110.016,4
spotify:track:0ZCNyRJGbgcXcnWPKwdVyw,"Chu~♡","Chu~♡ - The 1st Single","f(x)",2009-11-04,192346,31,false,,2025-12-03T07:33:16Z,"k-pop","SM Entertainment",0.85,0.693,0,-3.332,1,0.04,0.0216,0.00000197,0.0512,0.867,125.024,4
spotify:track:7DfHPGn8WVVW0aQX37kKc5,"Sweet Witches","Pinocchio -The 1st Album","f(x)",2011-04-20,209346,39,false,,2025-12-03T07:32:57Z,"k-pop","SM Entertainment",0.745,0.97,11,-0.78,1,0.108,0.406,0.0211,0.0535,0.885,164.962,4
spotify:track:0g6jJxuHv9p5VD0OvsnaJQ,"Love","Pinocchio -The 1st Album","f(x)",2011-04-20,195933,51,false,,2025-12-03T07:32:22Z,"k-pop","SM Entertainment",0.743,0.951,10,-1.901,0,0.0351,0.106,0.00000708,0.0411,0.95,125.005,4
spotify:track:29K5TzC24jAwfprnNyEHHT,"m e s s a g e . . . (With RuRu, RaRa)","ParkRuRa","PARKMOONCHI;RuRu;RaRa",2021-09-28,206106,38,false,,2025-12-03T07:32:08Z,"city pop","MAGIC STRAWBERRY SOUND",0.747,0.726,7,-3.435,0,0.0357,0.00736,0.00000476,0.13,0.5,89.976,4
spotify:track:1xbJNPLSTtIWgGTt3Uu4gl,"미행 (그림자 : Shadow)","Pink Tape - The 2nd Album","f(x)",2013-07-29,210287,57,false,,2025-12-03T07:32:00Z,"k-pop","SM Entertainment",0.768,0.846,7,-4.369,1,0.0502,0.058,0.0000201,0.782,0.828,114.995,4
spotify:track:1CkTEh21SLHbiAj2qy8wc1,"Ma Boy","Ma Boy","SISTAR19",2011-05-03,196702,60,false,,2025-12-03T07:31:49Z,"k-pop","Starship Entertainment",0.751,0.767,7,-4.752,0,0.0577,0.353,0.00000271,0.289,0.768,89.93,4
spotify:track:6kku05mDWyykFNvJxWu9g4,"A-Ha","My Sweet And Free Day","IVY",2005-07-19,225933,38,false,,2025-12-03T07:31:37Z,"k-ballad","Beyond Music",0.735,0.523,8,-7.463,1,0.036,0.0309,0,0.246,0.529,101.991,4
spotify:track:1OIb1AalkGikhzCRbWgchd,"Secret","THE SECRET","WJSN",2016-08-17,222581,51,false,,2025-12-03T07:30:45Z,"k-pop","Starship Entertainment",0.692,0.969,7,-3.213,0,0.0678,0.167,0,0.301,0.762,111.495,4
spotify:track:0U9jNoTJeTxXToakhsb7pV,"Run Devil Run","Run Devil Run - The 2nd Album Repackage","Girls' Generation",2010-03-22,201920,60,false,,2025-12-03T07:29:26Z,"k-pop","SM Entertainment",0.687,0.888,11,-2.725,0,0.146,0.0596,0.0000214,0.181,0.791,64.927,4
spotify:track:4YRTsmrGk2Y8uVkTuGbdJj,"Shanghai Romance","LIPSTICK","Orange Caramel",2012-09-12,226168,50,false,,2025-12-03T07:26:32Z,"k-pop","Pledis",0.585,0.911,9,-3.72,0,0.0491,0.0389,0.00000374,0.165,0.507,148.955,4
spotify:track:4JUtRVkFjhBZ6dL02IJLUK,"Aing♡","LIPSTICK","Orange Caramel",2012-09-12,208169,45,false,,2025-12-03T07:25:30Z,"k-pop","Pledis",0.574,0.902,11,-4.107,0,0.0648,0.175,0,0.0686,0.221,148.159,4
spotify:track:0qD5kstOSUeLUQgW3cuhcD,"To My Boyfriend","Fine Killing Liberty : Blue Rain","Fin.K.L",1998-05-25,238466,37,false,,2025-12-03T07:25:02Z,"k-pop","DSP media",0.773,0.857,11,-5.884,1,0.032,0.0112,0.00798,0.364,0.909,135.007,4
spotify:track:779p5NFkwVL3THiMDHckUi,"Remember Me","Stylish…","Lee Hyori",2003-08-13,240448,22,false,,2025-12-03T07:21:46Z,"k-pop","DSP media",0.723,0.644,7,-4.641,0,0.0289,0.319,0,0.196,0.594,105.381,4
spotify:track:0eLM7cJ6UXieP9sBBXGqhi,"Donguri","Animaru","Mei Semones",2025-05-02,215937,36,false,,2025-12-01T02:59:23Z,"japanese indie,indie jazz","Bayonet Records",0.601,0.0952,1,-17.283,1,0.12,0.95,0.00108,0.109,0.499,97.328,4
spotify:track:3zidJjXGWgKqgQnfb6hKak,"Losing My Way","Losing My Way","FKJ;Tom Misch",2019-10-10,259200,61,false,,2025-11-21T02:33:12Z,"indie soul","FKJ",0.838,0.432,6,-14.398,1,0.228,0.562,0.363,0.0987,0.127,99.978,4
spotify:track:3AtVaaeENM7y8RJcNSTOlG,"중독","Evolution","Kim Jong Kook",2004-06-18,243546,35,false,,2025-11-20T06:26:29Z,"k-ballad","장익덕",0.764,0.638,6,-7.668,1,0.0376,0.424,0,0.348,0.886,110.024,4
spotify:track:2INUkDPCO1eQlOFmIN5VAC,"Shampoo Bottles","You and Your Friends","Peach Pit",2020-04-03,224266,61,true,,2025-11-17T06:00:29Z,"","Columbia",0.648,0.436,8,-9.578,1,0.0275,0.0232,0,0.0944,0.333,107.019,4
spotify:track:4WLrsnIJE7QrwSz5RmBzmB,"This Love of Mine","This Love of Mine","Alex Amen",2025-01-03,221380,52,false,,2025-11-17T05:55:06Z,"","Country Worm Studios",0.467,0.2,1,-17.977,1,0.0343,0.963,0.404,0.104,0.158,131.41,3
spotify:track:4RjpuRmSfzNtuKgqBurPGp,"이등병의 편지","김광석 Best","Kim Kwang Seok",2005-12-12,286106,14,false,,2025-11-12T23:26:32Z,"k-ballad","With 33 Entertainment",0.379,0.194,7,-12.777,1,0.0365,0.859,0,0.0487,0.25,127.397,3
spotify:track:5aKSw3hRnqjuJPraxYwC7o,"자장가","김광석 Best","Kim Kwang Seok",2005-12-12,53666,18,false,,2025-11-12T23:21:03Z,"k-ballad","With 33 Entertainment",0.563,0.091,9,-21.314,0,0.056,0.768,0.748,0.117,0.197,74.823,3
spotify:track:63GUaCau0MkzeQGqcevyHb,"아침이슬","Past Life of 김민기 (6CD Box Set)","김민기",2004-10-21,210207,16,false,,2025-11-12T23:02:35Z,"","학전",0.272,0.235,0,-17.042,1,0.0339,0.959,0.0021,0.128,0.157,82.713,4
spotify:track:5nCXgSTSZXjoq7ooqqhoR4,"Dog song","Vania Junco","Vania Junco",2025-05-23,328624,20,false,,2025-11-12T07:38:51Z,"","Cranefly House",0.156,0.173,3,-16.504,1,0.0369,0.938,0.53,0.168,0.074,209.872,4
spotify:track:5hrBWKM3VDXvq8pTncxhDb,"Say I Haven't Lost It All","Vania Junco","Vania Junco",2025-05-23,121500,27,false,,2025-11-12T07:37:21Z,"","Cranefly House",0.392,0.256,6,-11.797,1,0.0313,0.879,0.0344,0.103,0.0998,135.657,3
spotify:track:11LmqTE2naFULdEP94AUBa,"Heart-Shaped Box","In Utero (Deluxe Edition)","Nirvana",1993-09-21,281160,82,false,,2025-11-12T06:58:31Z,"grunge,rock","Geffen",0.256,0.641,1,-10.283,1,0.0552,0.199,0.0329,0.0853,0.382,203.006,4
spotify:track:0M7mWKqwTIaVjYyxfZmtTa,"Courtesy Of The Red, White And Blue (The Angry American)","Unleashed","Toby Keith",2002-01-01,195533,72,false,,2025-11-12T06:05:56Z,"country,classic country","DreamWorks Nashville",0.424,0.662,2,-5.547,1,0.0425,0.518,0.00000177,0.0719,0.385,111.758,4
spotify:track:2HlcvbdJJyZDLbHtRtqAja,"광화문 연가","이문세 5집","Lee Moon Sae",1988-11-05,223493,39,false,,2025-11-11T21:20:43Z,"k-ballad","(주)킹레코드",0.518,0.227,7,-15.681,0,0.0271,0.774,0.00000557,0.0794,0.116,97.421,3
spotify:track:5BBQdw7AKJanjBC7ZqyKBr,"인연","Blue Swallow","Lee Seung Chul",2005-12-22,281600,44,false,,2025-11-11T21:16:41Z,"k-ballad","Jin & Won Music Works",0.434,0.311,8,-8.107,1,0.038,0.802,0.00000145,0.157,0.0991,66.341,4
spotify:track:4OKJVnIyO8KRq182dstNOI,"이미 슬픈 사랑","Wear To Healing","야다",1999-04-27,243908,52,false,,2025-11-11T21:13:52Z,"k-ballad,k-rock","쿠킹뮤직",0.448,0.545,6,-6.86,1,0.0327,0.0613,0,0.107,0.0798,125.839,4
spotify:track:4YxwPJrGqEnSMZA2f7EnRV,"For Your Soul","For Your Soul","Jo Sung Mo",1999-09-09,263400,35,false,,2025-11-11T21:04:21Z,"k-ballad","Genie Music Corporation",0.392,0.393,5,-7.794,0,0.0589,0.445,0,0.102,0.36,74.953,4
spotify:track:0TjV6Zi66f2ARFRsfd76Jr,"먼지가 되어","김광석 Best","Kim Kwang Seok",2005-12-12,206960,44,false,,2025-11-11T20:59:19Z,"k-ballad","With 33 Entertainment",0.614,0.373,7,-12.066,1,0.0278,0.407,0.0000957,0.0523,0.55,88.961,4
spotify:track:3JdCArvSRYpO5FIgGvpA9Q,"불멸의 사랑","To Heaven","Jo Sung Mo",1998-09-01,276532,35,false,,2025-11-11T20:44:34Z,"k-ballad","Genie Music Corporation",0.428,0.532,4,-7.116,0,0.0332,0.572,0.00000326,0.166,0.14,131.924,4
spotify:track:3TiVCPJrFiBzpAverOkPL1,"소녀","3집 - 난 아직 모르잖아요","Lee Moon Sae",1985-11-20,220053,49,false,,2025-11-11T20:25:58Z,"k-ballad","(주)킹레코드",0.577,0.235,5,-13.24,1,0.0325,0.718,0.000173,0.103,0.175,127.818,4
spotify:track:2Tfv41qZ0U3ahZiKiDBa4a,"10 Minutes","Stylish…","Lee Hyori",2003-08-13,236147,67,false,,2025-11-10T04:55:01Z,"k-pop","DSP media",0.934,0.671,0,-7.253,1,0.0754,0.0464,0,0.085,0.869,96.371,4
spotify:track:6tJQwOhJTw9a6l7C1EEBbP,"Heavy Foot","Heavy Foot","Mon Rovîa",2025-07-25,145058,63,false,,2025-11-06T18:56:57Z,"","Nettwerk Music Group",0.677,0.696,11,-8.805,1,0.0367,0.519,0.0000111,0.085,0.963,149.974,4
spotify:track:1irJhcpldknFoEzcqO75qB,"Rolling Back","Ticket To Shangri-La","Young Gun Silver Fox",2022-10-21,223720,34,false,,2025-11-06T17:53:42Z,"yacht rock,aor","Dream Break",0.722,0.627,5,-8.378,1,0.0288,0.0446,0.000012,0.108,0.971,117.033,4
spotify:track:7iyBmEhGJ5YfdaNKDSNYX7,"Piccolo Amore","QUIT QUIETLY","落日飛車 Sunset Rollercoaster",2025-08-08,280566,47,false,,2025-10-28T04:10:16Z,"taiwanese indie,chinese indie,bedroom pop","WM Taiwan",0.536,0.556,9,-7.691,1,0.0376,0.707,0.725,0.0901,0.665,74.991,4
spotify:track:3A9GSJ9CCOO4JEI3JAiBU3,"Iota","Burn Your Fire For No Witness (Deluxe Edition)","Angel Olsen",2014-11-18,207920,29,false,,2025-10-16T19:38:48Z,"","Jagjaguwar",0.417,0.152,11,-18.56,1,0.0468,0.803,0.00329,0.124,0.0368,124.259,4
spotify:track:5qnVigvU1R795fr1HOSXzY,"Touching Toes","Touching Toes","Olivia Dean",2024-11-15,132000,72,false,,2025-10-11T22:17:13Z,"pop soul","PLG - Capitol",0.568,0.281,2,-8.918,1,0.0519,0.914,0,0.15,0.358,129.038,5
spotify:track:2omiaJwimfJMlcM6yw2YmA,"Come On Let's Go","The Noise Made By People","Broadcast",2000-03-20,197213,54,false,,2025-10-02T22:21:32Z,"dream pop,neo-psychedelic,shoegaze","Warp Records",0.576,0.655,2,-9.669,1,0.029,0.000471,0.1,0.0672,0.336,114.855,4
spotify:track:1qtiESAzfGMw3YqJvI97ki,"Lightenup","Parcels","Parcels",2018-10-12,237227,70,false,,2025-09-30T21:10:40Z,"indie soul","Because Music",0.857,0.658,0,-9.8,1,0.0388,0.015,0.266,0.105,0.703,122.969,4
spotify:track:5qHYXcVvc9xsFB2uH7GpMN,"Kokomo","The Very Best Of The Beach Boys: Sounds Of Summer","The Beach Boys",2003-01-01,217692,72,false,,2025-09-22T01:27:33Z,"baroque pop","Capitol Records",0.682,0.635,0,-10.05,1,0.0346,0.00863,0,0.137,0.927,115.584,4
spotify:track:65sNrvOp2HLlhGTeLJ0nnk,"Being so Normal","Being So Normal","Peach Pit",2018-06-28,220066,56,false,,2025-09-15T19:40:53Z,"","Columbia",0.541,0.583,6,-8.886,0,0.0507,0.674,0.00583,0.125,0.295,148.162,4
spotify:track:2aRlCbFg3nN6ORmd47aUJx,"Stop And Think It Over","Tale Of My Lost Love","Female Species",2021-04-09,178026,50,false,,2025-09-15T09:07:09Z,"psychedelic rock","Numero Group",0.646,0.399,2,-10.7,0,0.0388,0.569,0.23,0.173,0.757,138.366,4
spotify:track:3qWdH6gv7I4LmSIhsHJ6JJ,"Aria","Aria","Eugène Bozza;Gerard McChrystal;Shiroma De Silva",2014-02-18,216920,15,false,,2025-09-14T20:48:56Z,"chamber music,japanese classical","First Hand Records",0.165,0.0296,7,-19.432,0,0.0396,0.995,0.904,0.0564,0.0478,72.344,3
spotify:track:6YO2dalWyZSobXSY3UUPv9,"I'm Your Man","The Land Is Inhospitable and So Are We","Mitski",2023-09-15,209533,63,false,,2025-09-10T15:01:21Z,"","Dead Oceans",0.538,0.272,0,-15.795,1,0.0361,0.902,0.346,0.086,0.111,129.975,4
spotify:track:69t1ffGduov3Bze4gTSBVb,"Hana","Hana","Fujii Kaze",2023-11-02,246699,34,false,,2025-09-10T14:59:05Z,"j-pop","Universal Music LLC",0.769,0.716,5,-8.203,0,0.0429,0.118,0.00659,0.158,0.66,123.031,4
spotify:track:35SRuRfp5BvD1yArmXKNHO,"I Just Threw Out The Love Of My Dreams","Pinkerton - Deluxe Edition","Weezer",1996-09-24,157960,73,false,,2025-09-09T06:47:53Z,"alternative rock","Geffen",0.413,0.967,6,-3.96,0,0.136,0.00176,0.00000109,0.101,0.279,130.451,4
spotify:track:3dHdu2fban1DHShcgPed3l,"Blue Angels","The Fearless Flyers IV","The Fearless Flyers",2024-02-09,270052,45,false,,2025-09-09T05:30:53Z,"funk,jazz funk,jazz fusion,funk rock","Vulf Records",0.816,0.485,2,-7.7,0,0.0617,0.0817,0.849,0.126,0.938,114.037,4
spotify:track:7lirdOcXuV6nIPH1NTNwW8,"Titanic","Up and Away","Σtella;Redinho",2022-06-17,186665,57,false,,2025-08-31T06:48:57Z,"","Sub Pop Records",0.762,0.487,0,-5.964,0,0.0328,0.523,0.34,0.0965,0.818,96.025,4
spotify:track:0ijHEBUBXIJPp5ubUkDLQi,"Million Years Ago","25","Adele",2015-11-20,227065,61,false,,2025-08-28T04:14:14Z,"soft pop","XL Recordings",0.72,0.274,1,-7.623,0,0.0276,0.742,0,0.11,0.179,105.929,4
spotify:track:4IKMZtDIqyQDA6a4YvsgpK,"Say Yes","Either/Or","Elliott Smith",1997-02-25,139000,62,false,,2025-08-17T05:03:42Z,"singer-songwriter","Kill Rock Stars",0.501,0.0903,5,-20.377,1,0.0509,0.866,0.000243,0.11,0.423,153.441,4
spotify:track:1mNOLSQw42abtI2VM7wVRI,"2:45 AM","Either/Or","Elliott Smith",1997-02-25,198973,43,false,,2025-08-17T05:01:53Z,"singer-songwriter","Kill Rock Stars",0.49,0.0856,4,-20.465,0,0.0431,0.782,0.0000967,0.111,0.372,167.289,4
spotify:track:1aMafyDbpEw3a8FrVhwRlg,"Angeles","Either/Or","Elliott Smith",1997-02-25,176826,58,false,,2025-08-17T04:58:58Z,"singer-songwriter","Kill Rock Stars",0.53,0.0993,4,-23.548,0,0.0549,0.859,0.197,0.153,0.588,118.139,4
spotify:track:1pDIEcL6F2iZfgFbwmktw9,"No Name No. 5","Either/Or","Elliott Smith",1997-02-25,223493,48,false,,2025-08-17T04:56:43Z,"singer-songwriter","Kill Rock Stars",0.501,0.194,0,-15.384,1,0.0292,0.304,0.015,0.114,0.147,144.94,4
spotify:track:3UwLPE6LtZwOPQOoFeFI9w,"Blue Highway","Mic City Sons","Heatmiser",1996-01-01,168000,28,false,,2025-08-17T04:38:26Z,"","Astralwerks",0.522,0.837,0,-6.642,1,0.0276,0.0105,0.000681,0.0792,0.771,148.853,4
spotify:track:3n0XfwrAuWdpoV4VNhfL4G,"You Gotta Move","Mic City Sons","Heatmiser",1996-01-01,128000,34,false,,2025-08-17T04:14:00Z,"","Astralwerks",0.676,0.648,5,-7.918,0,0.0242,0.153,0.0595,0.19,0.56,105.496,4
spotify:track:7yYf5GF0jX6M6KywKygE0c,"Plainclothes Man","Mic City Sons","Heatmiser",1996-01-01,208000,50,false,,2025-08-17T03:55:34Z,"","Astralwerks",0.532,0.38,10,-10.526,1,0.0298,0.083,0,0.359,0.317,84.494,4
spotify:track:6MO7ktM6MXBta6EYLG5QFQ,"Bali Ma'ak","Shamat","Lena Chamamyan",2007-10-17,239360,45,false,,2025-08-07T17:28:09Z,"","Forward Music",0.391,0.366,7,-7.397,0,0.03,0.848,0,0.0885,0.293,150.245,4
spotify:track:7cEYxFqiMXub53Gy30oeoX,"Nothing Goes as Planned","Outside","Lamarr Family Values",2025-06-06,223292,0,false,,2025-08-06T01:43:46Z,"","No Seasons",0.951,0.432,11,-6.621,0,0.0881,0.206,0.000892,0.106,0.541,105.016,4
spotify:track:6wYwk3tRHjx17fi9lAFmLX,"Piper Oz the Hound","Piper Oz the Hound","Art Lown",2021-10-29,143722,33,false,,2025-08-05T17:00:14Z,"","Anthology Recordings",0.572,0.542,7,-9.04,1,0.0299,0.699,0.0458,0.0836,0.656,138.209,4
spotify:track:0i2fq5Hdn5dU6a3M638XRw,"Valentine","Hiding in Plain Sight","Drugdealer",2022-10-28,217706,49,false,,2025-08-05T16:53:56Z,"","Mexican Summer",0.796,0.454,5,-11.231,0,0.0369,0.572,0.209,0.209,0.906,129.544,4
spotify:track:1XxRYmDKuABtbtCozx3pA2,"Me & Magdalena","Good Times! (Deluxe Edition)","The Monkees",2016-05-27,213706,54,false,,2025-08-03T23:59:09Z,"","Rhino",0.738,0.43,7,-9.749,1,0.0295,0.377,0.0000103,0.0945,0.374,114.992,4
spotify:track:4GpmzLeUrLirnvzjb1epVy,"Grass - Remastered 2001","Skylarking","XTC",1986,185759,36,false,,2025-08-03T23:49:06Z,"new wave,power pop,post-punk,jangle pop","Virgin Records",0.514,0.612,4,-8.806,1,0.025,0.615,0.000138,0.51,0.246,98.897,4
spotify:track:7mDTvYD2ieE4Q28XFziMfJ,"Cry","Cry","Cigarettes After Sex",2019-10-25,256799,88,false,,2025-07-28T03:00:41Z,"dream pop","Partisan Records",0.408,0.397,7,-10.448,1,0.0274,0.755,0.67,0.112,0.163,142.803,4
spotify:track:1pF2jiDQQ3A70x96mWsyun,"HOLD ME","BAD HAIR DAYS","Cam Rao",2024-07-13,148447,48,false,,2025-07-26T19:25:18Z,"","c!ickm3",0.482,0.786,11,-7.01,0,0.044,0.0163,0.045,0.437,0.451,172.027,4
spotify:track:3CKVYIPPakFRFpEXWiNEZJ,"Symphony in E-Flat Major, Op.1: III. Largo","Stravinsky: Symphony in E-Flat Major, Op. 1","Igor Stravinsky;Columbia Symphony Orchestra",1967,837080,0,false,,2025-07-25T20:26:13Z,"classical,neoclassical,ballet,expressionism,orchestral,impressionism,contemporary classical","Sony Classical",0.0773,0.095,8,-16.838,0,0.0379,0.955,0.878,0.107,0.0343,80.503,4
spotify:track:5tuBenbZ1Or9xENTyOKoGC,"Jonny","Atlanta Millionaires Club","Faye Webster",2019-05-24,226506,73,false,,2025-07-23T15:35:54Z,"","Secretly Canadian",0.609,0.232,6,-11.989,1,0.0272,0.417,0.0187,0.107,0.27,79.821,3
spotify:track:3ht2PBKbkqSJ0XEkQuNHnZ,"First Began","Gumbo","PJ Morton",2017-04-21,233056,45,false,,2025-07-19T00:37:05Z,"neo soul","Morton Records / EMPIRE",0.379,0.186,6,-10.903,1,0.129,0.856,0,0.145,0.339,74.71,4
spotify:track:2JoZzpdeP2G6Csfdq5aLXP,"How Deep Is Your Love","Greatest","Bee Gees",1979-01-01,245200,82,false,,2025-07-19T00:30:26Z,"disco","Bee Gees Catalog",0.633,0.357,5,-9.366,0,0.0264,0.107,0,0.133,0.672,104.938,4
spotify:track:20uy8nxY5KUp6cCAMrQCPR,"How Deep Is Your Luv - Extended Mix","How Deep Is Your Luv","GhostMasters",2022-07-08,269752,48,false,,2025-07-19T00:28:23Z,"funky house,nu disco,disco house","Guareber Recordings",0.807,0.706,5,-4.427,0,0.0358,0.0000214,0.000738,0.081,0.852,121.007,4
spotify:track:2hcAHyxqNd4aMKcmXMKmXx,"Vamoose","The Thrill Of Loneliness","Hana Stretton",2016-09-10,122897,1,false,,2025-07-18T23:38:48Z,"","UTOPIA",0.483,0.13,9,-23.66,0,0.0414,0.969,0.916,0.1,0.198,109.305,3
spotify:track:3ymoICPDNSxHydjDebmmlC,"FLOWERS","FLOWERS","the spaceclerks;JUNO WAV",2025-07-18,161860,0,true,,2025-07-18T23:13:10Z,"","SPACECLERKS MUSIC",0.643,0.676,11,-10.02,0,0.241,0.431,0.00855,0.155,0.561,172.028,4
spotify:track:1FZXwhynIW71oSoo1u20L5,"Elderberry Wine","Elderberry Wine","Wednesday",2025-05-21,215506,25,false,,2025-07-18T05:21:08Z,"alt country","Dead Oceans",0.642,0.704,0,-3.949,1,0.0255,0.0701,0.0000144,0.143,0.372,112.008,4
spotify:track:3BhgD8Kun1fXSW1KYTfnEO,"Lamma Bada Yatathana","The Collection","Lena Chamamyan",2010-10-01,241506,53,false,,2025-07-17T19:38:28Z,"","Forward Music",0.712,0.181,5,-11.415,0,0.0361,0.862,0.00000105,0.0875,0.477,104.012,5
spotify:track:5pTINEtdmUrCN8OacAHaLW,"I Don't Love You Anymore","I Don't Love You Anymore","The Honeysticks;Ricky Montgomery;Caleb Hurst",2018-02-09,225415,44,false,,2025-07-16T18:44:29Z,"","Many Hats Distribution",0.686,0.553,2,-8.826,1,0.0391,0.155,0.482,0.165,0.648,120.047,4
spotify:track:1gpBDeONibvJyQYEv5HJh9,"Drop the Guillotine","Being So Normal","Peach Pit",2018-06-28,219960,58,false,,2025-07-15T22:01:12Z,"","Columbia",0.514,0.881,0,-6.52,1,0.0629,0.0381,0.00000955,0.103,0.577,87.541,4
spotify:track:3vxvz0JoRDvnx2jG9oPljA,"Love You Anyway","Submarine","The Marías",2024-05-31,237133,74,false,,2025-07-15T21:35:58Z,"bedroom pop","Nice Life/Atlantic",0.737,0.457,6,-9.132,1,0.0511,0.531,0.332,0.0881,0.915,144.031,4
spotify:track:1C9go7TazDEYzGkNiOERe6,"Witness","Goodbye Long Winter Shadow","Maia Friedman",2025-05-09,207960,5,false,,2025-07-15T13:52:45Z,"","Last Gang",0.336,0.195,4,-12.916,1,0.0308,0.614,0.000364,0.08,0.156,109.254,4
spotify:track:33BbwWbd7rzJooELnFV9cP,"Iapetus Crater","Goodbye Long Winter Shadow","Maia Friedman",2025-05-09,51567,6,false,,2025-07-15T13:31:13Z,"","Last Gang",0.274,0.0568,4,-18.854,1,0.0371,0.908,0.943,0.202,0.126,85.863,1
spotify:track:14Mwy14kJCkFIuTuLzDr8V,"RIGHT BETWEEN THE EYES","AND THEY MINE FOR OUR BODIES","Gao the Arsonist",2024-10-18,216960,40,true,,2025-07-13T05:59:52Z,"sludge metal","Gao the Arsonist / Good Problems",0.263,0.798,10,-1.047,1,0.146,0.236,0,0.321,0.195,60.618,4
spotify:track:6OiRh4kttAs1YWglvTcYkB,"Alrighty Aphrodite","Being So Normal","Peach Pit",2018-06-28,207813,68,false,,2025-07-13T05:24:05Z,"","Columbia",0.534,0.724,6,-4.675,0,0.0495,0.00605,0.0929,0.108,0.503,81.846,4
spotify:track:3Cog1j8v5SdRzpVpCgDiLA,"Tzigane, M. 76","Schubert, Tchaikovsky, Debussy & Others: Chamber Works","Maurice Ravel;Maxim Vengerov;Irina Vinogradova",2017-09-15,569800,0,false,,2025-07-10T00:49:52Z,"impressionism,classical,classical piano,neoclassical,concerto","Biddulph Recordings",0.391,0.129,2,-20.257,1,0.0515,0.95,0.46,0.105,0.113,127.993,4
spotify:track:54xi7Mwi4NinHaJqsODv21,"Partita No. 2 for Solo Violin in D Minor, BWV 1004: III. Sarabande","Bach: Sonatas And Partitas","Johann Sebastian Bach;Nathan Milstein",1975-01-01,241000,6,false,,2025-07-10T00:48:58Z,"classical,baroque,classical piano,concerto,chamber music","Deutsche Grammophon (DG)",0.187,0.12,2,-18.657,0,0.0446,0.989,0.102,0.179,0.331,100.496,3
spotify:track:75YBhlKY2trI0XWDuK3Dzx,"Partita No. 2 for Solo Violin in D Minor, BWV 1004: I. Allemande","Bach: Sonatas And Partitas","Johann Sebastian Bach;Nathan Milstein",1975-01-01,245000,7,false,,2025-07-10T00:48:05Z,"classical,baroque,classical piano,concerto,chamber music","Deutsche Grammophon (DG)",0.315,0.0902,2,-18.387,0,0.0681,0.994,0.00337,0.131,0.755,142.076,4
spotify:track:0rYhv9ti1rgjlRJaeXdzLw,"Violin Partita No. 2 in D Minor, BWV 1004: III. Sarabande","Hilary Hahn Plays Bach","Johann Sebastian Bach;Hilary Hahn",1997,284106,27,false,,2025-07-10T00:46:19Z,"classical,baroque,classical piano,concerto","Sony Classical",0.204,0.0613,0,-22.321,1,0.044,0.99,0.0374,0.0876,0.212,82.261,4
spotify:track:4xZQwsPduoRrKFQWjzoPPh,"Over You","Shame on the World","The Main Ingredient",1975,258586,16,false,,2025-07-06T17:36:01Z,"classic soul,philly soul","RCA/Legacy",0.352,0.727,5,-7.383,1,0.051,0.196,0.0000322,0.644,0.502,187.712,4
spotify:track:6hKlyyrwVXMh5zorRlpX0N,"Old Greyhound","Shame on the World","The Main Ingredient",1975,243693,10,false,,2025-07-06T17:34:59Z,"classic soul,philly soul","RCA/Legacy",0.786,0.781,11,-7.155,0,0.122,0.098,0.0000767,0.0367,0.813,127.704,4
spotify:track:3WznRlBNvONR3X3vA3fyse,"Let Me Prove My Love to You","Shame on the World","The Main Ingredient",1975,219146,54,false,,2025-07-06T17:22:56Z,"classic soul,philly soul","RCA/Legacy",0.533,0.599,7,-10.246,1,0.0365,0.432,0.0000552,0.131,0.708,147.035,4
spotify:track:0rT9f5BSZrZ6DvzfBEckG0,"Butterflies","Invincible","Michael Jackson",2001-10-29,280546,64,false,,2025-07-06T17:17:35Z,"","Epic",0.708,0.655,8,-2.69,1,0.0883,0.0583,0.0000021,0.11,0.545,89.99,4
spotify:track:397fxHew7NyjryGWGr1Imy,"Baby, This Love I Have","Adventures In Paradise","Minnie Riperton",1975-05-22,250866,65,false,,2025-07-06T17:12:51Z,"","CAPITOL CATALOG MKT (C92)",0.59,0.438,6,-12.594,0,0.0508,0.292,0.00216,0.103,0.727,83.506,4
spotify:track:6fuNkW8WUu8L0F47yb3Gl4,"Don't Waste Your Time","New Beginning","SWV",1996-04-23,237173,25,false,,2025-07-06T02:37:21Z,"new jack swing,r&b","RCA Records Label",0.714,0.431,6,-7.827,0,0.0334,0.244,0.00236,0.0308,0.481,88.026,4
spotify:track:0eaFLDVwAM7w9emaM0UKyE,"Love Is So Amazin'","New Beginning","SWV",1996-04-23,360360,30,false,,2025-07-06T02:07:51Z,"new jack swing,r&b","RCA Records Label",0.672,0.511,1,-8.146,1,0.0248,0.41,0,0.0609,0.583,110.036,4
spotify:track:1mc2lpdp1a6gjo1YjcZnsc,"You Are My Love","New Beginning","SWV",1996-04-23,295293,30,false,,2025-07-06T01:17:13Z,"new jack swing,r&b","RCA Records Label",0.651,0.508,2,-8.412,1,0.0267,0.19,0.0000141,0.081,0.322,119.891,4
spotify:track:1ovXQ9GMVyoWOWOxRHM8GO,"Fine Time","New Beginning","SWV",1996-04-23,272533,39,false,,2025-07-06T01:16:56Z,"new jack swing,r&b","RCA Records Label",0.749,0.437,0,-12.059,1,0.0445,0.151,0.00000755,0.0685,0.5,125.012,4
spotify:track:67ZorjDM25q7bETfLbHdfS,"You're the One","New Beginning","SWV",1996-04-23,282600,55,false,,2025-07-06T01:15:58Z,"new jack swing,r&b","RCA Records Label",0.79,0.608,6,-7.151,1,0.0363,0.522,0.00491,0.193,0.958,94.166,4
spotify:track:1iXtpeHC0i6c7JBrKi3yaq,"Use Your Heart","New Beginning","SWV",1996-04-23,289000,60,false,,2025-07-06T01:15:35Z,"new jack swing,r&b","RCA Records Label",0.623,0.479,9,-8.457,1,0.0389,0.17,0.00561,0.341,0.602,73.968,4
spotify:track:5cqBLGTic49hsZSPflkQV1,"Kill Me","Kill Me","Bosudongcooler",2018-04-20,242438,35,false,,2025-07-06T01:10:17Z,"k-rock","Boiler Record",0.593,0.576,0,-7.39,1,0.0262,0.128,0.00495,0.0862,0.398,75.033,4
spotify:track:1tVns3cKYyfKbcR55f9B2G,"Jello and Juggernauts","Unknown Mortal Orchestra","Unknown Mortal Orchestra",2011-06-21,203653,29,false,,2025-07-01T05:30:43Z,"neo-psychedelic","Fat Possum",0.727,0.582,0,-3.932,0,0.0354,0.546,0.834,0.0965,0.333,96.231,4
spotify:track:7gyEo8okigsNt9Nn2ArUWR,"It Might Have To Be You","It Might Have To Be You","Vulfmon;Evangeline",2024-11-14,167855,24,false,,2025-06-29T23:34:18Z,"","Vulf Records",0.914,0.396,10,-8.532,1,0.0635,0.618,0.00191,0.125,0.747,105.009,4
spotify:track:6MpF8w7nEqtmAqsIddOAgC,"New Flowers","Goodbye Long Winter Shadow","Maia Friedman",2025-05-09,172543,20,false,,2025-06-29T22:03:59Z,"","Last Gang",0.476,0.395,4,-8.874,0,0.0279,0.495,0.0245,0.152,0.224,71.061,4
spotify:track:2BHj31ufdEqVK5CkYDp9mA,"Mayonaka no Door / Stay With Me","Miki Matsubara Best Collection","Miki Matsubara",2008,312293,77,false,,2025-06-28T16:27:53Z,"city pop,j-pop","PONY CANYON INC.",0.658,0.747,5,-6.615,1,0.0431,0.176,0.00000849,0.0789,0.792,108.259,4
spotify:track:4F9poSXIBwCZDeOXbvtwby,"It Smells Like Bootyhole On Mars...Bring Me Back To Earth!","It Smells Like Bootyhole On Mars...Bring Me Back To Earth!","DJ Pirna;Former City Records",2024-01-19,228629,24,false,,2025-06-22T20:57:37Z,"miami bass,footwork,g-house,breakbeat","Former City Records",0.748,0.861,9,-5.205,1,0.0671,0.0103,0.542,0.0618,0.918,141.023,4
spotify:track:4ywWJqYKOwaVVh9xXARWUS,"Tangerine - Remaster","Led Zeppelin III (Remaster)","Led Zeppelin",1970,191827,67,false,,2025-06-10T19:50:47Z,"classic rock,rock,hard rock,rock and roll","Atlantic Records",0.306,0.398,6,-12.767,1,0.0412,0.0857,0.0000602,0.0756,0.0948,85.622,4
spotify:track:6Mx73ILJjU7tZ8WIhvaVos,"Will Ye Go, Lassie Go?","Sinners (Original Motion Picture Soundtrack)","Lola Kirke;Peter Dreams;Brian Dunphy;Darren Holden;Jack O’Connell;Sinners Movie",2025-04-18,259200,58,false,,2025-06-06T23:28:18Z,"southern gothic","Masterworks",0.618,0.253,0,-9.573,1,0.0264,0.91,0.000124,0.117,0.381,90.054,4
spotify:track:6E3J3TZPED1Znyyr7JBqNm,"LYNX","NO SEASONS","Lamarr Family Values;Genrefluid",2021-05-28,247173,2,false,,2025-06-06T20:33:33Z,"","No Seasons",0.807,0.509,7,-9.394,0,0.0583,0.765,0.0366,0.075,0.969,146.008,4
spotify:track:5g2PizjdPpDbITvZfwu4KN,"40's","World's Fair","Julian Lage",2015-02-03,230066,38,false,,2025-06-06T19:38:20Z,"jazz","Modern Lore Records",0.562,0.113,5,-17.841,1,0.0441,0.966,0.927,0.111,0.117,132.974,4
spotify:track:4zmJW5SgjcZx04xxJx5UBg,"Alone Again, Naturally","Here We Go Jack","Vulfmon;Monica Martin;MAE.SUN",2022-08-05,211672,45,false,,2025-06-01T01:36:12Z,"","Vulf Records",0.401,0.25,11,-14.77,1,0.111,0.955,0.00206,0.112,0.271,78.206,4
spotify:track:296tPbbfDBBWfCmQeZ3s6K,"Don't Take the Night Away","The Chris Rainbow Anthology - 1974-1981","Chris Rainbow",2010-04-19,249986,46,false,,2025-05-30T18:39:24Z,"","Vital Spark Music",0.257,0.527,0,-5.648,1,0.0294,0.544,0.0000429,0.108,0.166,134.52,4
spotify:track:6SdWEzX5FGiRe9yfSVfmtZ,"Love Songs","27 Demos","Margo Guryan",2014-01-01,173880,39,false,,2025-05-30T18:34:59Z,"baroque pop","Numero Group",0.624,0.302,10,-11.987,1,0.0381,0.941,0.0316,0.104,0.515,98.981,4
spotify:track:1nFFFMgrtKN4Tq8WL28qlm,"Vals Poético (feat. Los Macorinos) - Instrumental","Musas (Un Homenaje al Folclore Latinoamericano en Manos de Los Macorinos, Vol. 1)","Natalia Lafourcade;Los Macorinos",2017-05-05,197986,44,false,,2025-05-30T18:15:15Z,"latin folk,bolero,latin indie,latin alternative,latin folklore,trova","Columbia",0.565,0.155,7,-17.179,1,0.0443,0.981,0.922,0.111,0.201,107.976,4
spotify:track:3L0JDlycMhSA7R0M0OfNIY,"Ay No Puedo","Submarine","The Marías",2024-05-31,181546,70,false,,2025-05-30T18:11:57Z,"bedroom pop","Nice Life/Atlantic",0.867,0.458,6,-10.521,0,0.0443,0.623,0.704,0.111,0.663,121.04,4
spotify:track:26nkboSGZauLZQJo2Ni1vA,"ベサメ・ムーチョ","Romance Latino vol.3 -Cuba Caliente Y Su Ritmo Sabroso-","Lisa Ono",2005-08-19,199973,65,false,,2025-05-30T18:11:41Z,"bossa nova,bolero","EMI MUSIC JAPAN INC.",0.913,0.29,0,-13.444,0,0.0504,0.738,0.00389,0.0949,0.804,113.047,4
spotify:track:1Xtz05nIgJiEYdncfd1w8h,"Soledad y el Mar (feat. Los Macorinos)","Musas (Un Homenaje al Folclore Latinoamericano en Manos de Los Macorinos, Vol. 1)","Natalia Lafourcade;Los Macorinos",2017-05-05,214546,66,false,,2025-05-30T18:00:46Z,"latin folk,bolero,latin indie,latin alternative,latin folklore,trova","Columbia",0.726,0.177,1,-14.824,0,0.0353,0.896,0.00000214,0.116,0.618,92.934,4
spotify:track:0qqRwBkq7oWv6QnIRLfQKe,"Do You Feel Like We Do - Live","Frampton Comes Alive! (35th Anniversary Deluxe Edition)","Peter Frampton",1976,826813,52,false,,2025-05-30T01:57:51Z,"classic rock","A&M",0.319,0.661,0,-8.548,1,0.0334,0.0389,0.0039,0.886,0.325,106.189,4
spotify:track:66Na5UQFoflI7tXMtgUhSY,"Try","Cookbook","John Andrews & The Yawns",2021-05-14,212884,13,false,,2025-05-30T00:18:58Z,"space rock","Woodsist",0.581,0.396,2,-10.531,1,0.031,0.771,0.00253,0.211,0.595,72.893,4
spotify:track:7L2lu4y3E6WlcDBJqWkX10,"River of Doubt","Cookbook","John Andrews & The Yawns",2021-05-14,256444,24,false,,2025-05-30T00:01:51Z,"space rock","Woodsist",0.459,0.527,7,-10.1,1,0.0388,0.398,0,0.387,0.617,120.798,4
spotify:track:48lN7wiled8DXlTIwlpUCV,"Didn't Wanna Have to Do It","Parade of Broken Hearts (Heartbreaks By the Number)","Cass Elliot",2008-08-30,218106,13,false,,2025-05-27T22:45:28Z,"","Iris Music Group",0.294,0.319,8,-14.56,1,0.0546,0.716,0.00292,0.14,0.184,51.727,4
spotify:track:4AajxCEwGEsmHmT4H1TwjY,"undressed","undressed","sombr",2025-03-21,182088,83,false,,2025-05-25T01:56:48Z,"","Warner Records",0.642,0.887,0,-3.883,1,0.0406,0.137,0,0.0829,0.888,115.999,4
spotify:track:15irEKZ9D6FQqLoZ1qJ1Cx,"Faust Arp","In Rainbows","Radiohead",2007-12-28,129679,63,false,,2025-05-24T00:57:10Z,"art rock,alternative rock","XL Recordings",0.337,0.288,9,-13.477,0,0.0321,0.84,0.199,0.0964,0.225,105.036,4
spotify:track:3nL4XPPA0k2BCfaAxoUiZw,"In From Japan","Revealer","Madison Cunningham",2022-09-09,262934,30,false,,2025-05-19T05:40:45Z,"","Verve Forecast",0.533,0.651,5,-6.763,0,0.0289,0.351,0.127,0.537,0.424,88.485,3
spotify:track:3ChXTNUIdmlFStxCtM3Q6a,"I Love The Nightlife","FauxDiva XX","Alicia Bridges",2008-01-01,337373,45,false,,2025-05-19T05:32:28Z,"disco","A. Bridges Ltd. FDXXcwp",0.519,0.655,0,-5.837,1,0.0449,0.315,0.8,0.137,0.892,125.177,4
spotify:track:3koCCeSaVUyrRo3N2gHrd8,"Let's Groove","Raise!","Earth, Wind & Fire",1981-11-14,339018,82,false,,2025-05-19T05:31:52Z,"funk,disco","Legacy Recordings",0.869,0.648,11,-8.698,0,0.0633,0.121,0.0000217,0.126,0.9,125.035,4
spotify:track:2eJkNWs4VkS238Lasvt04A,"The Flying Dutchmen","Jimmy The Kid","Jimmy Rosenberg;Hot Club De Norvege;Jon Larsen",2005-12-08,279773,3,false,,2025-05-19T05:30:07Z,"swing music,french jazz","Hot Club Records",0.676,0.322,5,-10.144,1,0.0426,0.913,0.846,0.108,0.348,114.171,4
spotify:track:6RNDeRnWsRMjPdNVgupZCs,"I Just Called To Say I Love You","At The Close Of A Century","Stevie Wonder",1999-11-23,262240,78,false,,2025-05-19T05:24:59Z,"motown,classic soul,soul","UNI/MOTOWN",0.748,0.551,1,-9.054,1,0.0239,0.243,0.00000157,0.0943,0.65,113.535,4
spotify:track:6TN7D8b2r2hWAFrk5D9oxX,"Townie","Bury Me At Makeout Creek","Mitski",2014-11-11,205080,60,false,,2025-05-19T05:08:22Z,"","Dead Oceans",0.31,0.884,1,-3.484,1,0.0566,0.0000113,0.00000303,0.121,0.276,137.762,4
spotify:track:5Y83ottE4aKu09VYQR7dn4,"Something To You","Lady & The Champs","Natalie Wilson",2024-10-04,252699,37,false,,2025-05-19T04:56:00Z,"","5185324 Records DK2",0.582,0.571,9,-8.299,1,0.0383,0.108,0.000784,0.0603,0.521,70.171,4
spotify:track:2kPYU6yN0LfBZC67J45MJg,"Honey","Raw Honey","Drugdealer;Weyes Blood",2019-04-19,268146,56,false,,2025-05-18T15:14:40Z,"art pop,baroque pop","Mexican Summer",0.636,0.518,6,-9.479,1,0.0282,0.351,0.0000555,0.263,0.511,145.031,4
spotify:track:0jmKzJmUEKNbC7eU8YfOiA,"Mayonaise - 2011 Remaster","Siamese Dream (Deluxe Edition)","The Smashing Pumpkins",1993,348773,69,false,,2025-05-14T20:24:37Z,"alternative rock,rock","Virgin Records",0.482,0.528,10,-10.426,1,0.0272,0.000107,0.543,0.0839,0.0882,146.043,4
spotify:track:2Ll9VtmKPqyA09NnNEO6r7,"Walkin'","Walkin' b/w It's Gone","Patti Whipp",1969-01-01,154649,37,false,,2025-05-13T15:42:46Z,"","Numero Group",0.457,0.229,4,-18.219,1,0.0364,0.706,0.586,0.11,0.634,136.018,4
spotify:track:3JLrri1xSCui3bzITDJbkk,"The Rain Song - Remaster","Houses of the Holy (Remaster)","Led Zeppelin",1973-03-28,459093,60,false,,2025-05-12T19:41:52Z,"classic rock,rock,hard rock,rock and roll","Atlantic Records",0.336,0.318,0,-11.412,1,0.0263,0.317,0.0716,0.111,0.24,79.66,4
spotify:track:1BI3TOb107VToPovrraoU2,"Ashes of American Flags","Yankee Hotel Foxtrot","Wilco",2003-10-07,284026,38,true,,2025-05-12T19:35:49Z,"alt country,americana,indie rock","Nonesuch",0.344,0.351,2,-12.206,1,0.0342,0.879,0.221,0.0791,0.206,67.017,4
spotify:track:4wd09wCccmxUB7XVJp0RNn,"Jesus, Etc.","Yankee Hotel Foxtrot","Wilco",2003-10-07,231000,54,false,,2025-05-12T19:32:28Z,"alt country,americana,indie rock","Nonesuch",0.756,0.28,5,-14.27,1,0.0296,0.616,0.00033,0.414,0.695,109.413,4
spotify:track:5y4MDqm1PYa2T1vT6vboJI,"Radio Cure","Yankee Hotel Foxtrot","Wilco",2003-10-07,308533,38,false,,2025-05-12T19:30:25Z,"alt country,americana,indie rock","Nonesuch",0.481,0.201,9,-15.272,1,0.0344,0.532,0.0126,0.111,0.159,79.072,4
spotify:track:1CZR9j4cF4r2uuCpiMdsX5,"Fire In The Hole","Can't Buy A Thrill","Steely Dan",1972-11-01,209767,57,false,,2025-05-12T15:26:45Z,"yacht rock,classic rock","Geffen",0.557,0.306,3,-20.013,1,0.0339,0.585,0.000377,0.054,0.474,73.143,4
spotify:track:1x1XQqhBViz4opcpwc7FVs,"Reelin' In The Years","Can't Buy A Thrill","Steely Dan",1972-11-01,277467,73,false,,2025-05-12T15:26:16Z,"yacht rock,classic rock","Geffen",0.494,0.54,2,-17.34,1,0.0348,0.154,0,0.0878,0.723,134.976,4
spotify:track:3IvTwPCCjfZczCN2k4qPiH,"Dirty Work","Can't Buy A Thrill","Steely Dan",1972-11-01,190065,74,false,,2025-05-12T15:25:42Z,"yacht rock,classic rock","Geffen",0.582,0.214,1,-17.83,1,0.0315,0.767,0.00000207,0.122,0.515,72.794,4
spotify:track:1p5EsWY8zQfw7eAMt1uMwy,"Haitian Divorce","The Very Best Of Steely Dan","Steely Dan",2009-01-01,351160,28,false,,2025-05-12T15:24:35Z,"yacht rock,classic rock","UMC (Universal Music Catalogue)",0.723,0.58,4,-9.427,0,0.0655,0.285,0.00000277,0.0419,0.888,148.422,4
spotify:track:5QicuiY2PNMKzMYMfwSM1h,"The Rain Falls Down","Calm Before...","The Rising Storm",2018-01-12,205853,38,false,,2025-05-12T15:23:58Z,"psychedelic rock","Sundazed Music / Modern Harmonic",0.463,0.291,4,-15.845,0,0.0317,0.764,0.832,0.108,0.252,113.742,4
spotify:track:2cpPgBD4PqCnHRinkdmCas,"Big Boss Man","Calm Before...","The Rising Storm",2018-01-12,179946,17,false,,2025-05-12T15:23:12Z,"psychedelic rock","Sundazed Music / Modern Harmonic",0.406,0.55,4,-12.1,1,0.0682,0.841,0.02,0.151,0.856,162.294,4
spotify:track:4TgB0vEpfbJ7Zma4So1Cjl,"To L.N. / Who Doesn't Know","Calm Before...","The Rising Storm",2018-01-12,195226,36,false,,2025-05-12T15:19:28Z,"psychedelic rock","Sundazed Music / Modern Harmonic",0.42,0.285,9,-17.528,1,0.0287,0.935,0.108,0.113,0.491,100.211,4
spotify:track:091NIVbaHI7FLkosTNnewd,"I'm Amazed","Piper Oz the Hound","Art Lown",2021-10-29,106440,31,false,,2025-05-12T15:18:18Z,"","Anthology Recordings",0.509,0.694,9,-8.868,1,0.0435,0.764,0.0171,0.198,0.928,152.808,4
spotify:track:2BA6SfhtVHxIwM1H7Mi45N,"Going Back to Carolina","Piper Oz the Hound","Art Lown",2021-10-29,132702,32,false,,2025-05-12T15:17:16Z,"","Anthology Recordings",0.473,0.631,2,-8.98,1,0.0352,0.844,0.00941,0.0965,0.918,161.962,4
spotify:track:6hwa35oki7gjruf659dmWN,"Perhaps Maybe","Adventure","OOHYO",2015-10-07,237377,32,false,,2025-05-10T17:41:22Z,"","XMG",0.591,0.53,9,-8.973,0,0.0262,0.489,0.0212,0.141,0.44,139.837,4
spotify:track:3Bw3v2zZpA1Yo5faG2WYON,"5 a.m.","Begin","The Millennium",1968,159760,44,false,,2025-05-10T17:35:57Z,"baroque pop","Legacy Recordings",0.57,0.517,9,-12.352,1,0.0312,0.717,0.671,0.149,0.619,122.871,4
spotify:track:4bItM9JvkuskaPvGiDiUJd,"순간","Slow Diving Table","Sogyumo Acacia Band",2013-06-26,207960,19,false,,2025-05-10T17:28:31Z,"","파스텔뮤직",0.673,0.47,0,-16.698,1,0.0382,0.652,0.662,0.0545,0.606,100.021,4
spotify:track:4zQ8Y3TeQ98xWm20ebX3Cc,"Spring","Now","Kim Jung Mi",1973,303773,47,false,,2025-05-10T17:00:51Z,"","Lion Productions",0.298,0.278,4,-14.879,0,0.0351,0.862,0.396,0.113,0.348,142.847,4
spotify:track:7M4zNujNmUxAzXmQHlQ687,"FOREVER","FOREVER","ElgVilleda",2025-01-25,192029,17,false,,2025-05-06T11:22:33Z,"","ElgVilleda",0.474,0.602,6,-6.304,1,0.0329,0.435,0.635,0.229,0.279,170.034,3
spotify:track:5AJJfzvUCXY3dpe5X9lPPO,"Virtue Column","American Seraphim","American Seraphim",2024-06-05,449871,0,false,,2025-05-05T18:55:51Z,"","Trivial Records",0.333,0.267,0,-19.098,1,0.042,0.896,0.0311,0.121,0.088,86.205,4
spotify:track:59uB0hD8JtxgdEuV3CNgrD,"Walk Like This","Access All Areas","FLO",2024-11-15,197493,58,true,,2025-05-01T21:20:58Z,"uk r&b","Universal-Island Records Ltd.",0.625,0.778,6,-5.659,0,0.0869,0.0376,0.00000202,0.195,0.754,98.424,4
spotify:track:4P36g6o3poLyhEQRZOZhGZ,"Check","Access All Areas","FLO",2024-11-15,165106,57,false,,2025-05-01T21:20:10Z,"uk r&b","Universal-Island Records Ltd.",0.581,0.795,4,-5.534,0,0.0449,0.176,0,0.351,0.393,140.999,4
spotify:track:0sl8U261RIg7Qt0RkCNseu,"Rainbow Nation","Rainbow Nation","Aphi Tenza",2025-04-27,144544,0,true,,2025-05-01T21:19:32Z,"","4664708 Records DK",0.487,0.602,1,-9.158,1,0.335,0.256,0.0000482,0.16,0.504,179.843,4
spotify:track:4l9xe2rcwWctjrI43UFkgA,"In My Bag (feat. GloRilla)","Access All Areas","FLO;GloRilla",2024-11-15,188348,59,true,,2025-05-01T21:15:03Z,"uk r&b","Universal-Island Records Ltd.",0.606,0.733,7,-4.501,1,0.0628,0.0206,0,0.203,0.68,155.012,4
spotify:track:5TDZyWDfbQFQJabbPwImVY,"Dreams - 2004 Remaster","Rumours","Fleetwood Mac",1977-02-04,257800,66,false,,2025-04-28T14:43:15Z,"classic rock,yacht rock,soft rock","Rhino/Warner Records",0.829,0.487,0,-9.751,1,0.0278,0.0671,0.00263,0.127,0.776,120.173,4
spotify:track:6HwGArIkZpSzS3xd7U5d4Y,"夏なんです","CITY/はっぴいえんどベスト・アルバム","Happy End",1973-09-01,196041,0,false,,2025-04-28T12:54:04Z,"kayokyoku,city pop,shibuya-kei","KING RECORDS",0.732,0.309,7,-11.03,1,0.0438,0.469,0.0000102,0.181,0.572,132.326,4
spotify:track:6KmhesUSrcoAtSTFdwgg2M,"風来坊","CITY/はっぴいえんどベスト・アルバム","Happy End",1973-09-01,211827,6,false,,2025-04-28T12:44:19Z,"kayokyoku,city pop,shibuya-kei","KING RECORDS",0.463,0.532,2,-11.342,1,0.0365,0.488,0.879,0.084,0.556,141.706,4
spotify:track:1XY3Gc5ayqkiV8esjFiGpI,"抱きしめたい","CITY/はっぴいえんどベスト・アルバム","Happy End",1973-09-01,215387,0,false,,2025-04-28T12:08:46Z,"kayokyoku,city pop,shibuya-kei","KING RECORDS",0.573,0.534,9,-10.378,1,0.0379,0.0253,0.00178,0.0907,0.774,142.486,4
spotify:track:3xDuTvZt42cLoqA6qPWsKh,"Where Did You Sleep Last Night (In the Pines)","Volume I: Shitty Prepared and Country Solo Guitar (Winter 2016)","Christian Cail",2024-05-07,292222,0,false,,2025-04-28T11:22:07Z,"","Trivial Records",0.534,0.379,9,-6.305,1,0.0478,0.916,0.268,0.138,0.535,79.699,4
spotify:track:186VrYnkjNojfCxIqVoVUY,"Lick You Like a Dog","American Seraphim","American Seraphim",2024-06-05,481193,1,false,,2025-04-28T11:19:32Z,"","Trivial Records",0.309,0.264,5,-16.437,1,0.0344,0.924,0.55,0.0728,0.0857,92.89,4
spotify:track:2Nbts2INuaIwLzPgicAnfL,"Sunshine Bright","American Seraphim","American Seraphim",2024-06-05,514831,2,false,,2025-04-28T11:16:03Z,"","Trivial Records",0.364,0.259,7,-16.536,1,0.0317,0.827,0.0162,0.275,0.133,90.552,4
spotify:track:5EATDz5G4QvKMx4qhXziqz,"Salivate","I Am The Dog","Sir Chloe",2023-05-19,147171,45,false,,2025-04-26T20:03:36Z,"","Atlantic Records",0.417,0.697,0,-5.508,1,0.0378,0.00186,0.00496,0.313,0.509,180.082,4
spotify:track:7fmqJC1yi3tyys0l72F9Ya,"I Don't Wanna Be Funny Anymore","No Burden","Lucy Dacus",2016-02-16,163292,47,false,,2025-04-26T19:39:23Z,"","Matador",0.596,0.769,8,-8.033,1,0.0368,0.126,0.924,0.221,0.334,134.887,4
spotify:track:5Oi17lFkduMXGUl8yAk6Rm,"Outro Freestyle/4ever","Apollo XXI","Steve Lacy",2019-05-24,374352,42,true,,2025-04-15T14:21:19Z,"","3qtr",0.419,0.586,9,-6.198,0,0.0556,0.0986,0.0000182,0.116,0.0767,124.882,3
spotify:track:6zw581XY0OYRbqRXYI5L2u,"I Just Can't Neglect You","Piper Oz the Hound","Art Lown",2021-10-29,164536,34,false,,2025-04-15T14:10:01Z,"","Anthology Recordings",0.532,0.506,5,-9.712,1,0.0253,0.793,0.0763,0.116,0.764,91.353,4
spotify:track:3dE8fLGyauTcpHh4DeWIjQ,"Please Don't Tell Me That You Love Me","Piper Oz the Hound","Art Lown",2021-10-29,140596,29,false,,2025-04-15T13:59:57Z,"","Anthology Recordings",0.588,0.622,2,-9.028,1,0.03,0.694,0,0.137,0.955,88.95,4
spotify:track:2fF1a2k5TX0hpzcRv8YQCd,"Dumb Feeling","Dumb Feeling","Mei Semones",2025-02-04,190264,42,false,,2025-04-13T17:21:43Z,"japanese indie,indie jazz","Bayonet Records",0.43,0.446,5,-10.585,1,0.0436,0.882,0.00915,0.148,0.266,98.347,4
spotify:track:4pwJ6OujVQL3IpCr8KeXIg,"Nobody New","Back To Me","The Marías",2025-04-04,215200,71,false,,2025-04-13T16:21:40Z,"bedroom pop","Nice Life/Atlantic",0.648,0.462,6,-10.491,0,0.0258,0.897,0.193,0.117,0.48,77.007,4
spotify:track:6idk9z9D8kfNYFantFL2gC,"Break My Heart","Break My Heart","The McCharmlys",2025-02-11,161290,35,false,,2025-04-13T03:03:08Z,"","Nu-Tone",0.638,0.612,7,-7.747,1,0.0237,0.561,0.00000385,0.0685,0.885,102.118,4
spotify:track:6qr8JNz52wIcNapAqoqfHf,"Tu Serás Mi Baby","Always Be (My Baby) / Tu Serás Mi Baby","The McCharmlys",2023,162500,30,false,,2025-04-13T03:02:32Z,"","Nu-Tone",0.456,0.599,4,-5.139,1,0.0296,0.0797,0,0.667,0.922,128.672,4
spotify:track:0r90lCUSR9WKHR9QpBRIgp,"could i get what i want","could i get what i want","Starberry",2024-11-15,193846,0,false,,2025-04-13T02:57:59Z,"","1299469 Records DK",0.771,0.443,10,-7.839,1,0.029,0.753,0.00179,0.197,0.554,104.016,4
spotify:track:4U9ZjqhaGF9wl56899E4sW,"Besties","Forever Howlong","Black Country, New Road",2025-04-04,216757,55,false,,2025-04-11T20:00:14Z,"art rock,post-rock","Ninja Tune",0.463,0.582,5,-6.868,1,0.0305,0.0445,0.0000108,0.113,0.465,145.86,4
spotify:track:7KPKm79L0l0OezFxuOVkUB,"The Love You Left Behind","Coronation","Pump Action",2022-04-15,266182,37,false,,2025-04-11T18:53:07Z,"","Castle Records",0.642,0.586,1,-6.272,1,0.0327,0.108,0.0000454,0.0461,0.668,90.037,4
spotify:track:6PUf29LsdAd32kWdayCg54,"Strangers","Coronation","Pump Action",2022-04-15,292131,16,false,,2025-04-11T18:46:59Z,"","Castle Records",0.657,0.369,4,-8.089,1,0.0294,0.128,0,0.129,0.266,108.015,3
spotify:track:76gUJWx1kKv44kz33OKB95,"Temporarily","Coronation","Pump Action",2022-04-15,235801,23,false,,2025-04-11T17:39:22Z,"","Castle Records",0.715,0.533,4,-7.215,1,0.0413,0.371,0.0000464,0.379,0.565,132.052,4
spotify:track:64sCKMP4bvGH2ADLp1Cgt4,"Diamond In Disguise","Coronation","Pump Action",2022-04-15,236475,25,false,,2025-04-11T17:33:11Z,"","Castle Records",0.517,0.767,6,-5.888,0,0.0452,0.0754,0,0.174,0.586,189.89,4
spotify:track:4E0P1xs3JNmsNr5c5nFTZJ,"Back To Me","Back To Me","The Marías",2025-04-04,214800,80,false,,2025-04-07T20:10:22Z,"bedroom pop","Nice Life/Atlantic",0.456,0.488,9,-8.518,1,0.0275,0.469,0.0326,0.123,0.244,143.827,4
spotify:track:1jecO8NeYLsVWVptITz4c1,"Tú","Tú","maye",2019-09-06,206611,67,false,,2025-04-07T19:53:35Z,"latin indie,latin alternative","EO Entertainment & Pink Poetry",0.732,0.555,5,-7.973,1,0.0326,0.627,0,0.112,0.73,114.982,4
spotify:track:2Lwe7PQk7mROzGezTrRVap,"Missin Out","Sonder Son","Brent Faiyaz",2017-10-13,233340,62,true,,2025-04-07T15:50:16Z,"r&b","Lost Kids",0.324,0.172,7,-14.314,1,0.0553,0.97,0.000464,0.108,0.374,78.011,4
spotify:track:3phwC9mMlIwLuTuhReiYia,"L.A.","Sonder Son","Brent Faiyaz",2017-10-13,316045,63,true,,2025-04-07T05:25:39Z,"r&b","Lost Kids",0.517,0.598,8,-10.251,0,0.1,0.275,0.000542,0.276,0.528,140.131,4
spotify:track:55iDwZfpaU7ytsadT7BDVE,"So Very Hard to Go","Tower Of Power","Tower Of Power",1973-05-01,217240,55,false,,2025-04-05T15:42:14Z,"funk,jazz funk","Warner Records",0.645,0.639,10,-6.452,1,0.0342,0.568,0.0000434,0.326,0.72,95.254,4
spotify:track:7tjzNiwrxqH0E52i3WPhiH,"I've Got You","My Cherie Amour","Stevie Wonder",1969-08-01,157013,22,false,,2025-04-05T15:34:10Z,"motown,classic soul,soul","Motown",0.61,0.386,7,-9.415,1,0.0288,0.47,0,0.096,0.891,115.941,4
spotify:track:06FWVz9PmDugwjif3U0kRt,"Give Your Love","My Cherie Amour","Stevie Wonder",1969-08-01,225973,23,false,,2025-04-05T15:30:47Z,"motown,classic soul,soul","Motown",0.302,0.36,8,-11.485,0,0.0335,0.8,0,0.346,0.433,148.688,4
spotify:track:0l9RGwc48deJ6j61KXAAvs,"Yester-Me, Yester-You, Yesterday","My Cherie Amour","Stevie Wonder",1969-08-01,185293,50,false,,2025-04-05T15:21:49Z,"motown,classic soul,soul","Motown",0.604,0.357,6,-11.419,1,0.0269,0.0311,0,0.0927,0.638,100.721,4
spotify:track:2W34V1O6WX41aiiwrDJjgT,"The Shadow Of Your Smile","My Cherie Amour","Stevie Wonder",1969-08-01,161560,29,false,,2025-04-05T15:11:10Z,"motown,classic soul,soul","Motown",0.278,0.422,0,-12.288,1,0.0291,0.461,0.00000191,0.36,0.303,80.878,4
spotify:track:3MBtLt6wkxFt5PZNfrmzxW,"Hello Young Lovers","My Cherie Amour","Stevie Wonder",1969-08-01,194386,28,false,,2025-04-05T15:01:31Z,"motown,classic soul,soul","Motown",0.417,0.587,8,-8.543,1,0.0411,0.188,0,0.598,0.584,126.144,4
spotify:track:15ouqiBsgL12olEwP3COsH,"Águas De Março","Elis & Tom","Elis Regina;Antônio Carlos Jobim",1974-06-17,214003,70,false,,2025-03-31T14:17:06Z,"mpb,bossa nova,brazilian jazz,samba,latin jazz","Universal Music Ltda.",0.683,0.517,0,-11.86,0,0.23,0.7,0.0000122,0.109,0.673,144.129,4
spotify:track:0wPhoMR46QzfzHeQP94v1E,"Coin coin","Tempête","Malaimé Soleil",2023-09-29,209680,35,true,,2025-03-31T14:15:58Z,"chanson québécoise,rock quebecois,pop québécoise,indie québécois","Folivora Records",0.772,0.544,6,-8.009,0,0.0301,0.326,0.0142,0.158,0.9,122.06,4
spotify:track:0VuZx9LXIT319lHPNxSIal,"Mais je sais que tu m'attends","La nuit s'achève","Valence",2024-02-02,185600,33,false,,2025-03-31T14:12:53Z,"chanson québécoise,pop québécoise","Chivi Chivi",0.629,0.492,4,-11.327,1,0.0318,0.826,0.0116,0.115,0.409,119.03,4
spotify:track:4kMXhrHANSDUpgqtjX132p,"Lint of Love","Stereotype A","Cibo Matto",1999,370173,34,false,,2025-03-31T13:10:29Z,"shibuya-kei,trip hop,art pop","Rhino/Warner Records",0.811,0.763,11,-7.248,0,0.0781,0.0614,0.0162,0.146,0.681,115.314,4
spotify:track:0d28khcov6AiegSCpG5TuT,"Feel Good Inc.","Demon Days","Gorillaz;De La Soul",2005-05-23,222640,90,false,,2025-03-29T13:22:50Z,"jazz rap,east coast hip hop","Parlophone UK",0.818,0.705,6,-6.679,1,0.177,0.00836,0.00233,0.613,0.772,138.559,4
spotify:track:1EY7zEIE32twYy7zL05WG2,"Hey, Who Really Cares","Parallelograms","Linda Perhacs",1970,157346,58,false,,2025-03-28T17:36:29Z,"","Geffen",0.588,0.156,0,-21.204,0,0.039,0.978,0.538,0.112,0.393,132.071,4
spotify:track:0HheBKrZSsUVyjhUbA3Viu,"Hazey Jane I","Bryter Layter","Nick Drake",1971-03-05,268354,49,false,,2025-03-28T17:17:44Z,"folk,singer-songwriter","UMC (Universal Music Catalogue)",0.506,0.615,2,-6.855,1,0.0291,0.152,0.549,0.336,0.733,118.653,4
spotify:track:2pcFLtTZRBbYYgXZzExUo8,"At The Chime Of A City Clock","Bryter Layter","Nick Drake",1971-03-05,283333,52,false,,2025-03-28T17:15:08Z,"folk,singer-songwriter","UMC (Universal Music Catalogue)",0.485,0.391,6,-10.284,1,0.0311,0.144,0.00017,0.214,0.193,99.865,4
spotify:track:7lDnXMcGYeGnku3H84JlQh,"Hazey Jane II","Bryter Layter","Nick Drake",1971-03-05,225291,56,false,,2025-03-28T17:12:54Z,"folk,singer-songwriter","UMC (Universal Music Catalogue)",0.629,0.719,10,-8.198,1,0.03,0.0303,0.0322,0.0573,0.881,150.293,4
spotify:track:6bqB7idfAnJVisSMQA1mZQ,"I'd Like To Walk Around In Your Mind","Just Another Diamond Day","Vashti Bunyan",1970,135453,54,false,,2025-03-28T15:58:00Z,"folk","Dicristina Stair Builders",0.212,0.186,0,-16.813,1,0.05,0.92,0.00024,0.116,0.51,174.963,3
spotify:track:68AG3M9PfDXbxz0RmFB0bG,"I Will Wait for You","Ready 'n Able","Stochelo Rosenberg",2005-04-14,226800,25,false,,2025-03-28T15:57:01Z,"swing music,french jazz","Iris music",0.548,0.402,9,-12.732,0,0.039,0.876,0.892,0.11,0.679,166.704,4
spotify:track:5Fpbw9DCdROeT1JtJWi7lR,"I've Never Been In Love Before - Vocal Version","Chet Baker Sings","Chet Baker",1956,269000,52,false,,2025-03-28T15:47:03Z,"jazz,cool jazz,vocal jazz,jazz ballads","Blue Note Records",0.425,0.0199,10,-21.988,1,0.0447,0.922,0.00014,0.102,0.181,60.888,4
spotify:track:7xfNzDSO5fby7JYXwJsR7l,"Desilusión","Desilusión","Nico Play",2022-11-02,195863,29,false,,2025-03-28T14:12:53Z,"","Nico Play",0.569,0.159,7,-10.215,0,0.0391,0.905,0.000012,0.113,0.209,146.679,3
spotify:track:7wAhlOrqp7ztHQJaZnj4Hc,"Vente a Cenar","Vente a Cenar","Nico Play",2024-03-19,160002,35,false,,2025-03-28T14:01:59Z,"","Nico Play",0.443,0.148,4,-12.094,1,0.031,0.925,0.00000179,0.11,0.396,130.438,3
spotify:track:2pdDaacrQEeT8QH47TiPvr,"You Don't Know","You Don't Know","Nico Play",2025-01-14,176212,55,false,,2025-03-26T05:19:25Z,"","Nico Play",0.451,0.2,4,-14.183,1,0.0483,0.914,0.112,0.104,0.234,205.794,3
spotify:track:79RsQCxirSGkCO2CMDXwOJ,"In a Dream","Hether Who?","Hether",2019-11-08,180000,30,false,,2025-03-24T16:19:57Z,"bedroom pop","Hether4theweather",0.66,0.463,9,-9.88,1,0.0827,0.761,0.0000887,0.15,0.387,120.208,4
spotify:track:4uPEubkeZrtidWI1AgLe4C,"Burrow","Equus Asinus","Men I Trust",2025-03-19,182156,41,false,,2025-03-24T15:50:30Z,"bedroom pop,indie pop","Independent",0.504,0.247,11,-14.824,0,0.0288,0.881,0.372,0.118,0.274,179.518,4
spotify:track:09CkTbaLxTFS9inmx7le9c,"echo of a star","echo of a star","lace",2025-03-20,256299,1,false,,2025-03-24T15:47:46Z,"","Good Question",0.709,0.424,10,-13.208,1,0.0299,0.483,0.185,0.175,0.604,120.013,4
spotify:track:7DuXqTgphrMZUA0cRU92TL,"Girl (2025)","Equus Asinus","Men I Trust",2025-03-19,211300,43,false,,2025-03-21T20:41:30Z,"bedroom pop,indie pop","Independent",0.618,0.173,9,-15.124,0,0.0284,0.743,0.789,0.111,0.202,75.006,4
spotify:track:2L6CJVu31xXdZFu6Q6j3Hb,"Paul's Theme","Equus Asinus","Men I Trust",2025-03-19,185803,44,false,,2025-03-21T20:37:49Z,"bedroom pop,indie pop","Independent",0.573,0.373,2,-12.391,0,0.0339,0.754,0.961,0.139,0.413,84.002,4
spotify:track:199B05lG6hBgawhiiY12Ct,"The Landkeeper","Equus Asinus","Men I Trust",2025-03-19,224708,53,false,,2025-03-21T20:29:22Z,"bedroom pop,indie pop","Independent",0.575,0.128,4,-15.294,0,0.0371,0.872,0.752,0.0932,0.345,147.863,4
spotify:track:1l8Qci5jlLiQmG4eaRUVxU,"Frost Bite","Equus Asinus","Men I Trust",2025-03-19,161860,45,false,,2025-03-21T20:24:12Z,"bedroom pop,indie pop","Independent",0.602,0.254,2,-17.159,1,0.0332,0.922,0.657,0.337,0.36,128.933,3
spotify:track:2Spxk1qF1CePLePPO5AHtO,"Bethlehem","Equus Asinus","Men I Trust",2025-03-19,199550,48,false,,2025-03-21T20:12:44Z,"bedroom pop,indie pop","Independent",0.727,0.294,7,-14.554,1,0.0294,0.627,0.846,0.1,0.775,89.018,4
spotify:track:11HRSkKS5nDZB0921Kwne1,"All My Candles","Equus Asinus","Men I Trust",2025-03-19,169225,53,false,,2025-03-21T19:36:53Z,"bedroom pop,indie pop","Independent",0.803,0.124,4,-19.872,1,0.0321,0.933,0.0989,0.105,0.609,142.043,4
spotify:track:2UuKVwCzY5DG1nGQ9BBjOT,"Lovers Always Lose","Meet Me After Practice","Boys Go To Jupiter",2025-02-28,299707,41,false,,2025-03-21T19:31:30Z,"","Many Hats Distribution",0.193,0.668,7,-5.125,0,0.0418,0.545,0,0.144,0.273,203.873,3
spotify:track:42Hpc8XPge3luc59kd05DL,"Touch","Touch","Alice Phoebe Lou",2020-06-26,208050,0,false,,2025-03-21T19:28:15Z,"","Alice Phoebe Lou",0.64,0.552,8,-9.467,1,0.0233,0.0846,0.00049,0.162,0.815,98.066,4
spotify:track:5Gqo7K8PetWf6SuXJGPGfJ,"Dewy Roses","Her Abiding Memory","Pitcher56",2008-01-01,288506,42,false,,2025-03-21T00:19:06Z,"shibuya-kei,japanese indie","TKO new music corporation",0.502,0.59,4,-9.556,1,0.0374,0.115,0.268,0.871,0.391,138.955,4
spotify:track:3SkXogdDdL4e3h2IbJF9Kt,"Flowers","Stereotype A","Cibo Matto",1999,179133,47,false,,2025-03-21T00:13:43Z,"shibuya-kei,trip hop,art pop","Rhino/Warner Records",0.737,0.754,9,-6.611,0,0.0337,0.297,0.000294,0.046,0.909,132.468,4
spotify:track:3JoXx2Z20Tl4kpl5xZaH06,"Only Acting","TOTEP","Kero Kero Bonito",2018-02-20,229854,22,false,,2025-03-20T23:49:26Z,"","Kero Kero Bonito",0.685,0.723,7,-5.115,1,0.182,0.0572,0,0.268,0.474,124.011,4
spotify:track:677tTabxmQFZjoNlo2E6JW,"Computer Love","All the Greatest Hits","Zapp",1993-09-28,282480,54,false,,2025-03-17T00:49:17Z,"funk,post-disco","Rhino/Warner Records",0.668,0.698,7,-7.222,0,0.123,0.279,0,0.554,0.71,84.578,4
spotify:track:6WkkmS8a1dwNBgoJel7LW5,"구름들의 보금자리","4월과 5월","4월과 5월",2006-11-03,173586,15,false,,2025-03-11T19:34:52Z,"","RIAK",0.194,0.547,9,-6.017,1,0.032,0.295,0.0000103,0.084,0.358,190.319,4
spotify:track:4ExoRP6SDTO8LvYIjUsyiK,"I can do what I want","I can do what I want","Mei Semones",2025-03-04,180606,33,false,,2025-03-11T11:21:49Z,"japanese indie,indie jazz","Bayonet Records",0.361,0.532,7,-7.032,1,0.0792,0.642,0.0000141,0.153,0.357,171.709,4
spotify:track:31AqPCVn9DPDiq4IfBU6WG,"Pretty Things","Capacity","Big Thief",2017-06-09,184600,48,false,,2025-03-08T15:09:00Z,"","4AD",0.467,0.197,1,-13.803,1,0.033,0.938,0.000124,0.295,0.241,111.68,3
spotify:track:3B0ms7Xlxl16tRztKHpcu9,"Summer Breeze","Summer Breeze","Seals and Crofts",1972,205480,71,false,,2025-03-08T14:40:30Z,"yacht rock,soft rock","Warner Records",0.49,0.581,5,-6.566,1,0.0388,0.553,0.0177,0.0764,0.318,88.718,4
spotify:track:0KMGxYKeUzK9wc5DZCt3HT,"If You Leave Me Now","Chicago X","Chicago",1976-06-14,235373,79,false,,2025-03-08T14:36:01Z,"yacht rock,soft rock","Rhino",0.434,0.563,11,-6.784,1,0.0268,0.0197,0.000824,0.128,0.275,104.183,4
spotify:track:3xsOtNxtBW0oTI1OWKAzTm,"Walk on By","Make Way for Dionne Warwick","Dionne Warwick",1964,178333,67,false,,2025-03-07T05:29:39Z,"","Rhino",0.7,0.33,5,-9.027,1,0.0303,0.719,0.000086,0.136,0.524,98.605,4
spotify:track:79nTjYPEirzCDbSrMF6Qk7,"just a little","liminal space","mxmtoon",2024-11-01,224082,33,false,,2025-03-07T05:27:15Z,"bedroom pop,indie pop","mxmtoon",0.648,0.388,2,-8.836,1,0.0494,0.727,0,0.101,0.27,140.026,4
spotify:track:5ZoDwIP1ntHwciLjydJ8X2,"My Cherie Amour","My Cherie Amour","Stevie Wonder",1969-08-01,173306,68,false,,2025-03-04T19:17:17Z,"motown,classic soul,soul","Motown",0.574,0.507,6,-11.343,1,0.0258,0.228,0.00000457,0.279,0.514,101.085,4
spotify:track:3IDc87lrpEHWFBASmgTgFV,"Mercy Mercy Me (The Ecology)","What's Going On","Marvin Gaye",1971-05-21,193573,72,false,,2025-03-04T18:25:16Z,"motown,classic soul,soul,northern soul,quiet storm","UNI/MOTOWN",0.498,0.634,6,-12.16,0,0.0475,0.328,0.748,0.0962,0.515,93.161,4
spotify:track:1jvOjD7K9707WeA99qWyNC,"Sinking Boat","Metamorphosis Complete","Infinity Song",2024-06-14,176647,48,false,,2025-03-04T15:38:52Z,"","Roc Nation Records, LLC",0.659,0.581,10,-9.471,0,0.0267,0.184,0.0000244,0.152,0.806,112.968,4
spotify:track:4LNc4Rf4TG3YeHzt3sulGI,"Dawn","Dawn","Vulfmon;Jacob Jeffries;Harrison Whitford",2025-01-22,194335,12,false,,2025-03-04T15:27:40Z,"","Vulf Records",0.728,0.531,8,-5.457,1,0.0563,0.443,0,0.414,0.801,124.99,4
spotify:track:26zL7OYsOfGvcQ8z4z0Ln6,"Virginia","Virginia","Boys Go To Jupiter",2024-12-06,310217,28,false,,2025-03-04T15:17:44Z,"","Many Hats Distribution",0.574,0.718,5,-4.582,0,0.0455,0.105,0,0.0774,0.404,127.932,4
spotify:track:0AcPmazldVfob4rNyL2TSM,"LION LE TSUNAMI","S/O DIEU","Jeune Lion",2024-03-14,129287,42,true,,2025-03-02T18:05:22Z,"rap ivoire,french rap","Jah Productions & Haile Productions",0.751,0.568,6,-8.636,0,0.284,0.252,0,0.204,0.7,120.086,4
spotify:track:2BXbixqzxYbdjW36Oqpohh,"Beachwalk","Angel Villa","CHS",2021-09-23,194733,27,false,,2025-02-21T16:18:22Z,"","베리하이컴퍼니",0.515,0.843,7,-5.549,1,0.0329,0.0926,0.78,0.274,0.522,102.424,4
spotify:track:4b9ie6896zo8EcEPxGmUum,"State of Being","Tattooed at 17","Michele Leigh",2021-06-17,164883,14,false,,2025-02-21T16:15:21Z,"","Michele Leigh",0.705,0.275,2,-17.097,1,0.04,0.7,0,0.185,0.666,80.009,4
spotify:track:2cyH63Rzf19Q43R4GBpVuD,"It's Raining","Now","Kim Jung Mi",1973,252720,24,false,,2025-02-21T16:06:38Z,"","Lion Productions",0.59,0.229,6,-16.734,0,0.0437,0.835,0.0339,0.0989,0.628,75.943,4
spotify:track:77mmpy5QUbgWfByfpMjytu,"Your Dream","Now","Kim Jung Mi",1973,326813,32,false,,2025-02-21T15:53:12Z,"","Lion Productions",0.545,0.416,0,-14.886,1,0.0307,0.327,0.0743,0.166,0.413,137.588,4
spotify:track:0qrYU79JEkJeN7EcQBhsaH,"Ganadaramabasa","Now","Kim Jung Mi",1973,180840,30,false,,2025-02-21T15:51:02Z,"","Lion Productions",0.371,0.479,9,-15.213,1,0.0437,0.688,0.691,0.416,0.738,90.247,4
spotify:track:1jC69ksUSmc3QGs8mZpA6A,"The Girl Of Heuksando (흑산도 아가씨)","Best Hit Vol.1","Lee Mi Ja",1990,193733,0,false,,2025-02-21T15:36:50Z,"enka","KDM",0.372,0.15,5,-16.21,1,0.0359,0.334,0.0279,0.168,0.4,119.879,4
spotify:track:5mmD2cKnJGK2zlxweQXBw5,"Woman's Life","Yearning","Lee Mi Ja",2014-03-01,199653,9,false,,2025-02-21T15:35:02Z,"enka","Super Star Record",0.402,0.386,5,-9.152,1,0.0331,0.928,0.416,0.12,0.29,127.577,4
spotify:track:60PZulEPKAOdSWueZ1W5pQ,"Love Song To My Parents","2015 Tae Jin-Ah 'Sarang Taryeong'","Tae Jin-Ah",2014-12-10,210373,5,false,,2025-02-21T15:33:52Z,"","JIN-AH ENTERTAINMENT",0.414,0.586,11,-6.18,0,0.0308,0.61,0.00000381,0.185,0.531,143.754,4
spotify:track:0NIh5j1CfLpDHvoOCaUnaU,"Blow Spring Breeze","Now","Kim Jung Mi",1973,115040,27,false,,2025-02-21T15:31:35Z,"","Lion Productions",0.66,0.304,0,-15.532,1,0.044,0.342,0.573,0.108,0.961,122.429,4
spotify:track:2OKnxmALCPQARJTzSn4vD7,"Twilight","Forge Your Own Chains: Heavy Psychedelic Ballads and Dirges 1968-1974","Shin Jung Hyun & The Men;Jang Hyun",2009-11-17,336319,21,false,,2025-02-21T15:31:18Z,"psychedelic rock","Now Again Records",0.243,0.419,9,-7.771,0,0.0303,0.106,0.869,0.107,0.328,142.918,4
spotify:track:5LIwaG8Wl9LfExcmiRQm7J,"Send It On","Voodoo","D'Angelo",2000-01-01,356493,64,false,,2025-02-21T15:18:39Z,"neo soul","Virgin Records",0.788,0.258,5,-11.758,1,0.104,0.171,0.00721,0.326,0.335,127.492,3
spotify:track:7LJz6DZS1tIRB06bbYbAPi,"...& On","Mama's Gun","Erykah Badu",2000-10-31,214133,60,true,,2025-02-21T15:18:08Z,"neo soul,r&b","Motown (Kedar)",0.779,0.343,1,-12.13,1,0.071,0.411,0.000158,0.307,0.724,83.417,4
spotify:track:6zfVYM5Nne0EzpjzYfJKwp,"I'll Call U Back","But You Caint Use My Phone (Mixtape)","Erykah Badu",2015-11-27,117976,60,true,,2025-02-21T15:16:23Z,"neo soul,r&b","Erykah Badu",0.909,0.445,10,-8.893,0,0.0459,0.816,0.000103,0.083,0.767,135.009,4
spotify:track:0UFLbtupYWaDGMS4io94Ml,"Once I Had A Love (AKA The Disco Song) - 1975 Version / Remastered 2001","Plastic Letters","Blondie",1978-02-01,238973,45,false,,2025-02-17T19:56:35Z,"","Chrysalis\EMI Records (USA)",0.749,0.512,1,-9.595,0,0.0466,0.0488,0.0000684,0.111,0.499,98.691,4
spotify:track:2TVqoNe1wv253L4OPGzibp,"In Your Dreams","In Your Dreams","Lulu Tonight",2022-12-16,261631,0,false,,2025-02-17T01:43:38Z,"","Lulu Records",0.588,0.467,4,-10.267,1,0.0271,0.296,0.525,0.348,0.164,112.019,4
spotify:track:3FxzcWubBLz1T1ydoCWoRQ,"Don't Stop","Don't Stop","Lulu Tonight",2022-11-18,193534,0,false,,2025-02-17T01:42:34Z,"","Lulu Records",0.548,0.619,2,-9.513,1,0.0327,0.132,0.0258,0.356,0.54,150.103,4
spotify:track:0QoNkoIJBzCYNIAlnFTaTO,"Buried Alive","Buried Alive","Lulu Tonight",2022-10-21,264953,0,false,,2025-02-08T17:51:07Z,"","Lulu Records",0.607,0.857,10,-6.101,0,0.0325,0.0141,0.25,0.195,0.395,101.993,4
spotify:track:2y6KasUCuBVIK0jr0edusJ,"Persistence of Memory","Persistence of Memory","Kar Dreki",2023-06-24,183000,0,false,,2025-02-07T17:43:40Z,"","Kar Dreki",0.669,0.482,1,-10.317,0,0.0436,0.454,0.0204,0.225,0.595,80.035,4
spotify:track:57W7TrLV9VeD1tQ2Nfawas,"May","May","Kar Dreki",2023-08-26,205078,0,false,,2025-02-07T17:43:12Z,"","Kar Dreki",0.739,0.13,2,-15.882,1,0.0412,0.369,0.11,0.13,0.234,159.856,4
spotify:track:3BcNAUgEbT22O0K0DkUGFi,"Coming Home Isn't Easy (feat. Phum Viphurit)","Coming Home Isn't Easy (feat. Phum Viphurit)","Summer Salt;Phum Viphurit",2024-01-19,190525,31,false,,2025-02-07T17:40:16Z,"bedroom pop","2024 Summer Salt",0.589,0.609,7,-6.717,1,0.0251,0.0625,0.011,0.329,0.603,98.069,4
spotify:track:1lznaFgHdCmHz19kCeWGkh,"Sea Monster","Sea Monster","Hannah Lim",2025-01-22,104097,0,false,,2025-02-06T19:55:26Z,"","Hannah Lim",0.364,0.152,0,-15.386,1,0.036,0.942,0.866,0.299,0.0727,122.091,4
spotify:track:7nZ9CzhiFRPhOQCn7eDSnn,"Vanille fraise","Vanille fraise","L'Impératrice",2015,238183,66,false,,2025-02-06T01:55:12Z,"french indie pop,french house,french pop","microqlima",0.767,0.547,7,-11.458,0,0.0474,0.0399,0.485,0.0949,0.66,103.03,4
spotify:track:1a19jsjG2DvbN1fVJonKUU,"Beaches","This Is How Tomorrow Moves","beabadoobee",2024-08-09,230053,79,false,,2025-02-06T00:12:54Z,"bedroom pop","Dirty Hit",0.417,0.812,10,-3.979,1,0.0332,0.0154,0.0000211,0.189,0.419,82.002,4
spotify:track:5CjwXdq5Z73Va0XCPFG5Aq,"The Good Life","Pinkerton","Weezer",1996-09-24,257000,57,true,,2025-02-03T01:51:47Z,"alternative rock","DGC",0.539,0.893,6,-4.566,1,0.0423,0.14,0,0.339,0.683,135.76,4
spotify:track:09TamC14FgCcjuntIHKgWC,"Baby Girl","Canyons","Young Gun Silver Fox",2020-08-07,231153,35,false,,2025-01-25T22:24:35Z,"yacht rock,aor","Karma Chief Records",0.796,0.573,0,-8.258,1,0.0359,0.241,0.00891,0.0317,0.965,100.662,4
spotify:track:2RZWiishrE4Tygv9R7zuZe,"Animal","Party Favors","Sir Chloe",2020-10-23,160518,66,false,,2025-01-09T16:49:52Z,"","Terrible Records",0.495,0.457,7,-6.072,1,0.0306,0.407,0.00000125,0.142,0.342,82.825,4
spotify:track:5vWAgdYgGN5WXzKvfNwx2E,"Mercy","Mercy","Sir Chloe",2022-03-01,179192,49,false,,2025-01-09T16:46:39Z,"","P2022",0.549,0.324,8,-9.406,1,0.0307,0.0717,0,0.0832,0.199,161.881,4
spotify:track:7pB8DoQuLCT6IbgSCXAmhG,"Should I","I Am The Dog","Sir Chloe",2023-05-19,148301,46,false,,2025-01-09T16:43:25Z,"","Atlantic Records",0.644,0.735,11,-5.651,0,0.0759,0.0164,0.0000128,0.118,0.75,119.963,4
spotify:track:6XrTwqp0vMc2Z3m4ttoyRe,"Michelle","Party Favors","Sir Chloe",2020-10-23,214087,69,false,,2025-01-09T16:37:27Z,"","Terrible Records",0.366,0.439,4,-5.238,1,0.0298,0.0781,0.0000192,0.108,0.11,115.94,3
spotify:track:28487fkXVQa2e6F2z73CBO,"Dynasties & Dystopia (from the series Arcane League of Legends)","Dynasties & Dystopia (from the series Arcane League of Legends)","Denzel Curry;Gizzle;Bren Joy;Arcane;League of Legends",2021-11-20,178080,68,false,,2025-01-06T14:54:34Z,"score","Riot Games",0.704,0.835,1,-5.167,1,0.0552,0.0137,0,0.0982,0.892,153.946,4
spotify:track:5PXpiAqtsLRlTUlAoeZeYP,"STILL IN THE PAINT (with LAZER DIM 700 & Bktherula)","KING OF THE MISCHIEVOUS SOUTH","Denzel Curry;LAZER DIM 700;Bktherula",2024-11-15,233085,64,true,,2025-01-06T14:53:00Z,"sexy drill","Loma Vista Recordings",0.778,0.722,11,-7.244,1,0.0489,0.347,0,0.129,0.794,139.963,4
spotify:track:2G31WfcBUlMGZ8lpJ0bfA1,"The Day That I Met You","The Day That I Met You","Matilda Mann",2023-02-22,165080,45,false,,2024-12-31T20:18:15Z,"","Arista Records",0.313,0.316,1,-9.872,1,0.0308,0.889,0.00000536,0.106,0.265,91.587,3
spotify:track:0aPRKH8FlhwyTw6z0TFCqx,"Same Old","Under Twenty Five","ENNY",2021-07-16,173740,41,true,,2024-12-30T06:05:28Z,"uk r&b,alternative r&b","FAMM",0.731,0.337,6,-9.677,1,0.415,0.0843,0.00000276,0.197,0.583,90.117,4
spotify:track:3yrSvpt2l1xhsV9Em88Pul,"Brown Eyed Girl","Blowin' Your Mind!","Van Morrison",1967-09,183306,32,false,,2024-12-29T00:00:26Z,"","Columbia/Legacy",0.491,0.583,7,-10.964,1,0.0376,0.185,0,0.406,0.908,150.566,4
spotify:track:5Qj0p1E6mjn38dBXKcq8B7,"i guess that's just the way things go","i guess that's just the way things go","R.L. Beats",2024-12-09,118095,48,false,,2024-12-28T01:30:36Z,"","R.L. Beats",0.484,0.0524,8,-25.21,1,0.0678,0.935,0.0023,0.189,0.373,112.258,4
spotify:track:1eTaznNW4Xxtx9za2SMTXB,"DENIAL IS A RIVER","Alligator Bites Never Heal","Doechii",2024-08-30,159586,79,true,,2024-12-24T06:43:38Z,"","Top Dawg Entertainment/Capitol Records",0.825,0.644,6,-3.24,0,0.33,0.0905,0,0.0795,0.622,93.292,4
spotify:track:4k2cAUUPp3VZdK4gwG9pxy,"Pick Up Your Feelings","Heaux Tales","Jazmine Sullivan",2021-01-08,229412,48,false,,2024-12-24T02:18:04Z,"r&b","RCA Records Label",0.643,0.413,2,-6.136,0,0.0717,0.261,0,0.117,0.572,170.896,3
spotify:track:2TByc4Do3j8Fq2knuuK2oB,"三部曲","多米力高威威维利星","Oh! Dirty Fingers",2021-04-28,264874,10,false,,2024-12-21T14:30:36Z,"chinese rock,chinese indie,taiwanese indie","脏手指武工队",0.397,0.747,6,-9.718,0,0.0654,0.266,0.165,0.115,0.386,99.61,4
spotify:track:7mLPSkAJraASgNk6ywyTkp,"MI EX TENÍA RAZÓN","MAÑANA SERÁ BONITO (BICHOTA SEASON)","KAROL G",2023-08-11,154374,63,false,,2024-12-20T18:12:41Z,"reggaeton,latin,urbano latino","Bichota/Interscope Records",0.642,0.727,5,-4.969,0,0.0578,0.0727,0,0.192,0.805,159.881,4
spotify:track:5nq0gbh9CLHcP1kR2cTX6Z,"Knots","x Infinity","Watsky",2016-08-19,185546,0,true,,2024-12-15T23:35:28Z,"spoken word","Steel Wool / EMPIRE",0.381,0.539,4,-10.749,0,0.184,0.765,0.000953,0.113,0.17,88.113,3
spotify:track:3EWaU5exMayFzQMkIfTX7w,"either on or off the drugs","I LAY DOWN MY LIFE FOR YOU","JPEGMAFIA",2024-08-01,140593,64,true,,2024-12-14T21:51:27Z,"experimental hip hop,alternative hip hop,experimental","2024 Peggy Under Exclusive License to AWAL Recordings America, Inc.",0.505,0.605,6,-5.564,0,0.191,0.15,0,0.785,0.631,184.473,3
spotify:track:1q8DwZtQen5fvyB7cKbShC,"Walkin","Melt My Eyez See Your Future","Denzel Curry",2022-03-25,280000,67,true,,2024-12-14T21:41:41Z,"","Loma Vista Recordings",0.557,0.654,11,-7.201,0,0.196,0.134,0,0.291,0.386,135.983,4
spotify:track:2nZ33CKRbgpJQJJQKHuGXb,"Plastic Beach (feat. Mick Jones and Paul Simonon)","Plastic Beach","Gorillaz;Mick Jones;Paul Simonon",2010-03-03,227213,69,false,,2024-12-14T20:24:58Z,"aor","Parlophone UK",0.537,0.893,0,-5.459,1,0.0893,0.00252,0.0211,0.0636,0.499,183.78,4
spotify:track:0Z94dtWElamDwU4NrcGoUR,"Better","i'll be okay","sign crushes motorist",2022-08-05,98750,65,false,,2024-12-14T20:20:38Z,"slowcore","sign crushes motorist",0.696,0.0867,7,-25.203,1,0.0418,0.988,0.922,0.108,0.349,129.989,4
spotify:track:4A5FLaZI3Ni5eT0c9fqi8F,"Fire Flies","The Now Now","Gorillaz",2018-06-29,233373,56,false,,2024-12-14T19:19:13Z,"","Parlophone UK",0.346,0.511,4,-10.022,0,0.044,0.278,0.0456,0.122,0.212,134.927,3
spotify:track:1k1Bqnv2R0uJXQN4u6LKYt,"Ain't No Sunshine","Just As I Am","Bill Withers",1971-05-01,126458,84,false,,2024-12-12T03:19:44Z,"soul","Columbia/Legacy",0.527,0.415,4,-11.451,0,0.122,0.457,0.0000172,0.117,0.515,78.169,4
spotify:track:2qLMf6TuEC3ruGJg4SMMN6,"Lucky","We Sing. We Dance. We Steal Things. (Bonus Tracks Version)","Jason Mraz;Colbie Caillat",2008-05-01,189613,74,false,,2024-12-12T02:48:02Z,"soft pop,acoustic pop","Atlantic Records/ATG",0.625,0.414,0,-8.7,1,0.0369,0.294,0,0.151,0.669,130.088,4
spotify:track:3vqd0xW1QefjkRPuKSPtib,"LA QUE PUEDE, PUEDE","LA QUE PUEDE, PUEDE","CA7RIEL & Paco Amoroso",2024-03-21,154890,45,false,,2024-12-07T20:24:20Z,"","5020 Records",0.819,0.794,11,-6.188,0,0.267,0.0142,0.00552,0.12,0.548,143.064,4
spotify:track:2bfGNzdiRa1jXZRdfssSzR,"Dirty Harry (feat. Bootie Brown)","Demon Days","Gorillaz;Bootie Brown",2005-05-23,230426,76,false,,2024-12-07T03:06:10Z,"","Parlophone UK",0.625,0.877,10,-7.176,0,0.162,0.0315,0.0811,0.672,0.865,192.296,4
spotify:track:6FutvBsO4b2wIC4xLiLWfs,"Snows","Snows","Joseon",2024-11-15,160676,36,false,,2024-12-05T16:55:01Z,"shoegaze","JOSEON",0.466,0.869,2,-6.755,1,0.0456,0.0261,0.000254,0.276,0.516,139.125,4
spotify:track:4mDAxQGyDdpju78hGsACwn,"My Love","My Love","maye",2019-03-15,239295,60,false,,2024-12-04T23:41:52Z,"latin indie,latin alternative","EO Entertainment & Pink Poetry",0.395,0.597,4,-8.09,0,0.0397,0.451,0.0131,0.114,0.41,116.98,4
spotify:track:2IIcv6DEwEF6TRm29erm9O,"My Pal Foot Foot","Philosophy of the World","The Shaggs",2016-02-26,153680,0,false,,2024-12-04T23:16:51Z,"proto-punk","Light In The Attic Records",0.585,0.534,7,-11.606,1,0.0798,0.722,0.00879,0.0684,0.665,98.657,4
spotify:track:3DKWF8is9hzp84aSxnhlag,"Necio (feat. Carlos Santana)","Fórmula, Vol. 2 (Deluxe Edition)","Romeo Santos;Carlos Santana",2014-02-25,264266,79,false,,2024-12-04T23:16:30Z,"bachata,latin","Sony Music Latin",0.869,0.684,1,-4.915,1,0.0456,0.362,0,0.0737,0.88,115.052,4
spotify:track:6jOZXCgbIsBZiYJGpRsL5O,"Akira","Songs About You Specifically","MICHELLE",2024-09-27,163931,47,true,,2024-12-04T23:02:58Z,"bedroom pop","Atlantic Records",0.841,0.64,4,-3.954,0,0.0324,0.48,0.0434,0.125,0.918,98.026,4
spotify:track:0Z9TabbOQDOZuWSUOwZ9cI,"Cathy","Songs About You Specifically","MICHELLE",2024-09-27,206060,39,true,,2024-12-04T23:01:42Z,"bedroom pop","Atlantic Records",0.893,0.473,1,-7.508,0,0.032,0.67,0.00212,0.0922,0.958,98.991,4
spotify:track:2bt1cEwiLzcClL5bTs0ezd,"Hospital","Revealer","Madison Cunningham",2022-09-09,213328,38,false,,2024-12-04T07:50:04Z,"","Verve Forecast",0.547,0.507,4,-8.717,1,0.0353,0.527,0,0.268,0.673,142.102,4
spotify:track:6xE6ZWzK1YDDSYzqOCoQlz,"Last Train to London","Discovery","Electric Light Orchestra",1979-05-31,272649,80,false,,2024-11-29T22:56:29Z,"art rock,soft rock","Epic/Legacy",0.727,0.537,7,-9.785,1,0.0295,0.396,0.000789,0.349,0.954,121.493,4
spotify:track:20psEW5Bj01kknhdXejOPl,"Loose Tongue","Loose Tongue","The Guest List",2024-10-10,147072,38,false,,2024-11-29T20:53:00Z,"","Spinnaker Promotions",0.546,0.809,6,-7.493,0,0.035,0.000145,0.0111,0.434,0.678,128.021,4
spotify:track:3BNHpCcu9BaL43SjLIi8o9,"Kenni and the Jets","Tailwinds","The Fearless Flyers",2020-07-24,249295,40,false,,2024-11-29T15:36:24Z,"funk,jazz funk,jazz fusion,funk rock","Vulf Records",0.793,0.463,0,-10.027,1,0.068,0.0104,0.734,0.0689,0.794,127.265,4
spotify:track:4WYPYB8KMzxyW85TQxR44X,"Wintertime","The Lost Boy","Cordae",2019-07-26,180679,48,true,,2024-11-27T07:00:01Z,"","Art@War/Atlantic Records",0.636,0.505,1,-8.397,1,0.385,0.166,0,0.15,0.342,76.099,4
spotify:track:56DxR1jHbX6xlGwZdUuN0v,"Reason To Stay","Ok Love You Bye","Olivia Dean",2019-11-22,198813,77,false,,2024-11-25T16:24:56Z,"pop soul","AMF Records",0.696,0.626,6,-5.23,0,0.0582,0.128,0,0.172,0.528,137.929,4
spotify:track:34qgP5Oq0ckIvIF00oQ3Lb,"Hit The Target - Vulfmix","Dot","Vulfmon;Eddie Barbash",2024-07-23,168477,32,false,,2024-11-25T15:14:54Z,"","Vulf Records",0.746,0.663,10,-7.12,1,0.115,0.0559,0.0593,0.102,0.717,120.563,4
spotify:track:0yin14PPCxLBorpVqlON8V,"Disco Snails","Dot","Vulfmon;Zachary Barker",2024-07-23,193240,53,false,,2024-11-25T15:11:37Z,"","Vulf Records",0.94,0.705,2,-6.1,1,0.0952,0.063,0.0000301,0.774,0.863,124.992,4
spotify:track:4V7Y0ZpoIce7nh0D9GqkuI,"Too Hot In L.A. - Vulfmix","Dot","Vulfmon;Woody and Jeremy",2024-07-23,235205,39,false,,2024-11-25T15:04:49Z,"","Vulf Records",0.878,0.561,6,-8.3,0,0.046,0.0218,0.0305,0.0863,0.869,106.994,4
spotify:track:1tkg4EHVoqnhR6iFEXb60y,"What You Know Bout Love","Shoot For The Stars Aim For The Moon","Pop Smoke",2020-07-03,160000,78,true,,2024-11-25T14:52:01Z,"brooklyn drill,new york drill,drill","Victor Victor Worldwide",0.709,0.548,10,-8.493,1,0.353,0.65,0.00000159,0.133,0.543,83.995,4
spotify:track:6tAHoWuZoM6QprTo61SBne,"Got To Be Mine","Dot","Vulfmon;Evangeline",2024-07-23,188114,54,false,,2024-11-25T14:40:01Z,"","Vulf Records",0.791,0.758,7,-7.323,1,0.0527,0.217,0.022,0.349,0.888,96.146,4
spotify:track:3bKtDan6gEZP6l0hCWKUMs,"Will You","Vivian Leva & Riley Calcagno","Viv & Riley",2021-03-12,198026,0,false,,2024-11-25T14:39:28Z,"americana","Free Dirt Records",0.419,0.41,1,-8.898,1,0.0334,0.873,0.029,0.136,0.205,79.291,4
spotify:track:2HbKqm4o0w5wEeEFXm2sD4,"Money Trees","good kid, m.A.A.d city","Kendrick Lamar;Jay Rock",2012,386906,80,true,,2024-11-25T14:10:00Z,"hip hop,west coast hip hop","Aftermath",0.716,0.531,7,-7.355,1,0.122,0.0703,0,0.224,0.344,71.994,4
spotify:track:5e0b9LgOfi3aJSKXFcOWRe,"Beanie","Beanie","Chezile",2023-11-28,132160,84,false,,2024-11-23T04:19:58Z,"","Chezile / 10K Projects",0.531,0.556,5,-6.245,1,0.0252,0.407,0.00915,0.318,0.156,138.978,3
spotify:track:0wgOhYnqZKjOHr6bmdz0aN,"gloria (with sza)","GNX","Kendrick Lamar;SZA",2024-11-22,287522,70,true,,2024-11-23T03:40:27Z,"hip hop,west coast hip hop,r&b","pgLang, under exclusive license to Interscope Records",0.719,0.555,2,-9.785,0,0.27,0.22,0,0.127,0.413,140.07,4
spotify:track:1SGvjfc85yzqKXsfKcCxn2,"heart pt. 6","GNX","Kendrick Lamar",2024-11-22,292461,72,true,,2024-11-23T03:34:58Z,"hip hop,west coast hip hop","pgLang, under exclusive license to Interscope Records",0.704,0.647,9,-7.664,1,0.325,0.27,0,0.109,0.585,80.998,4
spotify:track:4K1Pg0FLno1ltzX3jeqT83,"dodger blue (feat. wallie the sensei, siete7x, roddy ricch)","GNX","Kendrick Lamar;Wallie the Sensei;Siete7x;Roddy Ricch",2024-11-22,131240,71,true,,2024-11-23T03:28:16Z,"hip hop,west coast hip hop,melodic rap","pgLang, under exclusive license to Interscope Records",0.796,0.536,6,-7.93,1,0.109,0.0552,0,0.112,0.662,83.492,4
spotify:track:0RgjEkSbeuStKfT2Pa4Zai,"reincarnated","GNX","Kendrick Lamar",2024-11-22,275740,71,true,,2024-11-23T03:22:14Z,"hip hop,west coast hip hop","pgLang, under exclusive license to Interscope Records",0.846,0.779,7,-5.363,1,0.254,0.0534,0,0.299,0.748,91.118,4
spotify:track:5gOfC9UzZQzTyShqPMrpjT,"wacced out murals","GNX","Kendrick Lamar",2024-11-22,317092,71,true,,2024-11-23T03:03:08Z,"hip hop,west coast hip hop","pgLang, under exclusive license to Interscope Records",0.761,0.501,9,-10.759,0,0.459,0.249,0,0.136,0.502,81.998,4
spotify:track:0e6pPNc91kippQhAP2CVSX,"Take Me To Your Leader","The Solution Is Restless","Joan As Police Woman;Tony Allen;Dave Okumu",2021-11-05,212400,14,false,,2024-11-23T00:26:24Z,"afrobeat,jazz funk,nu jazz","[PIAS]",0.653,0.678,1,-8.156,1,0.0347,0.0102,0.00574,0.187,0.868,102.535,4
spotify:track:09bJ5i98Xmpx1v7YzBxPWZ,"The Barbarian","The Solution Is Restless","Joan As Police Woman;Tony Allen;Dave Okumu",2021-11-05,704706,19,false,,2024-11-23T00:25:50Z,"afrobeat,jazz funk,nu jazz","[PIAS]",0.783,0.709,10,-8.989,0,0.0997,0.374,0.342,0.107,0.843,136.023,4
spotify:track:7dbyaRWWFvB9UG2vcwTd3J,"Champagne Shots","Local Mvp","Sainté",2021-01-06,144000,64,false,,2024-11-23T00:19:19Z,"uk drill","YSM collective",0.942,0.441,11,-11.448,1,0.469,0.493,0,0.138,0.925,135.028,4
spotify:track:4S5c5as5UkWyCCiV0dGIWt,"I Would Let You","When a Thought Grows Wings","Luna Li",2024-08-23,261721,32,false,,2024-11-22T21:13:19Z,"","In Real Life Music",0.53,0.467,0,-7.2,1,0.0256,0.0553,0.00364,0.125,0.4,130.054,4
spotify:track:7fW6Jfqg76CabIAjr437at,"These Days","Orion","Orion Sun",2024-09-20,194800,26,false,,2024-11-22T16:54:21Z,"alternative r&b,bedroom pop","Mom+Pop",0.341,0.355,2,-10.496,1,0.0431,0.878,0,0.106,0.427,66.264,3
spotify:track:3oNqCsniVqTR6h6hfVC3Fj,"Scholar's Mate","Scholar's Mate","Sure Sure;Beachy Keys",2024-07-12,153079,12,false,,2024-11-22T16:08:38Z,"","Sure Sure Records",0.63,0.391,8,-7.784,0,0.0266,0.463,0.000178,0.16,0.628,88.976,4
spotify:track:7kmJjI3BY9SNdLrLXU7gJ3,"Bus Station Poetry","Bus Station Poetry","Dot.;Chirag Todi",2024-07-05,220714,23,false,,2024-11-22T15:49:57Z,"indian indie,hindi indie","Dot.",0.681,0.26,0,-13.795,0,0.038,0.936,0.0286,0.0963,0.209,111.955,3
spotify:track:01CMi6BTasSxDv2sSDqv6q,"Tell Me How","Tell Me How","Tokyo Tea Room",2024-08-29,197389,36,false,,2024-11-22T15:14:28Z,"dream pop","Nice Guys",0.693,0.366,11,-9.102,0,0.0419,0.938,0.816,0.106,0.505,159.964,4
spotify:track:4pIuBDAmqQVoOyt0tHImZe,"Kygers Hill","Imaginary People","Viv & Riley",2023-09-15,216200,0,false,,2024-11-22T13:53:48Z,"americana","Free Dirt Records",0.654,0.624,11,-6.584,1,0.0288,0.23,0.000379,0.0733,0.444,128.998,4
spotify:track:600TwtWzMtu8algRtMrzMU,"Dropout","Songs About You Specifically","MICHELLE",2024-09-27,164146,39,false,,2024-11-20T15:08:17Z,"bedroom pop","Atlantic Records",0.789,0.9,5,-5.423,0,0.0642,0.204,0.146,0.0807,0.702,87.984,4
spotify:track:3RSpK5Y0y5tl25qvssrwJ6,"My All","Butterfly","Mariah Carey",1997-09-16,230933,77,false,,2024-11-20T14:12:50Z,"christmas","Columbia",0.607,0.317,7,-10.244,0,0.029,0.732,0.0000453,0.086,0.111,108.122,4
spotify:track:6kuF96TaPpLEkNNy1q5DY3,"Me And Liza","Vibrate: The Best Of","Rufus Wainwright",2014-01-01,200893,10,false,,2024-11-18T17:55:43Z,"singer-songwriter","Geffen",0.712,0.369,2,-8.01,1,0.0363,0.0197,0,0.0854,0.427,101.937,4
spotify:track:2cu8qpB68Sv0E1zVQCcpYw,"Going To A Town","Vibrate: The Best Of","Rufus Wainwright",2014-01-01,247013,18,false,,2024-11-18T17:42:29Z,"singer-songwriter","Geffen",0.546,0.467,5,-7.263,0,0.0334,0.693,0.00000341,0.334,0.206,124.116,4
spotify:track:4wttBp40dmDDdiud3Nz7QW,"To Be Loved","To Survive","Joan As Police Woman",2008,183493,12,false,,2024-11-18T13:32:16Z,"","Reveal Records",0.564,0.446,5,-7.183,1,0.0291,0.741,0.000769,0.091,0.481,74.226,4
spotify:track:6Yu1OL8I0D4vjOzYdsXYGK,"12:51","Room On Fire","The Strokes",2003-10-28,153133,65,true,,2024-11-17T12:45:07Z,"garage rock,indie rock,alternative rock","RCA Records Label",0.451,0.889,4,-3.838,1,0.0379,0.312,0.8,0.558,0.592,145.056,4
spotify:track:6DUKQUhWqUySYngLXLNwP2,"Automatic Stop","Room On Fire","The Strokes",2003-10-28,207133,60,false,,2024-11-17T12:43:23Z,"garage rock,indie rock,alternative rock","RCA Records Label",0.675,0.535,1,-6.109,1,0.0376,0.00329,0.719,0.104,0.914,105.921,4
spotify:track:78Gzxi27GuNHTfkn2BylG4,"What Ever Happened?","Room On Fire","The Strokes",2003-10-28,169506,62,false,,2024-11-17T12:40:07Z,"garage rock,indie rock,alternative rock","RCA Records Label",0.547,0.596,11,-6.044,1,0.0339,0.0000802,0.739,0.273,0.584,116.17,4
spotify:track:5oUlEkEwz9eaxaFbtajKqu,"Maybe It's You","Maybe It's You","Pump Action",2023-03-03,233750,47,false,,2024-11-17T12:25:49Z,"","Castle Records",0.677,0.58,4,-9.322,1,0.041,0.165,0.000206,0.0875,0.753,82.995,4
spotify:track:4i3ExiCWHemALN24hVn65B,"What Are We Gonna Do Now","I Love My Mom","Indigo De Souza",2018-06-08,204291,52,false,,2024-11-17T11:41:27Z,"","Saddle Creek",0.394,0.257,4,-8.588,1,0.0691,0.365,0,0.103,0.11,164.412,5
spotify:track:1HOio1VPXOQmdOLLR8lQw3,"Baby","Low End Love Songs","Pale Jay",2024-09-06,196864,36,false,,2024-11-16T12:56:37Z,"retro soul","Karma Chief Records",0.504,0.75,2,-8.381,0,0.0353,0.699,0.956,0.0723,0.851,168.796,4
spotify:track:2GqKCwsiPodqtWnbuPNovu,"On The Lips","On The Lips","Molly Lewis",2024-02-16,112546,29,false,,2024-11-16T00:05:33Z,"exotica","Jagjaguwar",0.631,0.302,9,-12.937,1,0.0795,0.667,0.698,0.165,0.521,97.257,4
spotify:track:1bH7cCjye8VYaujXBsvFEs,"Everybody's Safe Until…","MID AIR","Paris Texas",2023-07-21,219000,46,true,,2024-11-15T21:23:47Z,"alternative hip hop,experimental hip hop,rap rock","Paris Texas LLC",0.804,0.844,2,-4.037,1,0.0434,0.074,0.000113,0.688,0.811,129.988,4
spotify:track:4HWqIzrF6IFEg4mU0te8kf,"Lana Del Rey","MID AIR","Paris Texas",2023-07-21,220101,39,true,,2024-11-15T21:22:07Z,"alternative hip hop,experimental hip hop,rap rock","Paris Texas LLC",0.503,0.864,0,-3.411,1,0.0689,0.00693,0.00000262,0.615,0.268,167.973,4
spotify:track:3l6DqNA32RBgTZgRmF1M5h,"Doctor's Orders - Extended Mix","The Carol Douglas Album","Carol Douglas",1975-01-01,298693,21,false,,2024-11-15T04:34:21Z,"disco","UNIDISC MUSIC INC.",0.624,0.636,0,-13.829,1,0.0389,0.0574,0.593,0.164,0.963,125.876,4
spotify:track:0tXFWZC3ZF44vgi0h2o4iI,"Mirada","MIRADA","Ivan Cornejo",2024-07-19,167522,76,false,,2024-11-13T21:55:37Z,"sad sierreño,corridos tumbados,música mexicana,corrido,sierreño","Interscope Records",0.69,0.393,4,-10.255,1,0.0367,0.752,0.0023,0.109,0.225,95.008,4
spotify:track:1xvuA42QBl5ssBHvCwHXwK,"Herida Abierta","MIRADA","Ivan Cornejo",2024-07-19,216568,69,false,,2024-11-13T21:39:37Z,"sad sierreño,corridos tumbados,música mexicana,corrido,sierreño","Interscope Records",0.75,0.654,7,-6.13,1,0.0326,0.615,0,0.33,0.639,121.061,3
spotify:track:0reBZSEtwbvqkXoWGtmV0k,"Sale Para Ser Feliz","MIRADA","Ivan Cornejo",2024-07-19,192499,74,false,,2024-11-13T21:30:08Z,"sad sierreño,corridos tumbados,música mexicana,corrido,sierreño","Interscope Records",0.593,0.498,9,-9.042,0,0.0417,0.33,0,0.102,0.18,153.102,3
spotify:track:6CES1554HcWMIVroJfmmBm,"Way It Goes","Landmark","Hippo Campus",2017-02-24,245456,57,true,,2024-11-08T05:54:45Z,"","Grand Jury (RED)",0.542,0.906,9,-4.213,1,0.0491,0.021,0.00043,0.377,0.515,120.014,4
spotify:track:0SpkyS1Q4MD8GaVcP5YjT4,"Sunsetz","Cigarettes After Sex","Cigarettes After Sex",2017-06-09,215150,8,true,,2024-11-08T05:36:52Z,"dream pop","Partisan Records",0.41,0.48,9,-9.417,0,0.0294,0.0561,0.814,0.0972,0.129,75.303,4
spotify:track:3P21QdeiX5u1KpIIPDmq9n,"Ruby Sparks","After School Club","Monét Ngo",2022-09-21,254284,47,false,,2024-11-07T23:36:00Z,"","Monét Ngo",0.297,0.362,4,-7.881,0,0.0281,0.0904,0.192,0.186,0.125,75.972,4
spotify:track:3niKG5nFHklad0eOY90uoB,"Lonestar","After School Club","Monét Ngo",2022-09-21,194673,31,false,,2024-11-07T23:34:36Z,"","Monét Ngo",0.586,0.568,1,-5.116,1,0.0231,0.0254,0.0064,0.0999,0.554,92.002,4
spotify:track:35D1RA5uVFVhMc1qX80TaQ,"Balloon (feat. Doechii)","CHROMAKOPIA","Tyler, The Creator;Doechii",2024-10-28,154261,72,true,,2024-11-07T17:23:19Z,"","Columbia",0.437,0.868,6,-3.03,1,0.112,0.731,0,0.234,0.475,111.774,4
spotify:track:5xWaxvP1oDU2pdX1RlE5wI,"b i g f e e l i n g s","ceremonial contrafact (empathogen deluxe)","WILLOW",2024-09-27,264133,33,false,,2024-11-07T15:16:28Z,"","Three Six Zero Recordings",0.662,0.848,0,-4.298,1,0.0459,0.0907,0.00000193,0.315,0.5,109.957,1
spotify:track:6qmV2uUHTofLq64Iq7L5az,"ancient girl","ceremonial contrafact (empathogen deluxe)","WILLOW",2024-09-27,90533,31,false,,2024-11-07T14:48:58Z,"","Three Six Zero Recordings",0.482,0.358,6,-11.221,0,0.039,0.76,0,0.307,0.257,109.784,3
spotify:track:6Jv7kjGkhY2fT4yuBF3aTz,"Lover, You Should've Come Over","Grace","Jeff Buckley",1994,404213,85,false,,2024-11-07T14:29:11Z,"","Columbia/Legacy",0.387,0.595,2,-5.67,1,0.0389,0.361,0.000011,0.174,0.151,119.38,3
spotify:track:7uSzsW1k91zAJTWA7JIfQv,"run!","ceremonial contrafact (empathogen deluxe)","WILLOW",2024-09-27,188680,32,false,,2024-11-07T13:48:24Z,"","Three Six Zero Recordings",0.693,0.681,0,-6.636,1,0.0406,0.204,0.207,0.075,0.522,96.027,4
spotify:track:6tbVBf585gLKnjUWCsZtR5,"no words 1 & 2","ceremonial contrafact (empathogen deluxe)","WILLOW",2024-09-27,84533,29,false,,2024-11-07T13:45:38Z,"","Three Six Zero Recordings",0.55,0.536,11,-9.279,1,0.0758,0.655,0.141,0.133,0.54,114.599,4
spotify:track:30naiGC4g96lNjR6zC03LH,"pain for fun","ceremonial contrafact (empathogen deluxe)","WILLOW;St. Vincent",2024-09-27,206866,32,false,,2024-11-07T13:42:31Z,"art pop","Three Six Zero Recordings",0.585,0.478,4,-7.655,0,0.0318,0.626,0.000217,0.271,0.181,74.034,3
spotify:track:2t7qSoAZLrYWzWrjhDBhE4,"Big Time","Planet Pearl","Pearl & The Oysters",2024-09-20,226514,25,false,,2024-11-07T04:48:31Z,"","Stones Throw Records",0.827,0.489,2,-8.039,0,0.0377,0.0636,0.0000506,0.103,0.415,111.031,4
spotify:track:6TlkRvPjRQo5VZqIfM0MjA,"Doctor's Orders","The Carol Douglas Album","Carol Douglas",1975-01-01,270533,46,false,,2024-11-07T02:32:53Z,"disco","UNIDISC MUSIC INC.",0.662,0.636,0,-14.2,1,0.0336,0.0679,0.737,0.0891,0.963,125.845,4
spotify:track:1YdtGoSYDvVQKoUqSDXX41,"Noid","CHROMAKOPIA","Tyler, The Creator",2024-10-28,284363,68,true,,2024-11-05T14:18:33Z,"","Columbia",0.38,0.784,1,-6.004,1,0.299,0.523,0.000139,0.494,0.418,82.318,4
spotify:track:24OUTJgZif1CA1nemnDgXn,"Huarache Lights","Why Make Sense? (Definitive Version)","Hot Chip",2015-10-23,329169,45,false,,2024-11-04T02:20:27Z,"alternative dance,new rave,indie dance","Domino Recording Co",0.715,0.64,2,-7.168,1,0.0317,0.113,0.0418,0.0848,0.4,113.507,4
spotify:track:7KA4W4McWYRpgf0fWsJZWB,"See You Again (feat. Kali Uchis)","Flower Boy","Tyler, The Creator;Kali Uchis",2017-07-21,180386,89,true,,2024-11-03T17:47:49Z,"","Columbia",0.558,0.559,6,-9.222,1,0.0959,0.371,0.00000749,0.109,0.62,78.558,4
spotify:track:5TxRUOsGeWeRl3xOML59Ai,"ARE WE STILL FRIENDS?","IGOR","Tyler, The Creator",2019-05-17,265480,83,true,,2024-11-03T16:46:25Z,"","Columbia",0.216,0.497,10,-8.025,1,0.0371,0.128,0.00000239,0.111,0.313,187.308,3
spotify:track:50q2aUjWoTn6CJIfSPRJQA,"(They Long To Be) Close To You","Close To You","Carpenters",1970,276000,65,false,,2024-11-03T16:14:20Z,"christmas,adult standards","A&M",0.532,0.244,8,-14.652,1,0.0327,0.707,0.0000456,0.122,0.238,89.327,4
spotify:track:2La21GqU4fKTQLcfLxTeoz,"Agitations tropicales","Odyssée - EP","L'Impératrice",2015-10-12,248892,68,false,,2024-11-03T16:07:20Z,"french indie pop,french house,french pop","microqlima",0.76,0.401,1,-9.537,0,0.0674,0.564,0.259,0.0977,0.619,115.989,4
spotify:track:5T00EN4oZmDQx3hqVAC4Fx,"Heaven","The Land Is Inhospitable and So Are We","Mitski",2023-09-15,224333,59,false,,2024-11-03T14:06:17Z,"","Dead Oceans",0.296,0.296,2,-11.846,1,0.0289,0.875,0.248,0.115,0.328,71.648,4
spotify:track:21yRtB6B8EMounImAfHRCP,"Who Dat Boy (feat. A$AP Rocky)","Flower Boy","Tyler, The Creator;A$AP Rocky",2017-07-21,205093,64,true,,2024-11-01T18:34:28Z,"rap","Columbia",0.706,0.485,8,-9.671,1,0.331,0.337,0,0.122,0.144,115.414,4
spotify:track:1QoyuMHNBe7lg3YW4Qtll4,"St. Chroma (feat. Daniel Caesar)","CHROMAKOPIA","Tyler, The Creator;Daniel Caesar",2024-10-28,197019,77,true,,2024-11-01T18:29:19Z,"","Columbia",0.576,0.884,0,-5.058,1,0.555,0.357,0,0.368,0.373,150.45,4
spotify:track:2dKkVF2m160z0RNDN2dddc,"NISSAN ALTIMA","Alligator Bites Never Heal","Doechii",2024-08-30,126832,77,true,,2024-11-01T18:26:35Z,"","Top Dawg Entertainment/Capitol Records",0.974,0.711,11,-5.206,0,0.194,0.0988,0.0000392,0.0888,0.328,117.038,4
spotify:track:6PUPRb62MyZo6MRlEQZKFq,"Dusk","Glow","Alice Phoebe Lou",2021-03-19,171890,29,false,,2024-11-01T13:34:22Z,"","Alice Phoebe Lou",0.852,0.3,9,-6.742,0,0.0713,0.194,0.0259,0.112,0.575,94.006,4
spotify:track:7M7EKn4FPDVeHXEGUureMm,"Forgot Again","Loving","Loving",2016-06-11,120842,0,false,,2024-11-01T13:32:07Z,"","Blue Heron Music",0.595,0.597,7,-8.994,1,0.0253,0.159,0.778,0.15,0.232,81.774,4
spotify:track:3J58Ccc5iTbCRnYx2xjo6d,"Animal Instinct","Bury The Hatchet","The Cranberries",1999-04-19,211066,66,false,,2024-10-29T15:23:43Z,"","Island Records",0.61,0.85,4,-5.411,0,0.0307,0.089,0,0.256,0.604,132.174,4
spotify:track:6BrMEbPSSj55nQhkgf6DnE,"Please, Please, Please, Let Me Get What I Want - 2011 Remaster","Hatful of Hollow","The Smiths",1984,112706,80,false,,2024-10-29T14:55:11Z,"new wave,madchester,jangle pop","WM UK",0.241,0.468,2,-9.579,1,0.0272,0.534,0,0.161,0.451,91.581,3
spotify:track:1Hv1VTm8zeOeybub15mA2R,"Smooth Operator - Single Version","The Best of Sade","Sade",1994-10-31,258693,83,false,,2024-10-28T17:55:09Z,"","Epic",0.734,0.58,9,-6.619,0,0.0321,0.238,0.0006,0.0298,0.962,119.336,4
spotify:track:7MDfN1ldfTMtuXXdVz2Pzc,"Tears Dry On Their Own","Back To Black (Deluxe Edition)","Amy Winehouse",2006,186440,75,true,,2024-10-28T17:49:23Z,"","Universal-Island Records Ltd.",0.634,0.543,1,-13.391,0,0.182,0.525,0,0.232,0.468,121.56,4
spotify:track:0gq91ysNXthd92AqCGYVzy,"I Can't Catch You","Sixpence None The Richer","Sixpence None The Richer",1997-11-22,252666,40,false,,2024-10-28T17:44:31Z,"","Curb | Word",0.463,0.728,7,-6.918,1,0.0242,0.00532,0.0949,0.312,0.541,98.594,4
spotify:track:1FvDJ9KGxcqwv1utyPL3JZ,"This Charming Man - 2011 Remaster","The Smiths","The Smiths",1984-02-20,162920,80,false,,2024-10-28T17:43:55Z,"new wave,madchester,jangle pop","WM UK",0.611,0.846,11,-5.9,1,0.0436,0.00509,0,0.0784,0.751,103.912,4
spotify:track:4feXcsElKIVsGwkbnTHAfV,"Somethin' Stupid","The World We Knew","Frank Sinatra;Nancy Sinatra",1967-08,162493,79,false,,2024-10-28T17:28:27Z,"christmas,big band,adult standards,swing music,jazz,vocal jazz","FRANK SINATRA DIGITAL REPRISE",0.257,0.338,4,-12.902,1,0.0357,0.736,0,0.252,0.544,207.356,4
spotify:track:3yUcJwYu7fXAfqMj9krY6l,"Thank You","No Angel","Dido",1999,218360,80,false,,2024-10-28T17:17:08Z,"","Sony BMG Music UK",0.725,0.583,1,-9.942,0,0.0427,0.3,0.000238,0.0665,0.762,79.984,4
spotify:track:1A8QcZJKhUmJwdqzoAahvR,"Open My Door","Shelter","Alice Phoebe Lou",2023-07-07,153110,65,false,,2024-10-24T22:47:58Z,"","Alice Phoebe Lou",0.498,0.499,0,-6.681,1,0.0302,0.264,0.000605,0.269,0.559,144.84,3
spotify:track:6DaiwReJVDozrI52XJeORQ,"The Other Side","Paul Vibhavadi Vol. 1","Phum Viphurit",2024-10-17,198000,16,false,,2024-10-23T04:20:40Z,"bedroom pop","9 Kick CO., LTD",0.617,0.906,8,-7.275,0,0.0399,0.035,0.408,0.386,0.664,120.01,4
spotify:track:3vOvc78ZqpgmPLH9bRutsE,"A Long Drive Back","A Long Drive Back","Vansire",2022-04-27,189186,21,false,,2024-10-21T15:21:39Z,"bedroom pop","Vansire",0.699,0.629,1,-8.965,0,0.0315,0.437,0.0352,0.161,0.576,119.007,4
spotify:track:1vZ0a1HcvtsiJf7Erf6q3h,"Night Vision","Night Vision","Vansire;Barrie",2022-04-14,118040,19,false,,2024-10-21T15:20:50Z,"bedroom pop,dream pop","Vansire",0.685,0.491,7,-9.193,1,0.0292,0.638,0.236,0.122,0.732,121.098,4
spotify:track:7zpAgIVkp8OCKrqqXOwFIc,"Vivienne","Vivienne","Vansire;MUNYA",2022-03-31,177280,20,false,,2024-10-21T15:19:33Z,"bedroom pop","Vansire",0.716,0.332,9,-12.474,1,0.0323,0.815,0.0068,0.126,0.504,112.901,4
spotify:track:1IyQVkQ5aZUg39cFPwQelq,"Kind of a Nice Time","Kind of a Nice Time","Vansire",2022-03-11,192026,23,false,,2024-10-21T15:15:17Z,"bedroom pop","Vansire",0.648,0.474,2,-10.315,1,0.0285,0.555,0.24,0.117,0.608,127.976,4
spotify:track:6yDGHpQjSJOhNOsxEx7Imm,"Daily Dose","Kalari","Hanumankind",2019-12-27,180000,0,true,,2024-10-21T14:58:09Z,"malayalam hip hop,desi hip hop","Hanumankind",0.721,0.662,5,-13.548,1,0.232,0.262,0,0.18,0.196,100,4
spotify:track:4ceWmKRPe3PGXz4ZyEt3le,"옛 사랑","이문세 7집 VII","Lee Moon Sae",1991-09-17,286589,0,false,,2024-10-21T14:53:44Z,"k-ballad","Younghoon Music",0.488,0.105,9,-17.885,1,0.0341,0.656,0.013,0.102,0.215,127.708,4
spotify:track:5uhx05KClZu3Hexwn3TLeY,"S.L.A.B","S.L.A.B","Parimal Shais;Hanumankind",2020-07-30,177513,40,true,,2024-10-21T14:36:46Z,"malayalam hip hop,desi hip hop,tamil hip hop,hindi hip hop,tamil indie","WYZE",0.838,0.62,7,-7.479,1,0.197,0.0341,0,0.0812,0.798,90.042,4
spotify:track:630ZXewu63FXyhoiKpO6tC,"DAMNSON","DAMNSON","Hanumankind",2021-08-27,150943,52,true,,2024-10-21T14:23:35Z,"malayalam hip hop,desi hip hop","The illage",0.807,0.681,10,-6.057,1,0.172,0.358,0.0225,0.301,0.528,158.992,4
spotify:track:1WOLOzZPyjUpJUnEI7kLI1,"Lola's Chant","Lola's Chant","Hanumankind;Kalmi",2022-02-04,142790,49,false,,2024-10-21T14:16:24Z,"malayalam hip hop,desi hip hop","Hanumankind",0.677,0.709,8,-7.944,1,0.0474,0.0507,0.295,0.135,0.384,129.06,4
spotify:track:7hEc464b5BAE9l4v0M2EUc,"No Job","No Job","Aphi Tenza",2023-04-27,173730,8,true,,2024-10-19T04:36:46Z,"","4664708 Records DK",0.603,0.851,0,-6.963,1,0.235,0.183,0.0000123,0.275,0.838,99.858,4
spotify:track:5veZ2vrmbbF5x2FlHgHC9C,"Pull Up","Grim Adventures","Aphi Tenza",2024-06-10,107019,4,true,,2024-10-19T04:33:20Z,"","4664708 Records DK",0.926,0.13,5,-13.845,1,0.351,0.705,0.000014,0.117,0.627,120.094,4
spotify:track:2uSGV8qKIHlOiT6XwvqOnw,"DOMINIQUE","DOMINIQUE","Aphi Tenza;Father Wethu",2024-06-28,183576,16,true,,2024-10-19T04:27:13Z,"","4664708 Records DK",0.674,0.235,10,-11.256,0,0.371,0.134,0.00223,0.106,0.578,120.03,4
spotify:track:7jay75cMfpEIyIkkvmemYr,"Dorothy","Songs of Her's","Her's",2017-05-12,246230,58,false,,2024-10-17T16:35:46Z,"indie","Heist Or Hit Records",0.518,0.899,1,-4.148,0,0.0384,0.0383,0.903,0.106,0.912,145.04,4
spotify:track:1XrSjpNe49IiygZfzb74pk,"What Once Was","Songs of Her's","Her's",2017-05-12,255067,76,false,,2024-10-17T16:34:35Z,"indie","Heist Or Hit Records",0.526,0.877,3,-4.369,0,0.033,0.172,0.0108,0.223,0.436,145.568,3
spotify:track:75IQVo8hqI1iwVZyvkN2VT,"Show Me How","Show Me How","Men I Trust",2018-02-28,215110,80,false,,2024-10-17T16:33:23Z,"bedroom pop,indie pop","Indie",0.791,0.271,5,-11.959,1,0.0431,0.672,0.543,0.102,0.564,166.002,4
spotify:track:78YJJJH55MSyk7547100sW,"The Day I Tried To Live","Superunknown (Deluxe Edition)","Soundgarden",1994-03-09,320106,64,false,,2024-10-17T16:32:08Z,"grunge,post-grunge,hard rock","Geffen",0.472,0.752,0,-6.051,1,0.0555,0.000164,0.181,0.0903,0.305,133.248,4
spotify:track:5iwUwADk4uQUvgMF6PlTRl,"Upset (feat. Tommy Richman & FELIX!)","Larger Than Life","Brent Faiyaz;FELIX!;Tommy Richman",2023-10-27,177899,70,true,,2024-10-17T16:29:08Z,"r&b","ISO Supremacy under exclusive license to UnitedMasters LLC",0.856,0.5,11,-9.393,1,0.18,0.487,0,0.104,0.886,135.03,4
spotify:track:1zgHn1EqUyA0HqNYMdJ5ia,"Best Time","Larger Than Life","Brent Faiyaz",2023-10-27,82508,76,true,,2024-10-17T16:27:02Z,"r&b","ISO Supremacy under exclusive license to UnitedMasters LLC",0.81,0.307,9,-7.215,1,0.12,0.16,0.00298,0.0779,0.697,92.995,4
spotify:track:3zakx7RAwdkUQlOoQ7SJRt,"GRAVITY (FEAT. TYLER, THE CREATOR)","WASTELAND","Brent Faiyaz;Dahi;Tyler, The Creator",2022-07-08,214692,68,true,,2024-10-17T16:26:15Z,"r&b","Lost Kids LLC., Marketed by Venice / Stem",0.541,0.619,1,-8.746,0,0.254,0.167,0.00633,0.144,0.491,163.908,4
spotify:track:47SjnA9lQy5kPdAejHr9Cw,"Ring Ring","Ring Ring","HONG JIN YOUNG",2017-04-20,197195,0,false,,2024-10-17T16:23:20Z,"","MYSTIC Entertainment",0.873,0.833,1,-4.05,1,0.0599,0.00258,0.000257,0.0452,0.702,127.991,4
spotify:track:3PKPR4pXZHyBp4FsKC6mPb,"Heart To Heart","恋したくなるラブソング","Mac DeMarco",2023-03-30,211140,0,false,,2024-10-17T16:21:42Z,"indie,lo-fi indie","UME - Global Clearing House",0.901,0.137,8,-16.127,0,0.104,0.664,0.402,0.109,0.643,150.069,4
spotify:track:5hCM5P0D9kmvC0UaLLA0rP,"Follow the Leader","Hang","Foxygen",2017-01-20,253226,32,false,,2024-10-17T16:19:49Z,"baroque pop,neo-psychedelic","Jagjaguwar",0.514,0.589,2,-8.249,1,0.032,0.0655,0.0000544,0.0862,0.726,115.284,4
spotify:track:5JSJ5n4xz6RjkiIzT4SODm,"Dog Years","Deep Dream","Daddy Issues",2017-05-19,251200,0,false,,2024-10-17T16:15:27Z,"riot grrrl,queercore","Infinity Cat Recordings",0.436,0.408,9,-9.825,1,0.0443,0.275,0.0000344,0.125,0.137,158.562,4
spotify:track:07xXXWja4pY4CVhD5PmlKi,"All Swans Look Alike","crab","Crab",2023-11-08,127445,0,false,,2024-10-17T16:13:47Z,"","Moozik Music Records",0.527,0.505,7,-7.861,1,0.0265,0.577,0.967,0.227,0.241,91.407,4
spotify:track:2m5dZNPs0NGfRmJn1ZRJNE,"Fuck My Landlord - (Live at Pete's Candy Store)","Live at Pete's Candy Store","Crab",2024-03-31,208283,1,true,,2024-10-17T16:11:39Z,"","Moozik Music Records",0.262,0.924,7,-6.319,1,0.136,0.00104,0.0085,0.923,0.538,91.369,4
spotify:track:31Wlc9ZnraX3JxrvMg9e8H,"3 Boys","3 Boys","Omar Apollo",2023-02-17,209188,55,false,,2024-10-17T16:00:02Z,"bedroom pop","Warner Records",0.548,0.456,9,-5.979,1,0.0703,0.813,0.00464,0.122,0.53,173.839,3
spotify:track:7BDbyDs5FUmnh955RABFd7,"Good Kisser","Free Yourself Up","Lake Street Dive",2018-05-04,218493,62,false,,2024-10-17T15:58:13Z,"","Nonesuch",0.485,0.591,10,-3.888,1,0.0453,0.119,0.00278,0.0787,0.636,160.336,4
spotify:track:2EoOZnxNgtmZaD8uUmz2nD,"Black Hole Sun","Superunknown (Deluxe Edition)","Soundgarden",1994-03-09,318586,82,false,,2024-10-17T14:57:46Z,"grunge,post-grunge,hard rock","Geffen",0.35,0.828,6,-5.373,1,0.041,0.000217,0.000161,0.0774,0.147,105.435,4
spotify:track:0dOg1ySSI7NkpAe89Zo0b9,"Born in the U.S.A.","Born In The U.S.A.","Bruce Springsteen",1984-06-04,279786,76,false,,2024-10-15T01:47:30Z,"","Columbia",0.398,0.952,4,-6.042,1,0.061,0.000373,0.0000775,0.1,0.584,122.093,4
spotify:track:0y9uTzK9cNKSAEHnpeRG8C,"DUCKWORTH.","DAMN.","Kendrick Lamar",2017-04-14,248613,71,true,,2024-10-12T15:59:48Z,"hip hop,west coast hip hop","Aftermath",0.552,0.731,7,-6.873,1,0.615,0.0536,0,0.258,0.632,174.516,4
spotify:track:06FCvd7rrRcF3DdvWH5Isp,"LUST.","DAMN.","Kendrick Lamar",2017-04-14,307880,63,true,,2024-10-12T15:34:57Z,"hip hop,west coast hip hop","Aftermath",0.678,0.562,3,-9.197,0,0.508,0.193,0,0.104,0.566,94.241,4
spotify:track:7KXjTSCq5nL1LoYtL7XAwS,"HUMBLE.","DAMN.","Kendrick Lamar",2017-04-14,177000,85,true,,2024-10-11T03:10:39Z,"hip hop,west coast hip hop","Aftermath",0.908,0.621,1,-6.638,0,0.102,0.000282,0.0000539,0.0958,0.421,150.011,4
spotify:track:3QS9ZCtoSCJhmaJ7QNXSAS,"act ii: date @ 8 (feat. Drake) - remix","act ii: date @ 8 (feat. Drake) [remix]","4batz;Drake",2024-03-08,231338,71,true,,2024-10-09T14:23:52Z,"rap","4batz / OVO Sound",0.55,0.545,0,-9.304,1,0.163,0.318,0,0.0608,0.412,102.469,4
spotify:track:4C5GsegFD0j5ujSr1y93Oj,"Knocks Me Off My Feet","Songs In The Key Of Life","Stevie Wonder",1976-09-28,216426,60,false,,2024-10-08T06:29:15Z,"motown,classic soul,soul","UNI/MOTOWN",0.496,0.488,5,-14.195,1,0.0305,0.295,0.00000685,0.132,0.396,181.042,4
spotify:track:3pyyGVqWvRMq43qtJBzxe0,"Kids","Kids","Current Joys",2015-03-08,269142,2,false,,2024-10-08T03:09:08Z,"lo-fi indie","Current Joys",0.828,0.66,6,-9.669,1,0.0337,0.508,0.403,0.0755,0.904,113.45,4
spotify:track:7yNf9YjeO5JXUE3JEBgnYc,"Babydoll","Don't Forget About Me, Demos","Dominic Fike",2018-10-16,97960,84,false,,2024-10-08T03:07:37Z,"","Columbia",0.762,0.604,7,-5.296,0,0.11,0.114,0,0.0271,0.847,168.007,4
spotify:track:5usQET86kxSpLdk7iCP1pw,"A Loving Feeling","Puberty 2","Mitski",2016-06-17,92089,60,false,,2024-10-08T03:04:09Z,"","Dead Oceans",0.316,0.76,9,-8.69,1,0.0564,0.0000135,0.0000738,0.166,0.337,147.212,4
spotify:track:3NE5nGm06kB8QQbQqJaOke,"Once More to See You","Puberty 2","Mitski",2016-06-17,180999,70,false,,2024-10-08T03:02:26Z,"","Dead Oceans",0.542,0.411,9,-13.653,1,0.0415,0.164,0.0128,0.103,0.348,92.969,4
spotify:track:7g5qe8VITjr13RIe8uM2p6,"Your Best American Girl","Puberty 2","Mitski",2016-06-17,212183,69,false,,2024-10-08T02:59:37Z,"","Dead Oceans",0.362,0.258,7,-9.655,1,0.0315,0.0165,0.00714,0.231,0.133,77.021,4
spotify:track:3wk5UPZ5cVFD6rBpQsFQyD,"I Want You Back","Metamorphosis Complete","Infinity Song",2024-06-14,182105,40,false,,2024-10-08T02:56:54Z,"","Roc Nation Records, LLC",0.627,0.388,4,-10.969,1,0.0278,0.634,0.00178,0.248,0.645,96.01,4
spotify:track:5xoYormSTltk6F9SlQV6mm,"Mirror","Mr. Morale & The Big Steppers","Kendrick Lamar",2022-05-13,256006,63,true,,2024-10-08T02:15:17Z,"hip hop,west coast hip hop","pgLang/Top Dawg Entertainment/Aftermath/Interscope Records",0.652,0.67,2,-8.766,1,0.0639,0.225,0.000014,0.0804,0.274,91.933,4
spotify:track:5Gt9bxniM1SxN61yRzRhXL,"United In Grief","Mr. Morale & The Big Steppers","Kendrick Lamar",2022-05-13,255377,75,true,,2024-10-08T02:11:28Z,"hip hop,west coast hip hop","pgLang/Top Dawg Entertainment/Aftermath/Interscope Records",0.529,0.845,8,-8.142,1,0.404,0.244,0,0.143,0.331,85.63,3
spotify:track:47FkzJm1bUaIc0OaGZvslL,"Great Adventures","Super Tecmo Bo","Boldy James;The Alchemist",2021-12-17,107253,61,true,,2024-10-08T01:52:14Z,"jazz rap,boom bap,alternative hip hop,experimental hip hop","ALC / Boldy James",0.499,0.468,1,-11.023,1,0.522,0.703,0,0.167,0.719,163.117,4
spotify:track:6Nr40AS5eNsfFjpMrisCY3,"Te Olvidaste","El Madrileño","C. Tangana;Omar Apollo",2021-02-26,187520,57,true,,2024-10-08T01:39:45Z,"bedroom pop","Sony Music Entertainment",0.795,0.361,3,-10.701,0,0.227,0.625,0.00477,0.114,0.346,88.036,4
spotify:track:30jui3PqevssdIVpjEWM38,"Is there free breakfast here?","Ugly Duck","Hotel Ugly",2023-03-24,129199,66,false,,2024-10-05T00:55:40Z,"","Hotel Ugly under exclusive license to Amuseio AB",0.615,0.373,2,-10.173,1,0.0278,0.597,0.00312,0.224,0.337,74.986,4
spotify:track:4zIeRcsaho6lZuaXEYR1y3,"Easier Said Than Done","Thee Sacred Souls","Thee Sacred Souls",2022-08-26,174706,72,false,,2024-10-05T00:49:55Z,"retro soul","Penrose / Daptone Records",0.547,0.399,10,-9.808,1,0.0246,0.668,0.00000281,0.132,0.563,84.127,4
spotify:track:6ZaiqbV2GfUtrUlhsu58fN,"Step On Me","First Band On The Moon (Remastered)","The Cardigans",1996-01-01,230185,77,false,,2024-10-05T00:38:22Z,"swedish pop","Universal Music AB",0.331,0.471,2,-5.631,1,0.0299,0.00644,0,0.0653,0.142,90.057,4
spotify:track:6GtX0jaNL8IjVQfrDBx81z,"Bullet With Butterfly Wings - Remastered 2012","Mellon Collie And The Infinite Sadness (Deluxe Edition)","The Smashing Pumpkins",1995,258466,78,false,,2024-10-02T21:43:20Z,"alternative rock,rock","Virgin Records",0.404,0.72,10,-9.18,0,0.0623,0.0000559,0.836,0.0466,0.475,121.864,4
spotify:track:2Bm3YWRxuInth3jRm7o6qm,"Lake Geneva (Claire's Song)","Topeka Clementine Too","Topeka Clementine",2024-05-03,184828,32,false,,2024-10-02T21:36:21Z,"","smoking frog media",0.532,0.328,5,-16.631,1,0.0491,0.879,0.521,0.113,0.349,93.52,4
spotify:track:5fayurvS00m3T7fcXBkb7e,"End Of The World","Covered In Hether","Hether",2023-03-17,160675,30,false,,2024-10-02T21:30:06Z,"bedroom pop","ear slime c/o R&R Digital",0.612,0.175,11,-16.338,0,0.0323,0.97,0.00176,0.131,0.239,95.86,3
spotify:track:5Yx9t9RgATAtYoHN8gbRM0,"Fool","Next Thing","Frankie Cosmos",2016-04-01,124021,71,false,,2024-10-02T21:26:12Z,"bedroom pop","Bayonet Records",0.511,0.435,9,-10.254,1,0.0408,0.301,0.000082,0.255,0.343,120.207,4
spotify:track:6AGklQLROYjvD8qxAPrk3b,"No Thinking Over the Weekend - Bonus Track","The Loneliest Time","Carly Rae Jepsen",2022-10-21,282425,34,false,,2024-10-02T21:19:41Z,"","Silent Records IGA",0.602,0.452,8,-9.924,1,0.0616,0.801,0.234,0.106,0.608,75.004,4
spotify:track:3QUxfS7THpSJUD8C8GJl5v,"Vers la beauté","Vers la beauté","1969 Collective;Matt Holubowski",2022-04-12,261906,7,false,,2024-10-02T21:19:02Z,"folk québécois,indie québécois","Connor Seidel",0.445,0.281,4,-14.559,1,0.0348,0.877,0.498,0.107,0.351,99.465,4
spotify:track:3IVgEYBvkSViPI2nq0uoxJ,"Pleure pas pour moi","1969","1969 Collective;Les sœurs Boulay",2022-04-12,257838,23,false,,2024-10-02T21:18:13Z,"chanson québécoise,folk québécois,pop québécoise,indie québécois,chanson","Connor Seidel",0.544,0.241,6,-11.517,1,0.0332,0.945,0.102,0.0719,0.274,118.64,4
spotify:track:5PA2Q9hBo1gmB3RlA8TZa2,"C’est Comme Ça (Re: Wet Leg)","Re: This Is Why","Paramore;Wet Leg",2023-10-06,144593,46,false,,2024-10-02T21:07:43Z,"pop punk,emo,indie rock,indie","Atlantic Records",0.627,0.755,0,-4.973,1,0.0408,0.00101,0.777,0.0409,0.74,152.169,4
spotify:track:2kM47CzCvo48ZaPGO6LFu2,"Tu danses, condessa","1969","1969 Collective;Safia Nolin",2022-04-12,197320,24,false,,2024-10-02T21:00:54Z,"chanson québécoise,indie québécois,folk québécois","Connor Seidel",0.657,0.334,2,-11.099,1,0.0319,0.792,0.0727,0.118,0.609,119.958,4
spotify:track:0CwmdepOxdzJuRwtRVbmVi,"Même les loups versent des larmes de joie","1969","1969 Collective;Louis-Jean Cormier",2022-04-12,251186,24,false,,2024-10-02T20:48:22Z,"chanson québécoise,folk québécois,pop québécoise,rock quebecois","Connor Seidel",0.398,0.252,7,-14.272,1,0.0366,0.931,0.0247,0.103,0.453,79.065,4
spotify:track:3eze1OsZ1rqeXkKStNfTmi,"Juke Jam (feat. Justin Bieber & Towkio)","Coloring Book","Chance the Rapper;Justin Bieber;Towkio",2016-05-27,219683,57,true,,2024-10-02T20:44:32Z,"","Chance the Rapper",0.505,0.397,5,-9.349,1,0.324,0.716,0,0.0853,0.558,95.063,1
spotify:track:6VndlbaMjAscnEeqrVkMN2,"D.R.A.M. Sings Special","Coloring Book","Chance the Rapper",2016-05-27,101590,42,false,,2024-10-02T20:29:05Z,"","Chance the Rapper",0.404,0.206,3,-12.841,1,0.0409,0.939,0.075,0.138,0.214,148.005,4
spotify:track:1CaX2p62YznZ5d80W2cfDQ,"Crystal","Without A Leg To Stand On","Andrew Bird;Madison Cunningham",2024-09-30,283106,8,false,,2024-10-01T21:09:15Z,"baroque pop,indie folk","Loma Vista Recordings",0.371,0.0939,7,-15.63,0,0.0321,0.928,0.000433,0.11,0.11,140.808,4
spotify:track:6oBIzNjrQ7ibErxk1ZbdfA,"Sadness As A Gift","Sadness As A Gift","Adrianne Lenker",2024-01-17,259015,0,false,,2024-10-01T20:54:24Z,"","4AD",0.53,0.277,9,-11.037,1,0.031,0.862,0,0.112,0.358,115.34,4
spotify:track:7mIL8AaIEk9OeMqMyJBxAF,"FXXK WIT US","SEOULITE","LeeHi;Dok2",2016-03-09,217784,26,true,,2024-09-27T22:28:27Z,"k-ballad,k-pop,k-rap","YG Entertainment",0.761,0.66,5,-5.56,0,0.163,0.0293,0,0.0936,0.397,80.037,4
spotify:track:1MMuD3VaVq7qqfvRgSrbRs,"1, 2, 3, 4","1,2,3,4","LeeHi",2012-10-29,214273,40,false,,2024-09-27T22:27:33Z,"k-ballad,k-pop","YG Entertainment",0.905,0.649,5,-4.116,1,0.0473,0.368,0,0.0881,0.955,115.962,4
spotify:track:2igwAFHhPiH4ey6Q5v0Hkz,"Cheer Up","LIFE NOTE","HONG JIN YOUNG",2014-11-06,204920,31,false,,2024-09-27T19:28:04Z,"","Music K",0.534,0.762,11,-3.202,1,0.0545,0.437,0,0.21,0.518,106.953,4
spotify:track:6ZeUf3BNlHxaOnXNGxoxPm,"Perfect Man","Out Of The Game","Rufus Wainwright",2012-01-01,238373,14,false,,2024-09-26T04:38:48Z,"singer-songwriter","Verve (Adult Contemporary)",0.559,0.665,0,-6.451,1,0.0305,0.0171,0,0.11,0.403,122.635,4
spotify:track:6Qt0KafTAgxOBEi3XFo2eg,"Fuck the Cistem","Mayo Supreme","The Muslims",2019-04-01,172432,30,true,,2024-09-24T05:10:23Z,"queercore,riot grrrl,punk","Don't Panic Records",0.332,0.898,9,-8.259,1,0.0489,0.0129,0.815,0.215,0.671,105.429,4
spotify:track:3iVcZ5G6tvkXZkZKlMpIUs,"Alright","To Pimp A Butterfly","Kendrick Lamar",2015-03-16,219333,80,true,,2024-09-18T23:58:21Z,"hip hop,west coast hip hop","Aftermath",0.796,0.766,7,-5.974,1,0.238,0.0742,0,0.0827,0.558,110.034,4
spotify:track:2ZnuhQ47vsK6Iya6Nsrpj3,"外はいい天気","HAPPY END","Happy End",1973-02-25,140680,23,false,,2024-09-18T23:47:07Z,"kayokyoku,city pop,shibuya-kei","KING RECORDS",0.497,0.46,0,-9.664,1,0.0281,0.0714,0.00165,0.155,0.691,154.995,4
spotify:track:6cvknsiPQN2rHzH3TPL3VZ,"風来坊","HAPPY END","Happy End",1973-02-25,215080,33,false,,2024-09-18T07:17:35Z,"kayokyoku,city pop,shibuya-kei","KING RECORDS",0.467,0.554,2,-10.681,1,0.0338,0.293,0.882,0.0701,0.546,141.512,4
spotify:track:4wx5EtoH5mBXOKKmMOwnH9,"Mary","Concentrate","The Happy Fits",2018-06-15,194733,55,false,,2024-09-18T06:37:26Z,"","The Happy Fits Records",0.564,0.696,7,-3.833,1,0.0906,0.087,0,0.0715,0.604,131.048,4
spotify:track:1yS9wpv8GW2c8tHC7P85JJ,"She Wants Me (To Be Loved)","What Could Be Better","The Happy Fits",2020-08-28,199413,58,false,,2024-09-18T06:37:03Z,"","The Happy Fits Records",0.779,0.727,9,-5.175,1,0.0336,0.109,0,0.0657,0.727,119.935,4
spotify:track:5CBqLg9XdeEHcknJX0fZIJ,"Paul - 2023 Remaster","Masterpiece (2023 Remaster)","Big Thief",2016,183894,69,true,,2024-09-18T06:30:40Z,"","4AD",0.473,0.342,11,-8.568,1,0.0343,0.134,0.0000347,0.115,0.225,123.472,4
spotify:track:4fPBB44eDH71YohayI4eKV,"You Only Live Once","First Impressions Of Earth","The Strokes",2006-01-03,189226,71,false,,2024-09-18T06:14:35Z,"garage rock,indie rock,alternative rock","RCA Records Label",0.63,0.908,11,-2.42,1,0.0326,0.0238,0.592,0.116,0.968,120.522,4
spotify:track:3nexYvisgCoDuNRWUgLSP3,"Down and Out of Time","Divine Discontent","Sixpence None The Richer",2002-10-29,208040,27,false,,2024-09-18T06:01:45Z,"","Curb | Word",0.43,0.6,9,-6.973,1,0.0282,0.000947,0,0.0734,0.396,149.973,4
spotify:track:7Aobt67JnaF7qN8jCCKvHq,"Do You Want To Know A Secret - Remastered 2009","Please Please Me (Remastered)","The Beatles",1963-03-22,117013,68,false,,2024-09-18T05:58:21Z,"classic rock,psychedelic rock","EMI Catalogue",0.673,0.349,4,-12.414,1,0.0368,0.608,0,0.38,0.609,124.451,4
spotify:track:2mxByJWOajjiVsLWjNXvDJ,"Oh! Darling - Remastered 2009","Abbey Road (Remastered)","The Beatles",1969-09-26,207240,71,false,,2024-09-18T05:53:03Z,"classic rock,psychedelic rock","EMI Catalogue",0.422,0.656,4,-8.412,1,0.0397,0.0126,0.0288,0.268,0.55,173.941,3
spotify:track:6RgrpOgbTI3M2qvA8XIvTb,"Shuggie","We Are the 21st Century Ambassadors of Peace & Magic","Foxygen",2013-01-22,201706,51,false,,2024-09-18T05:48:39Z,"baroque pop,neo-psychedelic","Jagjaguwar",0.467,0.645,1,-7.614,0,0.0365,0.101,0.00515,0.144,0.71,127.468,3
spotify:track:47rOmlKHPYyMDM3h6L74Sn,"So Alright, Cool, Whatever","Concentrate","The Happy Fits",2018-06-15,191360,55,false,,2024-09-18T05:41:37Z,"","The Happy Fits Records",0.685,0.642,0,-5.417,1,0.0372,0.0997,0,0.0343,0.763,130.02,4
spotify:track:4OHVCeQYPncEwZOtNAJZZx,"Beetlebum - 2012 Remaster","Blur (Special Edition)","Blur",1997-02-10,305213,65,false,,2024-09-18T05:35:33Z,"britpop,madchester,alternative rock","Parlophone UK",0.542,0.627,0,-7.105,1,0.0243,0.0794,0.000517,0.277,0.814,89.734,4
spotify:track:3UPpzmVM8UHimVKfpAg4xP,"Girl Afraid - 2011 Remaster","Hatful of Hollow","The Smiths",1984,166320,61,false,,2024-09-18T05:34:49Z,"new wave,madchester,jangle pop","WM UK",0.406,0.926,9,-4.875,1,0.0447,0.000108,0.0136,0.125,0.911,175.92,4
spotify:track:37pKTyMwalomKCZjxTc2QZ,"Cherry-coloured Funk","Heaven or Las Vegas","Cocteau Twins",1990-09-17,192466,71,false,,2024-09-18T05:33:19Z,"dream pop,shoegaze,gothic rock","4AD",0.49,0.652,2,-5.813,1,0.0274,0.00196,0.0000624,0.0991,0.339,90.085,4
spotify:track:2G8tfTExxzpRKssKzKwDYV,"Simple And Clean","COLORS","Hikaru Utada",2003-01-29,300760,59,false,,2024-09-18T05:06:52Z,"j-pop,j-r&b,anime","Universal Music LLC",0.592,0.885,5,-4.201,0,0.0489,0.047,0.000134,0.348,0.548,88.012,4
spotify:track:4X0YxjnkSXCeVcYOkkAsyH,"I Can't Be With You","No Need To Argue (The Complete Sessions 1994-1995)","The Cranberries",1994-10-03,187840,8,false,,2024-09-18T04:43:52Z,"","Island Records",0.469,0.752,10,-10.429,1,0.0314,0.0778,0.0000166,0.122,0.708,130.715,4
spotify:track:4Zcz6saEkOII3PlXd9gN3o,"Hermit the Frog","The Family Jewels","MARINA",2009-07-15,215960,66,true,,2024-09-18T04:15:27Z,"","WM UK",0.609,0.679,0,-4.545,1,0.0312,0.243,0,0.199,0.487,122.034,4
spotify:track:0zMAvsQmaQ4DGsmXtKixpn,"Burning Pile","O My Heart","Mother Mother",2008-09-23,262173,1,false,,2024-09-18T04:12:00Z,"","Last Gang",0.516,0.755,5,-3.724,1,0.0383,0.0633,0.00103,0.107,0.165,140.099,4
spotify:track:70WFvp0yF9m1asIb60gKcj,"I Fucked Yr Mom","Juno Goes to the Big House","Sorry Mom",2021-04-20,152363,51,true,,2024-09-18T03:47:43Z,"riot grrrl,queercore","Brandy Melville Records",0.642,0.643,7,-7.7,1,0.0665,0.148,0.000229,0.226,0.219,164.847,4
spotify:track:7Cs95cElrO3PfiftRY0bhC,"Man's World","Man's World (Stripped)","MARINA",2020-12-11,207226,16,false,,2024-09-18T03:40:01Z,"","Atlantic Records",0.496,0.709,5,-5.684,0,0.0307,0.401,0,0.0718,0.226,110.078,4
spotify:track:1yOL7ZiXGx5ULeLoktAUAg,"Bubblegum Bitch","Electra Heart","MARINA",2012-04-27,154666,47,true,,2024-09-18T03:39:00Z,"","Atlantic Records UK",0.495,0.856,0,-5.123,0,0.0311,0.000219,0,0.103,0.609,158.024,4
spotify:track:5aBGhgBAQui7ESYNH0zFJB,"Goodbye, My Danish Sweetheart","Retired from Sad, New Career in Business","Mitski",2013-08-01,137024,66,false,,2024-09-18T03:30:55Z,"","Good Harbor",0.652,0.435,1,-6.586,1,0.0384,0.813,0,0.106,0.473,119.997,4
spotify:track:3soKdLpgZNCtYLRsnwxwfB,"Trigger Of Love","For Abby","JAWNY",2020-10-27,170023,60,true,,2024-09-18T03:19:20Z,"bedroom pop","Johnny Utah LLC",0.661,0.618,6,-5.023,1,0.167,0.371,0.000222,0.114,0.523,75.029,4
spotify:track:5orN4HYGUJS3AqewwwFixi,"Left","i'll be okay","sign crushes motorist",2022-08-05,140624,56,false,,2024-09-18T03:13:33Z,"slowcore","sign crushes motorist",0.637,0.103,7,-28.387,1,0.03,0.985,0.867,0.103,0.128,129.933,4
spotify:track:6pLGnO6JyJdtp4WlX5ixkI,"This Feeling Will Pass","Reject","Take Care",2022-11-10,124687,69,false,,2024-09-18T03:08:28Z,"slowcore","Take Care",0.657,0.0531,2,-25.421,1,0.0332,0.964,0.963,0.107,0.432,100.058,4
spotify:track:3079KgxQ0kntfz3qTunWq6,"O.K.","Grade Pending","Whatever, Dad",2015-07-18,102998,3,false,,2024-09-18T03:06:56Z,"lo-fi indie","Lauren Records",0.66,0.13,7,-17.67,1,0.0497,0.62,0.167,0.612,0.237,130.984,4
spotify:track:11qa6plS660rrrkf6VJ3cX,"03’ Adolescence","2014 Forest Hills Drive","J. Cole",2014-12-09,264213,64,true,,2024-09-14T20:52:55Z,"rap","Roc Nation Records LLC",0.528,0.811,1,-6.181,1,0.59,0.395,0,0.274,0.26,70.58,4
spotify:track:0BpKPyXhWsTaWkgXeOd1Sn,"Thank You for the Venom","Three Cheers for Sweet Revenge","My Chemical Romance",2004-06-08,221093,69,false,,2024-09-13T08:27:43Z,"emo,pop punk","Reprise",0.486,0.977,7,-3.463,1,0.0603,0.00237,0,0.298,0.413,103.501,4
spotify:track:4vpaz6338VqJIeJHq6z2mU,"Interlude","Three Cheers for Sweet Revenge","My Chemical Romance",2004-06-08,57173,56,false,,2024-09-13T08:27:19Z,"emo,pop punk","Reprise",0.502,0.0753,9,-22.703,1,0.0322,0.942,0.314,0.0844,0.0509,132.827,4
spotify:track:5bTuwAgYUD5MABOIPH8ZMt,"You Know What They Do to Guys Like Us in Prison","Three Cheers for Sweet Revenge","My Chemical Romance",2004-06-08,173733,68,true,,2024-09-13T06:00:07Z,"emo,pop punk","Reprise",0.387,0.913,8,-3.761,1,0.0814,0.00366,0,0.136,0.674,185.957,4
spotify:track:0axF06XwNLobcx5z8BVtYw,"Give 'Em Hell, Kid","Three Cheers for Sweet Revenge","My Chemical Romance",2004-06-08,138840,64,false,,2024-09-13T05:56:56Z,"emo,pop punk","Reprise",0.252,0.993,4,-3.079,0,0.16,0.0234,0,0.228,0.118,183.773,4
spotify:track:4R5GN0mBvb6jkRj3Zvyhkl,"Will I See You Again?","Will I See You Again?","Thee Sacred Souls",2020-12-01,240653,78,false,,2024-09-06T08:33:45Z,"retro soul","Penrose Records",0.515,0.451,9,-8.047,0,0.0309,0.405,0.00000112,0.111,0.661,169.931,4
spotify:track:5yq2DMNycreFOtHCBT8npO,"Mountains","On The Inside","Gotts Street Park;ENNY",2023-10-13,157586,61,true,,2024-09-06T08:31:04Z,"uk r&b,alternative r&b","Blue Flowers Music",0.736,0.34,8,-11.305,1,0.207,0.662,0.163,0.107,0.421,83.337,4
spotify:track:6AI3ezQ4o3HUoP6Dhudph3,"Not Like Us","Not Like Us","Kendrick Lamar",2024-05-04,274192,88,true,,2024-09-06T08:13:39Z,"hip hop,west coast hip hop","Kendrick Lamar, under exclusive license to Interscope Records",0.898,0.472,1,-7.001,1,0.0776,0.0107,0,0.141,0.214,101.061,4
spotify:track:4CrSb6QANO8NX2rdLa9Hg7,"God Is Just the Universe","God Is Just the Universe","Corey Kilgannon",2020-04-12,282709,22,false,,2024-09-06T08:10:33Z,"","Corey Kilgannon, under exclusive license to Amuseio AB",0.377,0.153,10,-15.459,1,0.0355,0.648,0,0.108,0.285,84.079,4
spotify:track:60TzCPjii0JKAQtQTENYpn,"Fatal Line","Fatal Line","1969 Collective;Half Moon Run",2022-03-10,181933,47,false,,2024-09-06T08:08:23Z,"","Connor Seidel",0.447,0.442,7,-9.064,1,0.0281,0.822,0.00325,0.0929,0.398,101.793,4
spotify:track:3A4qUZbBLjDWWUJ0ayr6Nk,"Forever Half Mast","Forever Half Mast","Lucy Dacus",2019-06-25,242488,29,false,,2024-09-06T08:04:19Z,"","Matador",0.616,0.469,9,-10.263,1,0.0261,0.128,0.00454,0.124,0.345,109.975,4
spotify:track:0tNuJpBgtE65diL6Q8Q7fI,"On & On","Baduizm","Erykah Badu",1997-01-01,226133,71,true,,2024-09-06T08:03:38Z,"neo soul,r&b","Universal Records",0.761,0.403,11,-10.424,0,0.158,0.0392,0.0113,0.256,0.346,80.476,4
spotify:track:7pv80uUHfocFqfTytu1MVi,"Didn't Cha Know","Mama's Gun","Erykah Badu",2000-10-31,238733,72,false,,2024-09-06T08:03:16Z,"neo soul,r&b","Motown (Kedar)",0.753,0.472,3,-9.761,0,0.121,0.484,0.0127,0.284,0.816,135.276,4
spotify:track:0bYNCS0c6Uimpjcr2gswF0,"Colores Del Mar","PHASOR","Helado Negro",2024-02-09,224845,33,false,,2024-09-06T07:59:07Z,"latin alternative,latin indie","4AD",0.836,0.362,7,-12.282,1,0.134,0.741,0.606,0.111,0.232,96.993,4
spotify:track:16Fp67kTFhH0XK5Cl6Oz7r,"Demolition Lovers","I Brought You My Bullets, You Brought Me Your Love","My Chemical Romance",2002,366560,67,false,,2024-09-06T07:54:11Z,"emo,pop punk","Reprise",0.38,0.797,8,-9.091,1,0.057,0.00184,0.0000142,0.208,0.206,118.64,4
spotify:track:2TktkzfozZifbQhXjT6I33,"Evergreen (You Didn’t Deserve Me At All)","Ivory","Omar Apollo",2022-04-08,216680,79,false,,2024-09-06T07:40:40Z,"bedroom pop","Warner Records",0.697,0.336,9,-10.395,1,0.0424,0.598,0.00528,0.107,0.31,82.029,3
spotify:track:3TqhwOVi57cSV2K0Pr6O1m,"Perfect Dark - Live at RAK","Perfect Dark (Live at RAK)","Flyte;Madison Cunningham",2024-02-09,214467,24,false,,2024-09-06T07:34:22Z,"","Nettwerk Music Group",0.567,0.226,5,-15.531,0,0.0294,0.9,0.283,0.113,0.576,132.568,4
spotify:track:3JsXbXFC3NCs9FdZATyVOU,"Anywhere","In From Japan","Madison Cunningham",2022-07-20,228800,4,false,,2024-09-06T07:24:47Z,"","Verve Forecast",0.683,0.577,11,-9.971,0,0.0431,0.173,0.0000248,0.135,0.522,97.004,4
spotify:track:7LfTX8haVHsWco3kaoHqot,"Plain Letters - Reimagined","Plain Letters (Reimagined)","Madison Cunningham",2021-10-29,273150,23,false,,2024-09-06T07:22:03Z,"","Verve Forecast",0.678,0.378,10,-14.108,0,0.0329,0.779,0.729,0.111,0.318,104.385,4
spotify:track:2kgnKo9QCHpohSPxkDStLy,"In My Life","In My Life","Madison Cunningham",2020-10-09,176320,49,false,,2024-09-06T07:17:15Z,"","Verve Forecast",0.609,0.143,8,-12.388,1,0.0282,0.893,0,0.156,0.189,87.153,4
spotify:track:0LxU43GrDXaH5EMZdNJDtm,"In From Japan","In From Japan","Madison Cunningham",2022-07-20,262934,15,false,,2024-09-06T07:08:43Z,"","Verve Forecast",0.533,0.651,5,-6.763,0,0.0289,0.351,0.127,0.537,0.424,88.485,3
spotify:track:6xB36Rdbu32JzbQGrPcRb7,"So Long, Frank Lloyd Wright","For The Sake Of The Rhyme","Madison Cunningham",2019-03-15,183973,12,false,,2024-09-06T07:06:26Z,"","Verve Forecast",0.616,0.058,7,-15.695,1,0.0496,0.942,0.000508,0.109,0.173,116.912,4
spotify:track:7CsLt58hCzuick2iF92SIr,"All At Once - Solo Version","All At Once (Solo Version)","Madison Cunningham",2018-08-17,247386,7,false,,2024-09-06T06:59:57Z,"","Verve Forecast",0.679,0.202,7,-8.895,1,0.0721,0.918,0.00000665,0.161,0.318,137.78,4
spotify:track:0123Q9pS0KtXal4ejQd0ju,"When Love Loves Alone","Love, Lose, Remember","Madison Cunningham",2018-06-08,270746,21,false,,2024-09-06T06:55:19Z,"","Verve Forecast",0.404,0.181,11,-11.079,1,0.0325,0.579,0.0000209,0.124,0.17,122.383,3
spotify:track:5pCHHyPPDToSIDrU7k0JCs,"I Close My Eyes","I Close My Eyes","Nathan Alef;Madison Cunningham",2000,243715,6,false,,2024-09-06T06:43:35Z,"","Nathan Alef",0.558,0.128,3,-16.027,1,0.0339,0.97,0.0251,0.103,0.35,123.236,3
spotify:track:2DnJjbjNTV9Nd5NOa1KGba,"You're So Vain","No Secrets","Carly Simon",1972,258411,77,false,,2024-09-06T06:42:48Z,"","Rhino/Elektra",0.66,0.68,0,-8.18,1,0.0313,0.153,0.0000067,0.0784,0.671,106.187,4
spotify:track:7uWFUpGuEfmxYeymkV95jn,"Time in a Bottle","You Don't Mess Around With Jim","Jim Croce",1972-04-01,148586,72,false,,2024-09-06T06:40:39Z,"folk rock,singer-songwriter","R2M",0.533,0.157,2,-16.838,1,0.0374,0.888,0,0.108,0.587,134.019,3
spotify:track:54Aa3U7MwohGZz56LMi0Ng,"All That’s Left of Me Is You","Schvitz","Vulfpeck;Theo Katzman",2022-12-30,172607,37,false,,2024-09-06T06:38:03Z,"funk,funk rock,retro soul","Vulf Records",0.644,0.389,6,-9.137,1,0.0279,0.208,0.000793,0.12,0.811,83.748,4
spotify:track:4SqWKzw0CbA05TGszDgMlc,"I Love You So","I Love You So","The Walters",2014-11-28,160239,88,false,,2024-09-06T06:37:46Z,"","Warner Records",0.575,0.648,10,-4.891,1,0.0358,0.583,0,0.115,0.466,75.977,4
spotify:track:3NcheXileql4RI8n6sLumL,"Outta My Head","Outta My Head","Sueco",2024-06-28,172500,50,false,,2024-08-29T23:44:18Z,"","Suecotic Records",0.544,0.872,2,-4.193,0,0.0526,0.00321,0,0.267,0.597,78.071,4
spotify:track:5dlfvkyZOuBCFP1KbzRHUx,"Orange Moon","Mama's Gun","Erykah Badu",2000-10-31,430000,61,false,,2024-08-26T05:13:31Z,"neo soul,r&b","Motown (Kedar)",0.414,0.149,5,-13.976,0,0.037,0.463,0.000273,0.152,0.124,97.638,3
spotify:track:2mDYYGaGd9uXKkK2YhDA3i,"Brooklyn Bridge To Chorus","The New Abnormal","The Strokes",2020-04-10,235946,65,false,,2024-08-23T03:16:44Z,"garage rock,indie rock,alternative rock","Cult Records/RCA Records",0.628,0.571,0,-3.897,1,0.0628,0.00602,0.0000921,0.0833,0.467,119.899,4
spotify:track:6OQEgClxANfwxaRCc8zrHg,"Sunshine Over The Counter","Revealer","Madison Cunningham",2022-09-09,262727,28,false,,2024-08-20T04:41:19Z,"","Verve Forecast",0.696,0.418,8,-11.929,1,0.0365,0.65,0.00000213,0.311,0.573,116.581,4
spotify:track:16g5WqsO9KZCHM9vOpDbWb,"Zillionaire","Under My Influence","The Aces",2020-07-17,193262,25,false,,2024-08-20T04:31:09Z,"","Red Bull Records",0.755,0.691,2,-6.184,0,0.0546,0.0208,0,0.337,0.783,106.997,4
spotify:track:6AAYNz8jXvVlgG9IpYi42Z,"Hunnybee","Sex & Food","Unknown Mortal Orchestra",2018-04-06,268333,60,false,,2024-08-20T04:27:41Z,"neo-psychedelic","Jagjaguwar",0.956,0.377,6,-7.965,1,0.0804,0.566,0.414,0.313,0.566,119.993,4
spotify:track:0ErzcmZ2gIwX7X0xSMQPix,"BOSS","NCT 2018 EMPATHY","NCT;NCT U",2018-03-14,210641,60,false,,2024-08-20T04:27:07Z,"k-pop,noise music","SM Entertainment",0.787,0.543,10,-6.7,0,0.037,0.0233,0,0.0861,0.332,99.026,4
spotify:track:1VLEqquT268Ke46e5DZ1dH,"일곱 번째 감각 The 7th Sense (Sung by TAEYONG, MARK, JAEHYUN, DOYOUNG, TEN)","일곱 번째 감각 The 7th Sense","NCT U",2016-04-09,214035,41,false,,2024-08-20T04:26:01Z,"k-pop,noise music","SM Entertainment",0.682,0.502,2,-9.507,1,0.0713,0.0124,0.00000845,0.107,0.218,108.08,4
spotify:track:1EYSS9Lp7a9f20C3FaOVgI,"Baby Don’t Stop","NCT 2018 EMPATHY","NCT;NCT U",2018-03-14,183019,59,false,,2024-08-20T04:25:21Z,"k-pop,noise music","SM Entertainment",0.827,0.739,8,-6.391,1,0.0744,0.0214,0.00000413,0.043,0.352,95.999,4
spotify:track:3o8QzWsiiqTUVgBZfHgF58,"Cherry Bomb","NCT #127 CHERRY BOMB - The 3rd Mini Album","NCT 127",2017-06-14,236667,61,false,,2024-08-20T04:24:25Z,"k-pop,noise music","SM Entertainment",0.713,0.603,6,-4.896,0,0.287,0.000759,0.00000551,0.0453,0.799,78.027,4
spotify:track:0yc6Gst2xkRu0eMLeRMGCX,"Apocalypse","Cigarettes After Sex","Cigarettes After Sex",2017-06-09,290616,13,false,,2024-08-20T04:07:02Z,"dream pop","Partisan Records",0.369,0.468,5,-9.013,1,0.0273,0.0205,0.566,0.109,0.18,94.434,4
spotify:track:4NnWuGQujzWUEg0uZokO5M,"Just Like Heaven - Remastered 2006","Kiss Me Kiss Me Kiss Me (Remastered 2006)","The Cure",1987-01-01,212013,78,false,,2024-08-20T04:06:02Z,"new wave,post-punk,gothic rock,darkwave","UMC (Universal Music Catalogue)",0.437,0.94,9,-6.946,1,0.0426,0.0524,0.000573,0.222,0.48,151.417,4
spotify:track:21r4kosHuDosz3AIdXqUGk,"Valentine, Texas","Laurel Hell","Mitski",2022-02-04,155015,54,false,,2024-08-16T21:16:40Z,"","Dead Oceans",0.161,0.368,8,-12.4,1,0.036,0.12,0.811,0.115,0.0386,175.778,4
spotify:track:1JbUMtVkQuaAPdHOvncVTm,"Between the Bars","Either/Or","Elliott Smith",1997-02-25,141200,64,false,,2024-08-16T16:47:59Z,"singer-songwriter","Kill Rock Stars",0.523,0.0774,7,-23.594,0,0.0631,0.937,0.886,0.107,0.354,135.207,3
spotify:track:2MR0RhrvX1TTq7D0Jbf5rl,"Dive","Dive","Kisnue",2023-08-21,176761,11,false,,2024-08-16T15:56:28Z,"k-rock,city pop","ADA Korea",0.702,0.476,6,-6.152,0,0.0472,0.0107,0.0000644,0.0477,0.799,142.944,4
spotify:track:3olsCCPxBZp7hjd0pk67DP,"Lonely Mess","Affirmation","Laundry",2019-04-20,258413,33,false,,2024-08-16T15:54:50Z,"","Echo Hill",0.744,0.516,9,-7.445,1,0.044,0.00166,0.0282,0.0888,0.621,128.025,4
spotify:track:4h90qkbnW1Qq6pBhoPvwko,"Sidewalks","Starboy","The Weeknd;Kendrick Lamar",2016-11-25,231360,70,true,,2024-08-16T14:52:28Z,"hip hop,west coast hip hop","Universal Republic Records",0.542,0.72,1,-5.136,0,0.0628,0.147,0,0.348,0.623,149.828,4
spotify:track:67mSO0l0KKmDmdW1z5PwQ7,"Playing God","Playing God","Polyphia",2022-05-10,205925,29,false,,2024-08-16T00:59:11Z,"math rock,djent,progressive metal,progressive rock","Rise Records",0.601,0.789,4,-6.822,0,0.0328,0.0395,0.812,0.114,0.315,137.06,4
spotify:track:5rDXfGMWI6S8wkXR0MHsvv,"love.","0.1 flaws and all.","wave to earth",2023-04-20,307750,2,false,,2024-08-12T04:56:05Z,"","ADA Korea",0.319,0.391,2,-9.758,1,0.0298,0.649,0.296,0.279,0.251,61.921,4
spotify:track:4S0zagxseJHOL5ZVnTQA6X,"Playing God","Remember That You Will Die","Polyphia",2022-10-28,205925,62,false,,2024-08-12T00:16:17Z,"math rock,djent,progressive metal,progressive rock","Rise Records",0.601,0.789,4,-6.822,0,0.0328,0.0395,0.812,0.114,0.315,137.06,4
spotify:track:1158ckiB5S4cpsdYHDB9IF,"My Own Summer (Shove It)","Around the Fur","Deftones",1997-10-27,214760,83,false,,2024-08-12T00:13:34Z,"nu metal,alternative metal,rap metal,shoegaze,rock","Maverick",0.443,0.781,1,-4.277,1,0.0377,0.0000133,0.205,0.166,0.372,71.841,4
spotify:track:0hgOGzUYKKQbQcWDoJpM6H,"Why I'm Here","February Son","Oleander",1999-01-01,238093,53,false,,2024-08-12T00:12:55Z,"post-grunge","Republic",0.642,0.673,8,-7.154,0,0.0248,0.0114,0.00156,0.11,0.423,100.004,4
spotify:track:1qhp5owrFGeZ5Jgin28nwR,"You've Got a Friend","Tapestry","Carole King",1971,309520,64,false,,2024-08-12T00:09:52Z,"singer-songwriter,folk rock","Ode/Epic/Legacy",0.473,0.263,8,-10.684,1,0.0336,0.88,0.0000441,0.123,0.461,169.094,4
spotify:track:6S7o12almFeL57rbRvdY5l,"Vas","Triplbt Theme","jagger finn",2019-08-28,90323,66,false,,2024-08-11T19:19:57Z,"","oakjoi",0.514,0.424,0,-10.645,1,0.0282,0.918,0.849,0.126,0.416,71.114,4
spotify:track:1BbQIyPnuhVIlJEqPcY3Ug,"Six Pieces, Op. 51, TH 143: VI. Valse sentimentale. Tempo di Valse","None but the Lonely Heart","Pyotr Ilyich Tchaikovsky;Daniel Lozakovich;Stanislav Soloviev",2019-10-18,141706,62,false,,2024-08-11T04:45:15Z,"ballet,classical,orchestral","Deutsche Grammophon (DG)",0.252,0.0578,1,-26.184,1,0.0518,0.953,0.0163,0.0721,0.0391,108.013,4
spotify:track:3Eb5sztvEMa0Mqnb8DUAlU,"Come Inside Of My Heart","CLAPCLAPCLAP!","IV OF SPADES",2019-01-18,246396,22,false,,2024-08-09T19:42:46Z,"opm,pinoy indie,harana,p-pop,parang,kundiman","Warner Music Philippines",0.676,0.565,10,-9.411,1,0.03,0.00321,0.000582,0.241,0.689,113.007,4
spotify:track:44zcMuVzpIb0RnzuxipJOn,"How I'd Kill","How I'd Kill","Cowboy Malfoy",2023-02-02,143506,62,false,,2024-08-09T19:25:04Z,"","LUSTRE",0.514,0.368,5,-10.019,0,0.0515,0.73,0.0000072,0.204,0.436,89.318,3
spotify:track:4GPHKDTnrIicHE1WoXueOe,"When We Were Younger","When We Were Younger","grentperez",2023-06-02,234736,48,false,,2024-08-09T19:02:53Z,"","Fast Friends",0.697,0.699,6,-9.789,0,0.0449,0.197,0.00471,0.107,0.898,142.955,4
spotify:track:60JZapt4cncqQ0xG1iM6nM,"暗闇坂むささび変化","風街ろまん","Happy End",1971-11-20,118986,36,false,,2024-07-27T19:10:45Z,"kayokyoku,city pop,shibuya-kei","Sony Music Labels Inc.",0.72,0.592,2,-10.116,1,0.0316,0.631,0.00011,0.0958,0.867,100.453,4
spotify:track:13toFl1UwJPsRxDiD9jgtn,"As","Songs In The Key Of Life","Stevie Wonder",1976-09-28,428222,67,false,,2024-07-26T16:35:49Z,"motown,classic soul,soul","UNI/MOTOWN",0.467,0.869,8,-10.342,0,0.0559,0.0589,0,0.244,0.684,102.376,4
spotify:track:7GVvj4zJNVuBJSl6StEfn5,"Only A Fool Would Say That","Can't Buy A Thrill","Steely Dan",1972-11-01,175273,68,false,,2024-07-13T01:31:08Z,"yacht rock,classic rock","Geffen",0.759,0.367,0,-19.024,1,0.0367,0.848,0.00000112,0.227,0.96,129.882,4
spotify:track:3HdcqQpq7zb5GbEKBDY34p,"Humbug Mountain Song","Absolute Loser","Fruit Bats",2016-05-13,184346,59,false,,2024-07-04T20:23:09Z,"","Easy Sound Recording Company",0.593,0.926,6,-5.361,0,0.0319,0.0355,0.0582,0.311,0.945,100.011,4
spotify:track:7GvlH36ZOoX83QDz5R1jxx,"Debussy: Piano Trio in G Major, CD 5, L. 5: IV. Finale - Appassionato","Debussy: The Complete Chamber Music","Claude Debussy;Renaud Capuçon;Edgar Moreau;Bertrand Chamayou",2018-04-06,318360,11,false,,2024-06-28T08:58:33Z,"impressionism,classical,classical piano,chamber music","Warner Classics",0.305,0.196,5,-17.674,0,0.0427,0.958,0.371,0.171,0.179,84.454,4
spotify:track:1yYlpGuBiRRf33e1gY61bN,"Night Shift","Historian","Lucy Dacus",2018-03-02,391829,66,true,,2024-06-23T20:32:25Z,"","Matador",0.48,0.311,9,-7.887,1,0.0258,0.313,0.0000152,0.113,0.162,86.15,4
spotify:track:6fPan2saHdFaIHuTSatORv,"L’AMOUR DE MA VIE","HIT ME HARD AND SOFT","Billie Eilish",2024-05-17,333986,81,false,,2024-06-23T04:26:30Z,"","Darkroom/Interscope Records",0.467,0.392,9,-9.355,1,0.0908,0.2,0.0174,0.106,0.313,145.104,4
spotify:track:3u9PAti8muEXXvEjeFpQK0,"WHARF TALK (feat. A$AP Rocky)","CALL ME IF YOU GET LOST: The Estate Sale","Tyler, The Creator;A$AP Rocky",2023-03-31,204109,64,true,,2024-06-22T02:10:01Z,"rap","Columbia",0.788,0.744,11,-6.022,1,0.069,0.189,0.0000574,0.196,0.681,96.445,4
spotify:track:17xEsvmC0ChkLDPlQaF2vh,"Meet the Plastics","Mean Girls (Music From The Motion Picture)","Reneé Rapp",2024-01-12,89187,47,false,,2024-06-19T00:24:48Z,"","Paramount Pictures/Interscope Records",0.184,0.599,10,-8.643,0,0.0697,0.0874,0.000324,0.113,0.17,195.463,4
spotify:track:0WAEGVylZjbe2mQ6Or6HxY,"Cannock Chase","Crying Laughing Loving Lying","Labi Siffre",1972,246866,73,false,,2024-06-18T00:21:48Z,"","Edsel",0.381,0.484,6,-11.858,0,0.0334,0.861,0.931,0.129,0.492,123.7,4
spotify:track:7sg9kDT8H2P0wPACXnWRdN,"Tamagotchi","Ivory","Omar Apollo",2022-04-08,168920,46,true,,2024-06-17T15:41:37Z,"bedroom pop","Warner Records",0.755,0.514,11,-6.942,0,0.173,0.083,0,0.128,0.553,133.1,4
spotify:track:26121YtyDrlazXPzMxmJx7,"Touch Therapy","Touch Therapy","Zoe Ko",2024-05-29,149508,35,true,,2024-06-16T06:26:45Z,"","Double Down 11 / Big Loud Rock",0.934,0.732,7,-5.935,1,0.0891,0.0815,0.00075,0.0614,0.782,122.026,4
spotify:track:5N3hjp1WNayUPZrA8kJmJP,"Please Please Please","Please Please Please","Sabrina Carpenter",2024-06-06,186365,80,true,,2024-06-14T06:53:49Z,"pop","Island Records",0.669,0.586,9,-6.073,1,0.054,0.274,0,0.104,0.579,107.071,4
spotify:track:2hsIDYYI4J7hdJeRsiSss0,"After All","After All","noa",2023-05-17,218493,22,false,,2024-06-11T03:35:33Z,"j-pop","noa",0.36,0.951,0,-3.359,1,0.0609,0.0109,0,0.38,0.533,172.05,4
spotify:track:4mDoYdwFGi5nPwwGIKqQnF,"風をあつめて","風街ろまん","Happy End",1971-11-20,246200,49,false,,2024-06-09T21:46:27Z,"kayokyoku,city pop,shibuya-kei","Sony Music Labels Inc.",0.745,0.379,4,-9.771,1,0.0312,0.723,0.000212,0.115,0.838,92.101,4
spotify:track:1uVSlIdG9h6bYgcmlwMdg3,"Mother Nature","Loss Of Life","MGMT",2024-02-23,236426,10,false,,2024-06-08T20:34:57Z,"indie","Sony Music Labels Inc.",0.425,0.727,6,-5.818,1,0.0298,0.159,0.0000677,0.0656,0.431,81.512,4
spotify:track:5WbfFTuIldjL9x7W6y5l7R,"Kingston","Atlanta Millionaires Club","Faye Webster",2019-05-24,202653,79,false,,2024-06-08T06:11:09Z,"","Secretly Canadian",0.73,0.355,10,-9.13,0,0.0359,0.154,0.00155,0.117,0.56,142.143,4
spotify:track:7dJN4NWQuqCjWwIT3UwOps,"Useless","Apolonio","Omar Apollo",2020-10-16,183693,60,false,,2024-06-08T06:09:50Z,"bedroom pop","Warner Records",0.612,0.565,5,-7.609,1,0.0414,0.585,0.00174,0.0827,0.545,89.895,4
spotify:track:6tS5ztRTSwykCL36A1IT7p,"How Can I Be Sure","American Love Call","Durand Jones & The Indications;Aaron Frazer",2019-03-01,232691,40,false,,2024-06-06T00:59:21Z,"retro soul","Dead Oceans",0.419,0.727,1,-6.013,1,0.04,0.593,0.0571,0.116,0.684,151.984,4
spotify:track:5ZK62nSchTamBy8F6HIZov,"Sea Gets Hotter","American Love Call","Durand Jones & The Indications;Durand Jones;Aaron Frazer",2019-03-01,197226,73,false,,2024-06-06T00:54:23Z,"retro soul","Dead Oceans",0.793,0.537,0,-7.123,0,0.0338,0.834,0.00256,0.326,0.778,120.012,4
spotify:track:6q1nZrQOBplr60zI4Kku4a,"Big Dreams","Badkid","Bakar",2018-05-22,153437,49,true,,2024-06-05T21:58:34Z,"","Black Butter",0.637,0.889,11,-6.182,0,0.0757,0.00491,0,0.0731,0.535,180.045,4
spotify:track:3D5wLjpow0gxLybnvkDepo,"Can't Be Still","Didn't (feat. Cavetown)","illuminati hotties",2024-06-05,178362,19,false,,2024-06-05T21:55:29Z,"riot grrrl","Snack Shack Tracks / Hopeless Records",0.76,0.686,5,-4.4,1,0.029,0.14,0.000512,0.0579,0.962,111.013,4
spotify:track:2Oy5czpSv3bQ6AfD2gl8VI,"Didn't (feat. Cavetown)","Didn't (feat. Cavetown)","illuminati hotties;Cavetown",2024-06-05,153372,29,false,,2024-06-05T21:51:30Z,"riot grrrl,bedroom pop","Snack Shack Tracks / Hopeless Records",0.541,0.676,11,-5.087,0,0.0307,0.00755,0.00861,0.181,0.786,178.003,4
spotify:track:1Y1jtaZOJYgXBl7lKdLc9o,"A Cold Sunday","A Cold Sunday","Lil Yachty",2024-02-02,107313,70,true,,2024-06-05T21:47:54Z,"","Quality Control Music/Motown Records",0.575,0.86,9,-3.165,0,0.23,0.298,0,0.0973,0.834,76.54,1
spotify:track:4VIznE5GISZrFlTxFNE7Pc,"World Champ","While We're Here","Marlon Craft",2022-05-18,146953,57,true,,2024-06-05T21:46:31Z,"","HOMECOURT LLC",0.516,0.565,1,-6.77,1,0.207,0.147,0.000285,0.313,0.721,178.177,3
spotify:track:5qbhVL3vB7HwWvb0042B7y,"The Heart Part 5","Mr. Morale & The Big Steppers","Kendrick Lamar",2022-05-13,332228,60,true,,2024-06-05T21:39:43Z,"hip hop,west coast hip hop","pgLang/Top Dawg Entertainment/Aftermath/Interscope Records",0.7,0.812,1,-8.128,0,0.297,0.183,0,0.0756,0.801,97.405,4
spotify:track:7j31rVgGX9Q2blT92VBEA0,"Teenagers","The Black Parade","My Chemical Romance",2006-10-20,161920,82,false,,2024-06-04T04:22:07Z,"emo,pop punk","Reprise",0.463,0.857,4,-3.063,1,0.0632,0.0506,0,0.184,0.856,111.647,4
spotify:track:0ZDwhNFZnPx9EIPCcwGUHC,"Hell N Back (feat. Summer Walker)","Hell N Back (feat. Summer Walker)","Bakar;Summer Walker",2023-09-21,195147,68,true,,2024-06-02T23:55:57Z,"r&b","Black Butter",0.64,0.673,5,-4.519,0,0.563,0.288,0.00000215,0.113,0.736,209.942,4
spotify:track:5SuOikwiRyPMVoIQDJUgSV,"Comedy","Comedy","Gen Hoshino",2022-04-08,230666,63,false,,2024-06-02T20:05:57Z,"j-pop,anime","Speedstar",0.676,0.461,1,-6.746,0,0.143,0.0322,0.00000101,0.358,0.715,87.917,4
spotify:track:6AJppuCk5EE86paOdDI4yL,"Tokuninai","HELP EVER HURT NEVER","Fujii Kaze",2020-05-20,205253,48,false,,2024-06-02T20:03:53Z,"j-pop","Universal Music LLC",0.727,0.563,7,-6.613,1,0.0272,0.0374,0.0000643,0.311,0.588,99.035,4
spotify:track:20oWyi2kyCBXvgmD41XYEm,"Moonlight","Moonlight","Yo-Sea",2023-08-02,209639,44,false,,2024-06-02T19:49:24Z,"j-r&b,j-rap","AOTL",0.816,0.581,0,-5.711,1,0.0331,0.391,0.00000125,0.102,0.719,107.02,4
spotify:track:0eGpcLG96GWVCG4Ix3qLCp,"Summer Soft","Songs In The Key Of Life","Stevie Wonder",1976-09-28,254106,53,false,,2024-06-01T17:29:15Z,"motown,classic soul,soul","UNI/MOTOWN",0.548,0.615,8,-12.019,0,0.0493,0.374,0.000209,0.09,0.218,104.884,4
spotify:track:0yeSknpYINjXT25ilz4wpr,"Untitled","I Don't Wanna Lose","Kate Bollinger",2019-06-21,179500,46,false,,2024-06-01T17:01:41Z,"","Kate Bollinger",0.73,0.51,7,-10.386,1,0.0456,0.369,0.322,0.0925,0.665,78.944,4
spotify:track:6TW4bM3L1tyiUlCnQUkS1U,"Kids","Canyons","Young Gun Silver Fox",2020-02-21,185506,48,false,,2024-05-31T23:35:27Z,"yacht rock,aor","Monty Music Ltd T/A Candelion",0.838,0.635,2,-6.822,1,0.0304,0.254,0.0000436,0.199,0.946,106.918,4
spotify:track:3HkLJLoUHQbKwjn3krWvpg,"Everything’s Beautiful","Everything’s Beautiful","Hiatus Kaiyote",2024-01-23,170479,38,false,,2024-05-27T01:19:13Z,"neo soul,indie soul,alternative r&b","Brainfeeder",0.784,0.49,10,-7.167,0,0.0547,0.145,0.0000376,0.113,0.768,133.366,3
spotify:track:4tDQVquqfcrhldNaI9TZiS,"River","Seed Money","Lamarr Family Values",2019-11-15,190933,0,false,,2024-05-26T20:54:58Z,"","No Seasons",0.796,0.558,3,-8.778,0,0.0492,0.68,0.00942,0.0505,0.735,135.862,4
spotify:track:4i2T7Nm4Q72sNnSlGADSm6,"light","light","wave to earth",2019-11-18,225949,1,false,,2024-05-25T23:04:25Z,"","we are not 0",0.419,0.621,11,-6.901,1,0.0305,0.252,0.0367,0.125,0.727,79.692,4
spotify:track:7BsB19lhDNnk1MgULMyv5p,"summer, night (feat. wave to earth)","summer,night","Jeon Jin Hee;wave to earth",2021-07-01,279613,58,false,,2024-05-25T22:53:01Z,"","Jeon Jin Hee",0.654,0.258,8,-9.468,1,0.0295,0.904,0.382,0.108,0.162,128.091,4
spotify:track:66UcQu5LBo2A7AC0A5r0lI,"Wi Ing Wi Ing","20","HYUKOH",2014-09-18,194866,59,false,,2024-05-25T22:45:12Z,"k-rock,k-ballad","DOOROODOOROO ARTIST COMPANY",0.7,0.696,7,-5.356,1,0.0525,0.262,0,0.107,0.293,124.825,4
spotify:track:6lzDycd60SJ7H8y6wuESGl,"La rue","Troupeau bleu","Cortex",1975-07-15,267320,47,false,,2024-05-24T19:46:44Z,"jazz fusion,jazz funk","Sonodisc",0.583,0.861,0,-9.453,1,0.0684,0.351,0.639,0.101,0.96,98.463,4
spotify:track:0TRaW2iZYe4lEkm6liCcEG,"The Opposite of Afternoon","II (10 Year Anniversary Edition)","Unknown Mortal Orchestra",2023-03-16,325493,33,false,,2024-05-24T19:28:33Z,"neo-psychedelic","Jagjaguwar",0.562,0.574,3,-9.175,1,0.329,0.78,0.18,0.205,0.579,118.601,4
spotify:track:7HoQrIcMEyd0bi9q3xFVhy,"From The Sun","II (10 Year Anniversary Edition)","Unknown Mortal Orchestra",2023-03-16,283506,40,false,,2024-05-24T19:24:12Z,"neo-psychedelic","Jagjaguwar",0.493,0.399,6,-13.652,0,0.0586,0.0415,0.011,0.0936,0.143,83.319,4
spotify:track:0IN0ST4OUeSCWASMGa8DyP,"Gold Past Life","Gold Past Life","Fruit Bats",2019-06-21,209533,15,false,,2024-05-24T18:12:56Z,"","Merge Records",0.803,0.632,0,-8.495,1,0.0313,0.736,0.0374,0.085,0.719,94.002,4
spotify:track:5dkhXb9kA9TRhhC929wbkm,"Alemania","Alemania","Twin Shadow",2021-04-16,235920,31,false,,2024-05-24T18:09:05Z,"","Cheree Cheree",0.533,0.686,1,-5.686,0,0.069,0.0885,0.000052,0.105,0.804,173.938,4
spotify:track:2CJfHjywgcczXQi6Dosw8Q,"What It Is","What It Is","Amber Mark",2021-09-24,325105,43,false,,2024-05-17T23:24:43Z,"alternative r&b,indie soul","EMI",0.7,0.55,11,-5.871,1,0.104,0.16,0.000119,0.0644,0.854,72.997,4
spotify:track:5Xjh7Ew2mqrajmvTTZN231,"Cinema","TOTEP","Kero Kero Bonito",2018-02-20,126306,45,false,,2024-05-17T22:49:59Z,"","Kero Kero Bonito",0.88,0.506,6,-6.664,0,0.0353,0.227,0.0000795,0.074,0.758,114.038,4
spotify:track:3XCveEutwTaDiekRkkfdp9,"Liquid Smooth","Lush","Mitski",2012-01-31,169773,72,false,,2024-05-17T22:48:03Z,"","Good Harbor",0.424,0.342,7,-9.469,0,0.0339,0.838,0,0.136,0.124,76.235,4
spotify:track:6jaD8oGpAkZRvJaZ76amtb,"Pearl Diver","Lush","Mitski",2012-01-31,164226,58,false,,2024-05-17T22:45:44Z,"","Good Harbor",0.324,0.152,0,-11.312,0,0.0392,0.911,0,0.0957,0.174,89.643,4
spotify:track:6DFSJdVNcL31OOpCVjCmRr,"Bellyful","Bellyful","Kettle Boilers",2024-03-08,154786,0,false,,2024-05-12T19:50:43Z,"","Morning Tea Records",0.434,0.736,7,-6.136,1,0.165,0.0708,0.000901,0.906,0.667,140.703,4
spotify:track:3OZljEMmJaeTZ41SeXt8xD,"City Of Sound","City Of Sound","Skull The Pierre;Cloud 9;Kid Kuba;Emileo",2021-05-28,266931,1,true,,2024-05-12T13:00:16Z,"","Skull The Pierre",0.604,0.525,0,-8.163,1,0.47,0.581,0.00000306,0.133,0.693,176.588,4
spotify:track:20A2Xe76p9wxUFLbbzZjTM,"Time in a Bottle","Photographs & Memories: His Greatest Hits","Jim Croce",1974-09-26,148586,64,false,,2024-05-07T22:56:51Z,"folk rock,singer-songwriter","BMG Rights Management (US) LLC",0.533,0.155,2,-16.837,1,0.0376,0.888,0,0.108,0.592,134.019,3
spotify:track:7dLW8Xafiq7m747c5qO5NM,"Daddy Blue","Daddy Blue / O.T.D.","Brad stank",2017-06-22,146646,14,false,,2024-05-03T16:40:38Z,"bedroom pop","B stank",0.822,0.381,6,-11.82,1,0.131,0.491,0.00557,0.284,0.691,108.007,4
spotify:track:3GaamyFHQYbQi1ykc4nV4o,"High","Big Day","Slow Pulp",2019-05-15,152571,58,false,,2024-05-03T05:31:10Z,"","Slow Pulp",0.545,0.434,10,-8.326,1,0.0292,0.157,0.0000263,0.0828,0.234,139.828,4
spotify:track:6tL1I2F1BWhhQpwFUQztEz,"Welcome to Vulf Records","Thrill of the Arts","Vulfpeck",2015-10-09,163218,40,false,,2024-04-27T03:54:09Z,"funk,funk rock","Vulf Records",0.53,0.479,0,-8.474,1,0.0481,0.0105,0.701,0.0957,0.439,152.325,4
spotify:track:4SULy2zFlFpmIPP7KFFTyT,"To Heaven","To Heaven","Jo Sung Mo",1998-09-01,250409,43,false,,2024-04-24T14:38:45Z,"k-ballad","Genie Music Corporation",0.601,0.442,0,-8.139,1,0.026,0.12,0,0.102,0.228,137.777,4
spotify:track:1YXot2MLAG9sttepCtBRM7,"踊り子","replica","Vaundy",2023-11-15,229328,73,false,,2024-04-20T16:49:51Z,"j-pop,japanese indie,j-rock,anime","SDR Inc.",0.712,0.517,7,-10.157,1,0.0533,0.826,0.8,0.0949,0.686,157.038,4
spotify:track:1EKpwGoisV5nUOqqMZ7gAJ,"Simply Paradise","Simply Paradise","Mac DeMarco;Ryan Paris",2023-10-02,155695,42,false,,2024-04-19T19:18:01Z,"indie,lo-fi indie,italo disco,italo dance","Mac DeMarco, LLC",0.836,0.219,2,-12.411,1,0.113,0.785,0.00828,0.0621,0.818,78.759,4
spotify:track:68wrmZ8GgYlidAhERxI0Bz,"Nomad","Up and Away","Σtella;Redinho",2022-06-17,224448,59,false,,2024-04-19T17:55:07Z,"","Sub Pop Records",0.557,0.453,9,-10.129,0,0.0307,0.599,0.455,0.12,0.338,77.019,4
spotify:track:0745BtxSQFmfCX2DIc1DE0,"Tempted","Tempted","Erykah Badu;James Poyser",2019-06-03,234928,27,false,,2024-04-19T17:51:21Z,"neo soul,r&b","Yep Roc Records",0.47,0.765,4,-4.684,1,0.03,0.235,0.00000135,0.0786,0.432,89.905,4
spotify:track:6DYLWAdxEJvwWmT7EkeDkX,"Charmed","Up and Away","Σtella;Redinho",2022-06-17,158359,71,false,,2024-04-19T16:40:14Z,"","Sub Pop Records",0.782,0.359,11,-9.088,1,0.0302,0.417,0.0237,0.203,0.793,98.996,4
spotify:track:093N3AMhUnOeE4wgNRsBOO,"Drunk Walk Home","Bury Me At Makeout Creek","Mitski",2014-11-11,155506,63,true,,2024-04-18T18:11:41Z,"","Dead Oceans",0.331,0.357,9,-7.627,1,0.0339,0.00167,0.0000142,0.189,0.322,172.695,3
spotify:track:2naKTzjNfWcGhOUD7ddm8R,"V for Vanity","Lionfish","T H R O N E;Kingjp",2022-02-25,109218,34,false,,2024-04-18T17:00:31Z,"","Hidden Renaissance",0.654,0.602,1,-7.643,0,0.226,0.837,0,0.608,0.582,73.673,3
spotify:track:754kgU5rWscRTfvlsuEwFp,"Kiss Me","Sixpence None The Richer","Sixpence None The Richer",1997-11-22,208680,85,false,,2024-04-15T23:50:05Z,"","Curb | Word",0.526,0.749,3,-6.964,1,0.0283,0.023,0.00000176,0.0692,0.421,99.982,4
spotify:track:337iXj4y5t06TzMw4kEBvG,"About Last Night..","About Last Night..","Yel",2022-04-04,184000,0,false,,2024-04-14T23:55:57Z,"","Yel",0.765,0.634,9,-7.924,1,0.0245,0.162,0.000853,0.271,0.897,105.97,4
spotify:track:0WbMK4wrZ1wFSty9F7FCgu,"Good Luck, Babe!","Good Luck, Babe!","Chappell Roan",2024-04-05,218423,90,false,,2024-04-12T16:03:32Z,"","Chappell Roan PS/ Island",0.7,0.582,11,-5.96,0,0.0356,0.0502,0,0.0881,0.785,116.712,4
spotify:track:4neIvcVpsrfMaU9r7Ii6L9,"The Warmth","Fat Night","Fat Night",2013-10-08,199115,35,false,,2024-04-12T15:47:14Z,"retro soul","Fat Night",0.735,0.117,5,-11.296,0,0.0415,0.389,0.0251,0.11,0.487,133.486,4
spotify:track:7aQjPecQdIuNd1sz3KCDhD,"Lovefool","First Band On The Moon (Remastered)","The Cardigans",1996-01-01,193953,84,false,,2024-04-12T04:56:56Z,"swedish pop","Universal Music AB",0.704,0.636,9,-6.029,1,0.0252,0.0344,0,0.35,0.89,111.845,4
spotify:track:6SG8lh7fWQ2bahP5WBYePn,"We don't talk together (Prod. by SUGA)","We don’t talk together","Heize;GIRIBOY",2019-07-07,199215,58,false,,2024-04-11T16:08:13Z,"k-ballad,k-pop,k-rap","Genie Music Corporation",0.629,0.736,7,-4.672,1,0.0401,0.039,0,0.333,0.308,97.883,4
spotify:track:6nXiaXqSZAJuOG6q66mZV1,"Lil Baby Crush","Lil Baby Crush","Jordan Ward",2021-09-08,141520,56,true,,2024-04-11T15:58:31Z,"","ARTium Recordings, LLC/Interscope Records",0.858,0.435,6,-9.611,0,0.116,0.566,0.0893,0.106,0.824,136.891,4
spotify:track:1ZEFYW6nPEvIcsIvymgsLk,"WA-R-R","Love Part 1","Colde",2019-05-31,272000,1,false,,2024-04-11T05:12:01Z,"","ADA Korea",0.735,0.358,1,-9.227,0,0.0641,0.873,0,0.102,0.236,112.901,3
spotify:track:1lb0KfG9EyfSBsEifTUtXY,"someday i'll get it","someday i'll get it","Alek Olsen",2023-10-26,94750,77,false,,2024-04-10T04:47:05Z,"","Alek Olsen",0.438,0.051,8,-22.44,1,0.0373,0.93,0.916,0.113,0.102,102.711,3
spotify:track:0QzJS1fQv5l0s1mqKTECRX,"When Memories Snow","The Land Is Inhospitable and So Are We","Mitski",2023-09-15,104253,55,false,,2024-04-10T04:20:57Z,"","Dead Oceans",0.188,0.334,2,-10.25,1,0.0346,0.126,0,0.124,0.297,115.118,4
spotify:track:0Ts1lnK3lYa2dwE2orDJc5,"I Don’t Think That I Like Her","CHARLIE","Charlie Puth",2022-10-07,188507,59,false,,2024-04-09T05:37:09Z,"soft pop,pop","Atlantic Records",0.587,0.548,8,-5.846,0,0.0339,0.396,0,0.109,0.713,186.073,4
spotify:track:0uZFcsx96wzbixsULmrg8o,"Pasilyo","Pasilyo","SunKissed Lola",2022-10-28,270250,75,false,,2024-04-07T15:19:47Z,"opm,harana,pinoy indie,p-pop,parang","Independent",0.716,0.61,2,-4.674,1,0.0348,0.42,0.0000277,0.177,0.41,120.069,3
spotify:track:5CzhAD9QczjC4IYwmlfDPH,"スウェイ・イット・フラ・ガール","Bossa Hula Nova","Lisa Ono",2001-07-11,265933,54,false,,2024-04-06T20:52:59Z,"bossa nova,bolero","Universal Music LLC",0.677,0.324,10,-12.724,1,0.0411,0.865,0.0325,0.182,0.694,120.781,4
spotify:track:60DFlM3IXtn4y1yvbbGbfO,"No Reservations","No Reservations","Jesse Barrera",2023-02-03,183357,3,false,,2024-04-06T19:32:29Z,"","THE JB CAVE Records",0.614,0.608,5,-7.002,1,0.0276,0.105,0.00000402,0.0999,0.767,97.944,4
spotify:track:3sslYZcFKtUvIEWN9lADgr,"First Love/Late Spring","Bury Me At Makeout Creek","Mitski",2014-11-11,278640,77,false,,2024-04-05T12:52:03Z,"","Dead Oceans",0.445,0.543,0,-8.196,1,0.0272,0.000825,0.0137,0.202,0.102,99.963,4
spotify:track:4DHwcXmgTuCjfX9uv9JxmQ,"But It Comes Out Mad","The Iron Pot Cooker","Camille Yarbrough",1975-01-01,379590,28,false,,2024-04-05T02:10:54Z,"","Craft Recordings",0.57,0.394,10,-15.044,0,0.464,0.48,0.000329,0.0996,0.412,153.907,4
spotify:track:2fvdQ1Uq04qE4RLN5zKBXS,"Disco Yes","Geography","Tom Misch;Poppy Ajudha",2018-04-06,280878,61,false,,2024-04-04T04:47:44Z,"indie soul","Beyond The Groove 4",0.926,0.549,9,-6.63,0,0.0935,0.42,0.0399,0.298,0.666,123.044,4
spotify:track:3IML7wv7oeDwAFtpTNG3Mu,"Let You Break My Heart Again (Instrumental Version)","Relaxing Piano Cover Music","Jwlpiano_",2023-06-01,150804,4,false,,2024-03-27T06:17:06Z,"","Jwlpiano_",0.534,0.0651,2,-20.005,1,0.0562,0.995,0.951,0.13,0.108,110.747,4
spotify:track:2c4zwlPMc5dHS3Kg6oeUjk,"Take Yo' Praise","The Iron Pot Cooker","Camille Yarbrough",1975-01-01,253574,60,false,,2024-03-27T05:48:39Z,"","Craft Recordings",0.797,0.529,1,-14.489,1,0.187,0.724,0.00601,0.136,0.527,101.424,4
spotify:track:2fMzYz7gWOpSTATF6N3eJG,"Sunbathing","Sunbathing","Early Eyes",2020-11-13,176786,34,false,,2024-03-26T20:11:32Z,"","Epitaph",0.757,0.677,9,-3.66,1,0.0363,0.0701,0.00263,0.112,0.809,143.973,4
spotify:track:6PwXCodhJyCLhidB3dDr6r,"Love 2 Fast","Apollo XXI","Steve Lacy",2019-05-24,222981,53,false,,2024-03-26T20:08:08Z,"","3qtr",0.43,0.886,0,-4.929,1,0.0562,0.18,0.00175,0.52,0.448,78.986,4
spotify:track:6skUuqrKMQIjjo75hWGAvQ,"Snow Angel","Snow Angel","Reneé Rapp",2023-08-18,215464,61,false,,2024-03-26T20:06:57Z,"","Interscope Records",0.555,0.206,7,-8.032,1,0.0285,0.771,0,0.143,0.181,77.035,4
spotify:track:53Wtf0nywVlP10ejL4un7t,"One Way Mirror","Rick","Ricky Montgomery",2023-09-29,216235,39,false,,2024-03-21T05:19:48Z,"","Warner Records",0.399,0.398,11,-8.887,1,0.0276,0.336,0.213,0.111,0.281,175.822,4
spotify:track:0LACZ5yc1B7U7CIrVcJ6Fe,"Settle Down","It's 2016 Somewhere","Ricky Montgomery",2022-04-15,178590,38,false,,2024-03-21T05:11:56Z,"","Warner Records",0.633,0.836,3,-3.655,1,0.0498,0.00501,0.00000126,0.189,0.464,117.989,4
spotify:track:44olvKgVfAJMgRtxjup3xN,"Sorry for Me","Edits","Ricky Montgomery",2022-12-16,197513,51,false,,2024-03-21T05:05:48Z,"","sped up/slowed down",0.513,0.494,1,-7.407,1,0.0278,0.159,0.000015,0.102,0.316,145.147,4
spotify:track:3LpatCGL0WM7na3JWk1NlY,"It's Ok to Cry","It's Ok to Cry","Ricky Montgomery",2024-01-25,161726,36,false,,2024-03-21T04:59:03Z,"","Warner Records",0.611,0.676,11,-5.818,0,0.033,0.381,0.000645,0.173,0.623,139.966,4
spotify:track:1oXVWCQEtnZ8Fhb3LVwrlA,"Handle With Care","Rabbit Fur Coat","Jenny Lewis;The Watson Twins",2006-01-24,176960,32,false,,2024-03-20T18:43:44Z,"alt country","Loves Way",0.501,0.766,7,-4.536,1,0.0311,0.00316,0.0000133,0.0826,0.788,132.736,4
spotify:track:0Mu66DtSizgRhe5XWTXVkW,"Nostalgia - Live at Funkhaus, 2019","Live at Funkhaus","Alice Phoebe Lou",2020-05-01,217529,0,true,,2024-03-15T23:07:07Z,"","Alice Phoebe Lou",0.42,0.249,9,-12.951,1,0.0449,0.83,0.000155,0.161,0.0953,118.06,3
spotify:track:69583U6PxFGdXzl38vl2IT,"Alyosha","Wimberley","Jesse Woods",2021-09-15,94426,9,false,,2024-03-14T21:20:46Z,"","Only One On The Mountain",0.59,0.52,4,-9.457,0,0.0313,0.813,0.867,0.112,0.564,129.975,3
spotify:track:7LYYciIZ5AfZvYeFzkW4QB,"Pair Of You","BUD","FIG",2022-11-03,144128,37,false,,2024-03-14T21:16:35Z,"bedroom pop","Cob Stand LLC",0.849,0.52,5,-5.971,0,0.227,0.252,0.0000375,0.165,0.869,75.004,4
spotify:track:1ssKH0F6yLc3neySzdUMN2,"NEVER AGAIN","NEVER AGAIN","MICHELLE",2024-01-11,145720,38,false,,2024-03-14T20:28:17Z,"bedroom pop","Atlantic Records",0.817,0.42,11,-8.82,1,0.0329,0.803,0.166,0.108,0.443,95.958,4
spotify:track:0ZgoWqmCBXqyFd67ISSI22,"3AM","Drunk","Thundercat",2017-02-24,75153,49,false,,2024-03-14T00:49:58Z,"","Brainfeeder",0.502,0.413,8,-13.138,1,0.049,0.841,0.819,0.124,0.0827,167.955,4
spotify:track:01SU1hcBKjD27ynsHGCZRD,"Nothing's Warm As Addiction","Wimberley","Jesse Woods",2021-09-15,116280,25,false,,2024-03-13T22:06:10Z,"","Only One On The Mountain",0.647,0.181,0,-12.154,1,0.0279,0.838,0.00452,0.0916,0.237,104.891,3
spotify:track:2OYmCSVGmN5vXuG5dX5LKY,"Are You Serious","Are You Serious","Andrew Bird",2016-01-01,218413,51,false,,2024-03-13T20:00:13Z,"baroque pop,indie folk","Loma Vista",0.749,0.48,0,-8.374,1,0.0285,0.378,0.00132,0.0974,0.664,99.859,4
spotify:track:15z5xDY6UAjEiWoMXhTK3Q,"Death of the Phone Call","Huli Ka","Whatever, Dad",2017-07-26,95000,10,false,,2024-03-12T23:45:08Z,"lo-fi indie","Lauren Records",0.355,0.0817,9,-17.462,1,0.0443,0.982,0.0017,0.102,0.108,148.672,4
spotify:track:0PfVnosPEaMrxj9yQzYqAH,"Cacao and Cocaine","Cacao and Cocaine","SOFIA ISELLA",2024-01-26,161003,56,true,,2024-02-28T16:25:21Z,"pop singer-songwriter","SOFIA ISELLA",0.644,0.562,11,-7.143,0,0.0313,0.415,0.00341,0.192,0.743,96.005,4
spotify:track:0RKKLIOnAPImtlLlYEjbYF,"Rich Girl","Fun Machine EP","Lake Street Dive",2012,217920,66,false,,2024-02-27T22:52:24Z,"","Signature Sounds Recordings",0.679,0.592,6,-6.915,0,0.177,0.172,0.0000307,0.164,0.597,85.844,4
spotify:track:374x1VaWkYVtPHVKLxTDR1,"West Coast City","West Coast City","Tucker Rivera",2020-10-27,195428,0,true,,2024-02-27T22:52:06Z,"","just my bedroom lol",0.607,0.199,10,-17.95,1,0.0644,0.902,0.000876,0.146,0.11,139.835,4
spotify:track:3gZDr9N1bjaHcflabeR7J8,"I'm This","Bismillah","Peter Cat Recording Co.",2019-06-07,278986,4,false,,2024-02-26T23:50:56Z,"indian indie","Panache",0.702,0.281,5,-10.724,1,0.0395,0.832,0.051,0.121,0.23,81.048,4
spotify:track:6dpeobV45p0mzpNFSYIsYm,"Even Though You Said So Easily","Love Part 2","Colde",2023-05-04,206000,0,false,,2024-02-26T23:45:03Z,"","ADA Korea",0.818,0.423,11,-12.115,1,0.0441,0.83,0.0101,0.311,0.561,116.013,4
spotify:track:5BhK8Mho223YLPQOLfzWNP,"Killing Me","Ivory","Omar Apollo",2022-04-08,165320,58,true,,2024-02-25T21:49:35Z,"bedroom pop","Warner Records",0.861,0.27,6,-9.515,0,0.0616,0.301,0.00288,0.124,0.608,84.004,4
spotify:track:260Ub1Yuj4CobdISTOBvM9,"Wet Dream","Wet Leg","Wet Leg",2022-04-08,140080,70,false,,2024-02-25T18:52:22Z,"indie rock,indie","Domino Recording Co",0.721,0.701,2,-5.941,1,0.0306,0.000927,0.026,0.234,0.892,130.091,3
spotify:track:6hu1f1cXSw7OAqhpSQ2zDy,"Dazed and Confused - 1990 Remaster","Led Zeppelin","Led Zeppelin",1969-01-12,386373,65,false,,2024-02-20T17:07:39Z,"classic rock,rock,hard rock,rock and roll","Rhino Atlantic",0.271,0.553,2,-9.526,1,0.0472,0.044,0.0096,0.0999,0.433,86.762,3
spotify:track:5hS8s1Vf4CeSRBT1bTWa39,"Roddy","Twenty Twenty","Djo",2019-09-13,252987,73,false,,2024-02-20T01:11:08Z,"","Djo",0.558,0.522,0,-9.161,1,0.0278,0.112,0.0273,0.0686,0.674,179.982,4
spotify:track:5Qk72xAbHXMzOWL6gS5Gcp,"I Don't Smoke","Bury Me At Makeout Creek","Mitski",2014-11-11,198533,67,false,,2024-02-19T04:30:58Z,"","Dead Oceans",0.133,0.54,1,-7.108,1,0.0339,0.0000256,0.00805,0.114,0.233,143.951,4
spotify:track:5e8saCEDfJ2szwaG5gTLwI,"ON THE LINE","GLOW EP","MICHELLE",2024-02-09,150800,31,false,,2024-02-15T20:15:32Z,"bedroom pop","Atlantic Records",0.692,0.531,1,-8.591,0,0.0388,0.738,0.0747,0.115,0.289,149.763,4
spotify:track:0hFTdvxUbHl1CqrdZcbWtZ,"Tummy Hurts","Snow Angel","Reneé Rapp",2023-08-18,168978,67,true,,2024-02-12T07:15:31Z,"","Interscope Records",0.61,0.686,4,-5.821,1,0.265,0.764,0.00000699,0.117,0.481,149.759,3
spotify:track:3ngZf8e29zHlW4gNMQb6IR,"Jobless Monday","Bury Me At Makeout Creek","Mitski",2014-11-11,126746,62,false,,2024-02-09T03:03:37Z,"","Dead Oceans",0.434,0.442,5,-11.217,1,0.03,0.00106,0.0136,0.123,0.203,100.019,4
spotify:track:01vuMD0IeeHeQTSUk0f7iK,"Heat Lightning","Laurel Hell","Mitski",2022-02-04,171931,52,false,,2024-02-09T02:48:45Z,"","Dead Oceans",0.542,0.268,0,-13.54,1,0.0256,0.682,0.00697,0.14,0.255,139.973,4
spotify:track:7gn3NdQez9Pwbqak4gspz5,"Last Words of a Shooting Star","Bury Me At Makeout Creek","Mitski",2014-11-11,164226,65,false,,2024-02-09T02:35:11Z,"","Dead Oceans",0.391,0.167,2,-19.024,1,0.0362,0.47,0.00097,0.11,0.0965,130.498,3
spotify:track:7FHj19QQigvMH1onMYRNLn,"I Want You","Retired from Sad, New Career in Business","Mitski",2013-08-01,183792,73,false,,2024-02-09T02:17:03Z,"","Good Harbor",0.339,0.292,3,-11.294,1,0.0348,0.514,0,0.0713,0.0655,131.702,3
spotify:track:47k7FCxk7ylTwKCnJ3QTVc,"Brand New City","Lush","Mitski",2012-01-31,132773,68,false,,2024-02-09T02:14:41Z,"","Good Harbor",0.482,0.829,5,-5.956,0,0.0587,0.0499,0,0.0824,0.657,148.119,4
spotify:track:5GOVjC32dV7jhi23SbeyWs,"Mannie's Smile","Invitation to Her's","Her's",2018-08-24,220376,49,false,,2024-02-08T06:45:25Z,"indie","Heist Or Hit Records",0.561,0.79,5,-4.938,1,0.0301,0.0000529,0.825,0.257,0.712,150.046,4
spotify:track:1camd9eP6HEbhNjXww8FKN,"Sunflower","Sunflower","Michele Leigh",2020-04-21,165254,54,false,,2024-02-08T03:27:28Z,"","Revolution Records",0.683,0.273,7,-11.458,1,0.0285,0.324,0.0000379,0.244,0.719,90.059,4
spotify:track:59Ap57YVe2HXEhoAQoj6oR,"Running Around","Running Around / All Of Our Days","The Walters",2024-02-02,183489,38,false,,2024-02-07T04:13:37Z,"","The Walters",0.632,0.717,7,-4.458,1,0.0285,0.113,0.0000162,0.128,0.415,110.005,4
spotify:track:6Ijmj8Z0L31hCp5pLZnT5U,"Numb","Numb","Men I Trust",2019-04-12,219340,69,false,,2024-02-06T04:46:23Z,"bedroom pop,indie pop","Independent",0.783,0.303,4,-14.393,1,0.0527,0.811,0.945,0.109,0.65,138.816,4
spotify:track:0R3TWpoxAhT3HDXM7tpRzS,"Ghostride","Jinx","Crumb",2019-06-14,126120,69,false,,2024-02-06T04:33:02Z,"neo-psychedelic,bedroom pop","Crumb Records",0.665,0.351,2,-9.424,1,0.0276,0.516,0.819,0.109,0.451,87.057,4
spotify:track:2JKtCvtxP47fOMYi0BjMoY,"Tree Among Shrubs","Untourable Album","Men I Trust",2021-08-25,188301,65,false,,2024-02-06T04:29:08Z,"bedroom pop,indie pop","Independent",0.713,0.443,11,-11.704,0,0.0538,0.656,0.799,0.111,0.848,76.79,4
spotify:track:1OrD9RkuBnoNrrURFap9wi,"Like or Like Like","Tell It to the Volcano","Miniature Tigers",2009-09-22,158653,13,false,,2024-02-06T04:24:32Z,"","Modern Art Records",0.753,0.534,2,-4.661,1,0.0277,0.0339,0.00000732,0.0972,0.847,96.073,4
spotify:track:5u9cuDcYdOpSRB7fAYXXdp,"Marcel","Songs of Her's","Her's",2017-05-12,187571,65,false,,2024-02-06T04:22:12Z,"indie","Heist Or Hit Records",0.625,0.645,9,-5.959,1,0.0278,0.54,0.0776,0.347,0.685,106.996,4
spotify:track:7H7NyZ3G075GqPx2evsfeb,"Chamber Of Reflection","Salad Days","Mac DeMarco",2014-04-01,231723,83,false,,2024-02-04T08:57:26Z,"indie,lo-fi indie","Captured Tracks",0.538,0.557,11,-8.678,1,0.0914,0.262,0.914,0.102,0.506,131.03,4
spotify:track:2X485T9Z5Ly0xyaghN73ed,"Let It Happen","Currents","Tame Impala",2015-07-17,467586,84,false,,2024-02-04T08:56:36Z,"neo-psychedelic,indie","Universal Music Australia Pty. Ltd.",0.602,0.881,1,-5.875,0,0.0443,0.00462,0.0266,0.111,0.577,125.012,4
spotify:track:69hJY5BFX3uxCqWK1MSUl1,"Paradise Cinema","Norm","Andy Shauf",2023-02-10,191866,29,false,,2024-02-04T07:44:21Z,"","Anti/Epitaph",0.484,0.253,9,-15.783,1,0.0299,0.785,0.0956,0.108,0.228,134.749,4
spotify:track:15WJWyrI3c6aRuvbYgMcKv,"Wasted On You","Norm","Andy Shauf",2023-02-10,216186,42,false,,2024-02-04T07:39:45Z,"","Anti/Epitaph",0.636,0.296,7,-14.37,0,0.0679,0.734,0.161,0.113,0.517,85.059,4
spotify:track:46zMfAycgHfH8mq7cm25zX,"Quite Like You","The Party","Andy Shauf",2016-05-20,205525,46,false,,2024-02-04T07:33:25Z,"","Anti/Epitaph",0.898,0.409,8,-11.409,1,0.0842,0.226,0.0638,0.114,0.69,124.082,4
spotify:track:3dsd09qrt34YuS6NPbQtYq,"The Magician","The Party","Andy Shauf",2016-05-20,231838,48,false,,2024-02-04T07:32:52Z,"","Anti/Epitaph",0.572,0.33,9,-8.756,1,0.0278,0.378,0.00266,0.126,0.232,135.116,4
spotify:track:6tDDoYIxWvMLTdKpjFkc1B,"telepatía","Sin Miedo (del Amor y Otros Demonios) ∞","Kali Uchis",2020-12-04,160191,84,false,,2024-02-03T21:43:07Z,"","EMI / Interscope",0.653,0.524,11,-9.016,0,0.0502,0.112,0,0.203,0.553,83.97,4
spotify:track:4IiXEeH2j5FAVfCncumgXw,"P.U.N.K. Girl","Atta Girl","Heavenly",1993-01-01,174733,63,false,,2024-02-03T21:28:00Z,"jangle pop,riot grrrl","SARAH RECORDS",0.351,0.673,9,-11.863,1,0.111,0.0317,0.000199,0.251,0.76,185.778,4
spotify:track:1zFbBrZmJr1Z49HYe84dBg,"Harvey","Invitation to Her's","Her's",2018-08-24,211165,74,false,,2024-02-03T21:18:36Z,"indie","Heist Or Hit Records",0.588,0.855,9,-6.153,1,0.0372,0.0735,0.815,0.128,0.717,141.941,4
spotify:track:7M6KOBCfPzWqbkiaXnm7bd,"Too Close","Party Favors","Sir Chloe",2020-10-23,170575,63,false,,2024-02-03T21:18:17Z,"","Terrible Records",0.42,0.558,9,-5.728,1,0.0509,0.167,0,0.19,0.538,165.987,4
spotify:track:6suxUONtPxkEPL3JHGX9SX,"Talk to You","Edits","Ricky Montgomery",2022-12-16,214724,59,false,,2024-02-03T21:16:32Z,"","sped up/slowed down",0.514,0.671,2,-7.048,1,0.0287,0.048,0.000218,0.194,0.356,179.934,4
spotify:track:7xLfmCx9jcZNgzlIK7NupN,"Stress Relief","Am I sinking or Am I swimming?","late night drive home",2021-09-17,205714,74,false,,2024-02-03T21:15:06Z,"indie","late night drive home, under exclusive license to Amuseio AB",0.519,0.666,8,-7.576,1,0.0318,0.0108,0.000623,0.0781,0.603,139.94,4
spotify:track:7Apo6o7oxgFyXaSmdx6NHN,"Si Te Vas","Donde Estan Los Ladrones","Shakira",1998-09-29,210266,73,false,,2024-02-03T21:08:42Z,"latin pop","Epic",0.677,0.897,2,-5.458,1,0.0393,0.0431,0,0.264,0.828,107.78,4
spotify:track:3ziv4Uszw9iRjUpZt1la0L,"Cut Your Bangs","Torch Song","Radiator Hospital",2014-08-01,126971,51,false,,2024-02-03T17:32:36Z,"midwest emo,anti-folk","Salinas Records",0.548,0.734,2,-4.943,1,0.0274,0.153,0,0.205,0.868,132.684,4
spotify:track:7LkRMFKImnH4Doa33m8LaS,"That I Miss You - Audiotree Live Version","Vansire on Audiotree Live","Vansire;Audiotree",2019-08-28,216105,17,false,,2024-02-03T14:26:59Z,"bedroom pop,math rock","Audiotree Music",0.663,0.672,4,-11.225,1,0.056,0.227,0.00239,0.085,0.831,123.348,4
spotify:track:6ZYS7KJ4eX2VUvXXQrIv7z,"Eleven Weeks - Audiotree Live Version","Vansire on Audiotree Live","Vansire;Audiotree",2019-08-28,195536,16,false,,2024-02-03T14:26:49Z,"bedroom pop,math rock","Audiotree Music",0.42,0.451,8,-13.234,1,0.0376,0.358,0.142,0.131,0.33,167.447,4
spotify:track:3oETdTsdiz6NAXvv9prMxn,"Wonderland - Audiotree Live Version","Vansire on Audiotree Live","Vansire;Audiotree",2019-08-28,126999,14,false,,2024-02-03T14:26:32Z,"bedroom pop,math rock","Audiotree Music",0.411,0.604,6,-12.299,1,0.0491,0.237,0.723,0.196,0.325,119.968,4
spotify:track:7guaCI48i9hGOIbqQUCKCh,"Halcyon Age - Audiotree Live Version","Vansire on Audiotree Live","Vansire;Audiotree",2019-08-28,259402,18,false,,2024-02-03T14:25:00Z,"bedroom pop,math rock","Audiotree Music",0.582,0.652,11,-11.183,0,0.0304,0.308,0.0718,0.113,0.658,93.521,4
spotify:track:4RGWHfQeJftd5XrP8JUgFj,"Metamodernity","Metamodernity","Vansire",2019-06-11,162663,66,false,,2024-02-03T14:24:22Z,"bedroom pop","Vansire",0.823,0.544,5,-10.077,1,0.0358,0.389,0.165,0.108,0.826,121.968,4
spotify:track:5411TEB6tlzvuF5A4oyldr,"Francis Forever","Bury Me At Makeout Creek","Mitski",2014-11-11,149680,74,false,,2024-02-03T14:12:16Z,"","Dead Oceans",0.535,0.448,2,-9.167,1,0.0279,0.00262,0.0000194,0.115,0.32,101.986,4
spotify:track:6lIRYe72fn1pf7TNqfI0ul,"Cheesin’ (with Cautious Clay, Remi Wolf, Still Woozy, Sophie Meiers, Claud, Melanie Faye, & HXNS)","Cheesin'","Cautious Clay;Remi Wolf;sophie meiers;Still Woozy;Claud;Melanie Faye;HXNS",2020-04-22,138000,53,false,,2024-02-03T13:49:44Z,"bedroom pop,indie pop,neo soul","Republic Records",0.818,0.623,9,-5.901,0,0.043,0.201,0,0.112,0.968,120.104,4
spotify:track:205Dyp6IqtOcYRX72QvbB7,"Metamorphosis","Metamorphosis","Infinity Song",2023-10-20,270314,47,false,,2024-02-03T11:46:50Z,"","Roc Nation Records, LLC",0.378,0.408,4,-12.054,1,0.0387,0.692,0.0408,0.1,0.224,122.964,4
spotify:track:5gUiI6bJSPcKM2lwRaLAgE,"Slow Burn","Metamorphosis","Infinity Song",2023-10-20,201808,45,false,,2024-02-02T21:30:48Z,"","Roc Nation Records, LLC",0.512,0.404,11,-12.651,0,0.0328,0.443,0.0019,0.194,0.136,149.922,4
spotify:track:2Co0IjcLTSHMtodwD4gzfg,"I Bet on Losing Dogs","Puberty 2","Mitski",2016-06-17,170240,81,false,,2024-02-02T16:16:16Z,"","Dead Oceans",0.398,0.493,9,-9.561,1,0.0303,0.00347,0.000157,0.106,0.412,82.048,4
spotify:track:3pANfZVFdtuVnJsE6xa5Ox,"Me and My Husband","Be the Cowboy","Mitski",2018-08-17,137141,72,false,,2024-02-02T16:15:34Z,"","Dead Oceans",0.497,0.638,1,-5.31,1,0.0274,0.0467,0,0.385,0.77,172.01,4
spotify:track:0FTpFi1BlqoBVELlh7jK50,"Le Départ","Lotus Glow","Adi Oasis",2023-03-03,59836,56,false,,2024-01-30T02:51:01Z,"indie soul,retro soul,neo soul","Unity Records",0.678,0.339,10,-11.187,0,0.0934,0.823,0.921,0.167,0.478,74.009,3
spotify:track:4qG7hWhljsqqENL5PaLA2z,"Let The Light In (feat. Father John Misty)","Did you know that there's a tunnel under Ocean Blvd","Lana Del Rey;Father John Misty",2023-03-24,278126,78,false,,2024-01-26T22:25:25Z,"","Polydor Records",0.335,0.44,9,-9.748,1,0.0275,0.385,0.00251,0.115,0.198,132.449,4
spotify:track:5jLMFDMUkGpzIgPF2sxWkB,"I Love You, Honeybear","I Love You, Honeybear","Father John Misty",2015-02-10,278720,48,true,,2024-01-26T22:20:46Z,"","Sub Pop Records",0.189,0.726,7,-6.191,0,0.0511,0.303,0.00352,0.0807,0.322,210.495,3
spotify:track:3vjs2MDHoF9xhylNg6Y9un,"Chateau (Feel Alright)","Twenty Twenty","Djo",2019-09-13,272157,76,false,,2024-01-26T06:53:34Z,"","Djo",0.641,0.365,7,-11.765,1,0.027,0.434,0.00000849,0.297,0.343,134.874,4
spotify:track:7pMSBupRMxTmMvoDbESqDy,"Kismet","Blame My Ex","The Beaches",2023-09-15,183873,44,false,,2024-01-26T06:18:38Z,"","The Beaches",0.573,0.747,11,-5.191,1,0.0456,0.0353,0.00000332,0.378,0.828,136.005,4
spotify:track:0vf2eBw2inhl8y61cYQMv2,"Devil Town","Cavetown","Cavetown",2015-11-09,179955,72,false,,2024-01-26T06:11:54Z,"bedroom pop","Oat Milk Industries and Many Hats Endeavors",0.576,0.759,3,-8.165,1,0.0599,0.12,0,0.121,0.501,99.969,4
spotify:track:6WVSnyKQGzs1fosa2I3FMQ,"Shibuya (feat. Syd)","Free Nationals","Free Nationals;Syd",2019-12-13,136831,58,false,,2024-01-25T21:41:07Z,"alternative r&b","OBE, LLC / EMPIRE",0.76,0.665,4,-7.021,0,0.0612,0.105,0.399,0.0945,0.808,92.992,4
spotify:track:582ndoUAn4YIN30NUnK6S2,"Westcoast Collective","Don't Forget About Me, Demos","Dominic Fike",2018-10-16,107280,51,false,,2024-01-25T21:19:25Z,"","Columbia",0.682,0.571,1,-7.169,0,0.0271,0.542,0.00757,0.339,0.539,91.97,4
spotify:track:0iI2cOHpX6xmwKD15Q5ynd,"Breakfast in Bed","Love Me Like","Rayana Jay",2019-03-22,116059,57,true,,2024-01-25T21:17:45Z,"alternative r&b","All Angles / EMPIRE",0.635,0.327,2,-9.77,1,0.436,0.576,0,0.0865,0.552,82.686,4
spotify:track:6BJHsLiE47Sk0wQkuppqhr,"From the Start","From the Start","Good Kid",2023-11-10,150047,76,false,,2024-01-22T16:24:22Z,"","Good People Record Co.",0.573,0.803,1,-4.142,1,0.0451,0.0225,0,0.0841,0.638,92.909,4
spotify:track:3jjsRKEsF42ccXf8kWR3nu,"Washing Machine Heart","Be the Cowboy","Mitski",2018-08-17,128198,83,false,,2024-01-22T16:24:14Z,"","Dead Oceans",0.613,0.822,9,-4.087,1,0.026,0.0092,0.506,0.429,0.567,105.997,4
spotify:track:2DgdHcjWmO3qd50RzuBLgZ,"House of Memories","Death of a Bachelor","Panic! At The Disco",2016-01-15,208706,80,false,,2024-01-19T19:53:20Z,"emo","Decaydance/Fueled By Ramen",0.506,0.817,11,-5.051,0,0.0335,0.00272,0,0.0486,0.506,109.952,4
spotify:track:2vMc8rqFmqs7RFi8NDx0CJ,"Garden","LOVE ALL SERVE ALL","Fujii Kaze",2022-03-23,229333,61,false,,2024-01-19T19:40:04Z,"j-pop","Universal Music LLC",0.589,0.527,4,-8.332,1,0.0572,0.0932,0.000337,0.104,0.576,138.023,4
spotify:track:3VzULnaqPKf1deQyZ5W4Ah,"1980s Horror Film II","1980s Horror Film II","Wallows",2018-10-11,235272,55,false,,2024-01-19T19:30:59Z,"indie","Atlantic Records",0.593,0.658,2,-4.957,1,0.0304,0.0038,0.0126,0.0804,0.27,116.021,4
spotify:track:4tQcyj5488alHT1ZgFduzn,"How Much A Dollar Cost","To Pimp A Butterfly","Kendrick Lamar;James Fauntleroy;Ronald Isley",2015-03-16,261746,63,true,,2024-01-19T19:22:11Z,"hip hop,west coast hip hop,quiet storm","Aftermath",0.624,0.729,1,-4.747,1,0.198,0.415,0,0.135,0.334,87.948,4
spotify:track:1j74ucyp7VtOlJLB6hvFdN,"Sur le boulevard du rythm'funky","Atout. Point De Vue","Soon E Mc",1993,241866,35,false,,2024-01-13T22:39:57Z,"","Parlophone (France)",0.73,0.651,6,-10.79,0,0.083,0.121,0.385,0.17,0.493,94.968,4
spotify:track:7szBZqBJuj9eAC8HJ4CyTM,"That I Miss You","That I Miss You","Vansire",2018-07-17,140116,56,false,,2024-01-10T22:57:22Z,"bedroom pop","Vansire",0.779,0.572,4,-9.259,1,0.0396,0.306,0.739,0.106,0.967,114.994,4
spotify:track:1BLOVHYYlH4JUHQGcpt75R,"Ode To The Mets","The New Abnormal","The Strokes",2020-04-10,351786,75,true,,2024-01-07T13:34:09Z,"garage rock,indie rock,alternative rock","Cult Records/RCA Records",0.426,0.617,1,-5.423,0,0.0289,0.341,0.181,0.101,0.201,92.002,4
spotify:track:1haOf5a6m3hYfj0RIm8JdH,"Lemons","Lemons","Joseph Vincent",2016-08-13,178020,18,false,,2024-01-04T06:04:12Z,"","Joseph Vincent",0.735,0.263,1,-10.485,0,0.0688,0.622,0,0.11,0.434,180.197,4
spotify:track:2h7HwqeaELR1KBkaX97VkT,"wish you were gay","wish you were gay","Joseph Vincent",2019-04-26,135173,19,false,,2024-01-04T06:02:20Z,"","Joseph Vincent",0.92,0.0347,4,-19.39,1,0.066,0.903,0,0.262,0.506,119.83,4
spotify:track:6kkupWXVg8I0XjbCbx7lHu,"La Suerte Llegará","La Suerte Llegará","Alonso Librado",2020-11-13,145374,18,false,,2024-01-04T05:53:33Z,"","Alonso Librado",0.399,0.0385,4,-18.913,0,0.053,0.971,0.837,0.102,0.179,168.721,3
spotify:track:47MzyXmx3gS83nRJXja30e,"Love's Melody","The One and Only","Jimmy Rosenberg;Angelo DeBarre;Biréli Lagrène",2013-07-29,222840,2,false,,2024-01-04T05:52:30Z,"swing music,french jazz,jazz fusion,jazz","Hot Club Records",0.664,0.22,6,-14.384,1,0.0741,0.919,0.618,0.0964,0.459,113.014,4
spotify:track:5It99hHAl6qkSSaq9ObAsa,"I'm in the Mood for Love","The One and Only","Jimmy Rosenberg;Angelo DeBarre;Biréli Lagrène",2013-07-29,433133,8,false,,2024-01-04T05:51:52Z,"swing music,french jazz,jazz fusion,jazz","Hot Club Records",0.42,0.222,2,-15.663,1,0.0478,0.773,0.789,0.103,0.343,72.065,4
spotify:track:6muso4v5TtE4TtCKQQ97S8,"La Ciruela","Desilusión","Nico Play",2022-11-02,197166,0,true,,2024-01-04T05:48:29Z,"","Nico Play",0.657,0.164,3,-10.995,0,0.0511,0.873,0.000174,0.115,0.364,133.691,3
spotify:track:3CH8ti307xUz5NlaHoQBPR,"Como Te Recuerdo","Como Te Recuerdo","Los Temerarios",1998-06-01,305293,73,false,,2024-01-04T05:47:01Z,"grupera,ranchera","Virtus Inc.",0.676,0.482,4,-8.863,1,0.0266,0.484,0.00195,0.129,0.492,90.435,4
spotify:track:5mKwzq7UTXf1xwWcpPoteX,"Mi Vida Eres Tú","Mi Vida Eres Tú","Los Temerarios",1992-06-01,250026,74,false,,2024-01-04T05:46:38Z,"grupera,ranchera","Virtus Inc.",0.636,0.376,2,-12.381,1,0.0275,0.354,0.0000827,0.0826,0.472,88.012,4
spotify:track:67WSWDDuEEmBIXTchwACs1,"Tonto Perdedor","Tu Veneno Mortal, Vol. 2","Eslabon Armado",2021-06-25,202506,62,false,,2024-01-04T05:45:47Z,"corridos tumbados,sad sierreño,corrido,sierreño,música mexicana,corridos bélicos","DEL Records",0.567,0.302,9,-11.25,1,0.0355,0.627,0.00000475,0.0873,0.539,64.273,4
spotify:track:5YRDGgdOshUPA17m7yzY7p,"One more time, One more chance","HOME","Masayoshi Yamazaki",1997,330200,62,false,,2024-01-04T05:43:04Z,"j-pop,kayokyoku","Universal Music LLC",0.55,0.408,11,-8.404,0,0.0318,0.719,0,0.11,0.331,129.152,4
spotify:track:6p3nPo3XAmiyOTR5peKeB3,"Autumn Leaves","The Wildest Guitar","Mickey Baker",2006-01-24,129733,5,false,,2024-01-04T05:37:54Z,"","Rhino Atlantic",0.487,0.492,0,-9.939,0,0.0321,0.967,0.16,0.345,0.808,99.884,4
spotify:track:7neOIVKDsLaUXV5y84jGuY,"I Don't Love You","STILL","Urban Zakapa",2016-05-27,254924,53,false,,2024-01-04T05:30:55Z,"k-ballad","MAKEUS ENTERTAINMENT",0.35,0.348,4,-6.156,1,0.0317,0.805,0.00000448,0.102,0.274,146.603,4
spotify:track:7sZwWzSeCtGYo5ZQcWRLlJ,"안녕","Hotel del Luna (Original Television Soundtrack) Pt.10","Paul Kim",2019-08-12,225005,0,false,,2024-01-04T05:30:46Z,"k-ballad","Beyond Music",0.495,0.293,0,-7.086,1,0.0311,0.804,0,0.16,0.269,131.502,4
spotify:track:30vCslNhCz75VAiuavctZx,"Put Your Records On - Acoustic Version","Put Your Records On","Corinne Bailey Rae",2006-01-01,216304,30,false,,2024-01-04T05:30:40Z,"","EMI Records",0.693,0.195,9,-11.654,1,0.0333,0.81,0,0.11,0.407,95.905,4
spotify:track:5i6gHFXg4aLK5xvc2jJJC5,"If It Is You","Another Miss Oh, Pt. 5 (Original Television Soundtrack)","Jung Seung Hwan",2016-05-31,272847,63,false,,2024-01-04T05:30:14Z,"k-ballad,soundtrack","Genie Music Corporation",0.387,0.515,2,-5.529,1,0.0338,0.686,0,0.16,0.199,135.221,4
spotify:track:1kT0mt9AstPDGUJCNiQI0T,"It Only Cost Everything","It Only Cost Everything","Victor Ray",2023-07-21,148146,58,false,,2023-12-30T23:18:15Z,"","ZOZO Records",0.463,0.336,10,-8.217,0,0.044,0.705,0,0.0905,0.589,138.702,3
spotify:track:5bawzkHFN5uwIasKhvni7X,"Stay For A While","Stay For A While","Victor Ray",2023-07-21,189560,62,false,,2023-12-30T23:13:50Z,"","ZOZO Records",0.515,0.43,6,-10.075,0,0.0894,0.779,0,0.0953,0.6,163.199,3
spotify:track:2Ux3BFgzXm0YoD37nBQjJt,"Fugue State","Fugue State","Vulfpeck",2014-08-26,161852,46,false,,2023-12-29T04:23:27Z,"funk,funk rock","Vulf Records",0.778,0.465,5,-10.196,0,0.0422,0.111,0.88,0.094,0.547,105.353,4
spotify:track:3c2LHcsave8QZ2DTzQ2iln,"Brewster","Dog Daze","Cruza",2021-12-10,144584,45,false,,2023-12-27T23:34:26Z,"alternative r&b","Terrible Records",0.638,0.253,4,-10.232,1,0.302,0.567,0.576,0.12,0.537,145.05,4
spotify:track:34HgIvucTKJvDgzHVMaGLG,"I Think I Left the Stove On","I Think I Left the Stove On","Hotel Ugly",2022-07-14,202490,73,false,,2023-12-24T13:12:43Z,"","Hotel Ugly, under exclusive license to Amuseio AB",0.767,0.714,1,-6.623,0,0.0529,0.454,0.0102,0.137,0.799,139.999,4
spotify:track:0fWBr2NuBkwbjVvzcpikHL,"Lovefool","Best of 2018","Pomplamoose",2021-01-22,232000,45,false,,2023-12-24T12:42:14Z,"","Pomplamoose",0.584,0.627,7,-6.94,1,0.102,0.454,0.000124,0.127,0.336,121.188,4
spotify:track:1mCkvMvjNAtRuql4SjnHIk,"Dark Market","Dark Market / Ocean Potion","Cigar Club",2023-11-17,251152,10,false,,2023-12-24T04:12:38Z,"","Pacemaker / Fontana North",0.424,0.782,5,-7.663,0,0.0406,0.000755,0.19,0.293,0.387,132.44,4
spotify:track:59tX6ePLWLs0UHtCgSiYh4,"French Kiss","Just Bought a Cadillac (single)","Astro Inn",2023-07-07,161160,11,true,,2023-12-24T03:44:40Z,"","Astro Inn Music Recorded at King Benny's House of Sound",0.824,0.473,7,-5.897,1,0.0768,0.323,0.00000662,0.0973,0.889,137.999,4
spotify:track:3xLOD2jhRXA9CVEfNRHt6C,"What Doesn't Kill You Makes You Paranoid","Blame My Ex","The Beaches",2023-09-15,231518,48,true,,2023-12-24T03:33:09Z,"","The Beaches",0.42,0.732,4,-4.853,1,0.0374,0.00398,0,0.356,0.627,57.966,4
spotify:track:1B4oZwMoXClyICU7FpCfDV,"All to Myself","The Way It Was Before","Johnny Stimson",2023-02-03,137504,30,false,,2023-12-23T17:01:54Z,"","Johnny Stimson",0.811,0.295,11,-9.074,1,0.199,0.415,0.00000295,0.277,0.521,98.031,4
spotify:track:4oFtLSgHyZPNYDCcANhTnO,"Institutionalized","To Pimp A Butterfly","Kendrick Lamar;Bilal;Anna Wise;Snoop Dogg",2015-03-16,271773,61,true,,2023-12-23T10:44:15Z,"hip hop,west coast hip hop,neo soul,alternative r&b,g-funk,gangster rap,old school hip hop,rap","Aftermath",0.539,0.731,3,-5.085,0,0.453,0.112,0.00000119,0.129,0.568,81.114,4
spotify:track:0N3W5peJUQtI4eyR6GJT5O,"King Kunta","To Pimp A Butterfly","Kendrick Lamar",2015-03-16,234693,73,true,,2023-12-23T10:39:34Z,"hip hop,west coast hip hop","Aftermath",0.884,0.657,6,-4.569,0,0.0977,0.00589,0,0.154,0.489,107.059,4
spotify:track:75izAeHlGuOgA865CFDyIv,"For Free? - Interlude","To Pimp A Butterfly","Kendrick Lamar",2015-03-16,130893,59,true,,2023-12-23T10:37:59Z,"hip hop,west coast hip hop","Aftermath",0.526,0.896,8,-4.708,1,0.197,0.588,0,0.37,0.745,129.313,1
spotify:track:3bYePdD6WhpyNmFP0Hx5fQ,"Spaghetti","Stranger Wages","Dining Dead",2022-06-25,168226,0,false,,2023-12-23T09:37:50Z,"","Dining Dead",0.516,0.311,11,-11.172,0,0.0267,0.234,0.0238,0.147,0.309,92.475,4
spotify:track:3DXHaJzqRCgv3rd5U9EoXU,"So Good at Being in Trouble","II (10 Year Anniversary Edition)","Unknown Mortal Orchestra",2023-03-16,230146,62,false,,2023-12-23T09:35:57Z,"neo-psychedelic","Jagjaguwar",0.829,0.435,0,-10.136,1,0.0515,0.0363,0.881,0.119,0.594,103.817,4
spotify:track:6ywzdDgKmTBBvJzDA91XKJ,"Julie.","Neptune","Gallant",2021-03-26,231733,43,true,,2023-12-17T08:55:12Z,"alternative r&b","Gallant / EMPIRE",0.424,0.647,2,-6.593,0,0.156,0.293,0,0.209,0.571,147.681,4
spotify:track:0dRSOmb7pqkkmjXCu5BYbe,"Lips","I've IVE","IVE",2023-04-10,181400,56,false,,2023-12-17T08:52:06Z,"k-pop","Starship Entertainment",0.785,0.779,7,-3.822,1,0.0324,0.0555,0,0.155,0.881,135.964,4
spotify:track:1BDZMlcnaZiRq1ZdT0AKIz,"Kahit Maputi Na Ang Buhok Ko","Kahit Maputi Na Ang Buhok Ko","Joseph Vincent",2017-04-29,131500,44,false,,2023-12-17T07:10:13Z,"","Joseph Vincent",0.859,0.111,5,-16.634,1,0.0404,0.924,0.00133,0.105,0.419,105.031,4
spotify:track:3SmkSWNgUw6y1uEtskJbtI,"Take Me by the Hand","sunsets that i had w u","Flamingos in the Tree",2022-06-10,206456,0,false,,2023-12-17T06:58:06Z,"","Flamingos in the Tree",0.583,0.462,2,-11.789,1,0.0854,0.547,0,0.117,0.501,126.983,4
spotify:track:6RYZuucXyu3eD2unlLVTmg,"Bakit Pa?","Just Can't Help Feelin'","Jessa Zaragoza",2014-01-01,267154,0,false,,2023-12-17T06:19:10Z,"opm,p-pop","PolyEast Records",0.631,0.379,1,-12.025,1,0.0283,0.627,0,0.0947,0.392,129.985,4
spotify:track:6aNY4H68EBdaSdYys3FVHT,"Weekend Love (We Can)","Weekend Love (We Can)","Narysal;Akeem Jahat",2023-10-03,199642,0,false,,2023-12-17T06:14:38Z,"malay rap,malay,malaysian pop,malay pop","Cross Ratio Entertainment",0.729,0.621,2,-6.009,1,0.0998,0.471,0,0.398,0.649,84.03,4
spotify:track:5lE2EFXt4muvLFMGQg4hZN,"Hypotheticals","Obviously","Lake Street Dive",2021-03-12,230178,71,false,,2023-12-17T05:31:54Z,"","Nonesuch",0.69,0.664,1,-6.488,1,0.0562,0.00753,0.00762,0.0496,0.383,164.145,4
spotify:track:6vX00oaG3bMuNBKxapoPYO,"Kollage","The Loveliest Time","Carly Rae Jepsen",2023-07-28,256528,49,false,,2023-12-09T22:15:32Z,"","Silent Records IGA",0.604,0.538,2,-7.85,0,0.033,0.306,0.001,0.0829,0.368,151.658,4
spotify:track:1MmDfBzGsWKXb0rQfTyvOy,"After the Disco","After the Disco","Broken Bells;Danger Mouse;James Mercer",2014-01-13,219290,51,false,,2023-12-09T04:58:28Z,"","Columbia",0.729,0.74,9,-5.444,1,0.0258,0.00226,0.0305,0.13,0.966,115.984,4
spotify:track:3YkDslZvvMixTwgDId0aYB,"Twenty-three","CHAT-SHIRE","IU",2015-10-23,194325,53,false,,2023-12-07T18:29:41Z,"k-pop,k-ballad","Kakao Entertainment",0.757,0.955,5,-2.299,0,0.0412,0.0168,0,0.0817,0.968,122.952,4
spotify:track:1H39jAnukCwKGyYe1Azy9Y,"Wall St","Wall St","Boys Go To Jupiter",2023-12-01,233025,0,false,,2023-12-06T15:06:38Z,"","nice music idiot",0.444,0.766,5,-5.885,1,0.203,0.155,0.00000277,0.821,0.692,124.904,4
spotify:track:2QdXar3pthoqEFO9qY4CqZ,"Kygers Hill","Imaginary People","Viv & Riley",2023-09-15,216200,0,false,,2023-12-04T00:57:34Z,"americana","Free Dirt Records",0.654,0.624,11,-6.584,1,0.0288,0.23,0.000379,0.0733,0.444,128.998,4
spotify:track:6AsF1pBjFMIEMXuA8JgRag,"Dolce Vita","ZYX Italo Disco Collection","Ryan Paris",2009-12-04,451426,57,false,,2023-11-21T19:55:08Z,"italo disco,italo dance","ZYX Music",0.881,0.738,5,-9.124,0,0.0406,0.189,0.00205,0.0602,0.958,121.956,4
spotify:track:1Fav4xZn60uGM3XmiHJmvT,"One Of Your Girls","Something To Give Each Other","Troye Sivan",2023-10-13,181481,62,false,,2023-11-20T08:28:52Z,"","EMI Recorded Music Australia Pty Ltd",0.635,0.648,11,-7.78,0,0.0548,0.101,0.00426,0.198,0.8,93,4
spotify:track:3EaJDYHA0KnX88JvDhL9oa,"Dark Red","Dark Red","Steve Lacy",2017-02-20,173104,87,false,,2023-11-20T07:44:36Z,"","Three Quarter",0.603,0.784,6,-4.023,1,0.062,0.446,0.00000832,0.119,0.769,172.041,4
spotify:track:5Pw4Q2Z2NttJtISFFxe9MK,"la la la that’s how it goes","no song without you","HONNE",2020-07-03,219080,50,false,,2023-11-16T04:05:39Z,"","Atlantic Records UK",0.792,0.538,11,-9.105,1,0.0416,0.00889,0.88,0.107,0.9,123.497,4
spotify:track:5SusLOd5pOU6akwkkODXf5,"Envy","Monologues","Ogi",2022-05-05,247133,52,false,,2023-11-09T17:42:32Z,"retro soul","Atlantic/Atrium",0.392,0.55,5,-7.396,0,0.0937,0.633,0.0000519,0.113,0.578,87.501,4
spotify:track:0Y36El0k8fS2myogTVGXKP,"All This Space","The Shapes I'm In","Stephen Day",2021-08-20,146897,40,false,,2023-10-21T00:54:36Z,"pop soul","Stephen Day",0.659,0.789,0,-6.421,1,0.0792,0.253,0.0000631,0.116,0.68,119.947,4
spotify:track:0lKTZbj7of6RjyzsT65SUo,"The Show Must Go On","Columbo","Bruno Major",2023-07-21,266268,47,false,,2023-10-09T05:25:41Z,"","Bruno Major",0.672,0.291,7,-10.659,1,0.0387,0.669,0.00118,0.41,0.313,131.996,4
spotify:track:0ttVAF5zheWZoLI3pURxWS,"A Strange Kind Of Beautiful","Columbo","Bruno Major",2023-07-21,212052,45,false,,2023-10-08T14:32:09Z,"","Bruno Major",0.372,0.152,0,-15.251,1,0.0368,0.964,0.000107,0.121,0.137,147.843,3
spotify:track:3vkCueOmm7xQDoJ17W1Pm3,"My Love Mine All Mine","The Land Is Inhospitable and So Are We","Mitski",2023-09-15,137773,87,false,,2023-09-28T23:09:00Z,"","Dead Oceans",0.504,0.308,9,-14.958,1,0.0321,0.868,0.135,0.158,0.121,113.95,4
spotify:track:1U675HGzKcVxVjdz522XYI,"Stuck On You","When We Were Younger","grentperez",2023-06-02,159477,46,false,,2023-09-28T08:38:19Z,"","Fast Friends",0.589,0.679,7,-6.139,1,0.0528,0.0769,0.000456,0.553,0.779,150.02,4
spotify:track:5o5WaO9pzPhXSGIrTIYVce,"Cherry Wine","Cherry Wine","grentperez",2021-09-10,173286,68,false,,2023-09-28T08:35:56Z,"","Fast Friends",0.74,0.563,11,-7.016,0,0.04,0.34,0,0.0824,0.577,104.958,4
spotify:track:2wBWnLzt1RKMwEFjraNXXK,"Jenny","Jenny","Goodmorning Pancake",2022-08-17,189293,0,false,,2023-08-22T16:24:09Z,"","2022 EMA Recordings",0.872,0.439,3,-6.837,0,0.041,0.643,0.00493,0.104,0.825,112.996,4
spotify:track:1s8NdAvVPL7MveFNADDkNj,"The Keys","Soft Times","Matt Duncan",2013-01-15,217058,0,false,,2023-08-21T23:05:47Z,"retro soul","Soul Step Records/Hop Hop",0.767,0.447,0,-12.049,1,0.0607,0.51,0.011,0.138,0.725,95.032,4
spotify:track:4ZaRg5Sf4TKr0YcFRLh7QJ,"Love Affair","Love Language","UMI",2019-10-30,190960,60,false,,2023-08-21T22:37:55Z,"","Loud Robot/RCA Records",0.613,0.488,8,-7.37,1,0.0964,0.129,0.0000213,0.335,0.183,172.076,4
spotify:track:3HjRISOy6fhuXb73Pf2kN3,"you up?","exodus the north star","Yaya Bey",2023-02-07,74303,53,true,,2023-08-21T22:37:30Z,"","Big Dada",0.611,0.315,2,-10.014,1,0.135,0.436,0,0.166,0.488,139.787,4
spotify:track:1w327AHTCoChRIkJUprAnV,"Mirage","A Collection of Fleeting Moments and Daydreams","Orion Sun",2020-01-06,57495,59,false,,2023-08-21T22:37:02Z,"alternative r&b,bedroom pop","orion sun",0.683,0.468,9,-10.058,0,0.0743,0.87,0.673,0.108,0.47,117.095,4
spotify:track:4rCuwgRRKaIiHlHDc8Bga6,"We Might Even Be Falling In Love (Interlude)","JAGUAR","Victoria Monét",2020-08-07,51913,60,false,,2023-08-21T22:36:40Z,"alternative r&b","Tribe Records",0.768,0.506,6,-8.913,1,0.165,0.415,0.0376,0.133,0.862,77.1,4
spotify:track:61gNWcpFdezb20Oc4uMrr6,"Drunk On A Flight","Drunk On A Flight","Eloise",2023-04-14,182857,42,false,,2023-07-25T21:26:24Z,"","Harbour Artists & Music",0.679,0.42,7,-7.795,1,0.0912,0.711,0.00602,0.296,0.534,125.76,3
spotify:track:0ghflGGfVvifD3szXw4LwO,"Told you so","IRONEYE","Adja",2023-02-24,289946,34,false,,2023-07-24T23:01:41Z,"","SDBAN ULTRA",0.604,0.27,6,-8.597,0,0.0822,0.747,0,0.181,0.237,114.277,4
spotify:track:5CT54VdQHxN7qm57HinV2y,"As the Romans Do (Live in Berlin)","My Heart Is Live in Berlin","Theo Katzman;Four Fine Gentlemen",2019-04-26,270013,13,false,,2023-07-24T09:02:49Z,"retro soul","Ten Good Songs",0.54,0.849,1,-7.077,1,0.167,0.0634,0.00458,0.852,0.639,87.992,4
spotify:track:37khtWHOm0jpI4j9wVMQaN,"5-Watt Rock","Be the Wheel","Theo Katzman;10 Good Songs",2023-03-10,194922,33,false,,2023-07-24T08:52:07Z,"retro soul","10 Good Songs",0.868,0.45,10,-8.568,1,0.337,0.574,0.0000657,0.106,0.956,144.75,4
spotify:track:1OytgrjpKNnFaQu1Te54nO,"Just the Way You Are","Kitsch Funk","Scary Pockets;Theo Katzman",2018-03-02,167500,37,false,,2023-07-24T08:47:34Z,"funk,retro soul","Pockets, Inc.",0.792,0.316,5,-8.107,0,0.0685,0.332,0.0000258,0.151,0.772,102.863,4
spotify:track:1DSl7kRrdWhwntiK6HOLVY,"Sauna","Schvitz","Vulfpeck",2022-12-30,195223,41,false,,2023-07-24T08:44:51Z,"funk,funk rock","Vulf Records",0.838,0.338,1,-10.592,1,0.0434,0.0296,0.121,0.115,0.668,94.191,4
spotify:track:6BQPRUFGHsgtNYJxuwhktR,"This Is How It Feels (with Laufey)","Petals to Thorns","d4vd;Laufey",2023-05-26,284305,38,false,,2023-07-24T08:30:15Z,"","Darkroom/Interscope Records",0.235,0.217,2,-11.72,1,0.0342,0.927,0,0.163,0.221,82.522,4
spotify:track:4LHq10VKu3fSIg8EeVRi09,"Promise","Promise","Laufey",2023-06-14,234266,0,false,,2023-07-24T08:26:56Z,"","Laufey",0.263,0.112,5,-16.55,1,0.0344,0.935,0.000085,0.0565,0.0903,76.244,4
spotify:track:2QLpCGzhaCkva3Q92GKFBM,"Hit the Target","Be the Wheel","Theo Katzman;10 Good Songs",2023-03-10,167725,30,false,,2023-07-24T08:16:23Z,"retro soul","10 Good Songs",0.784,0.503,10,-11.286,1,0.305,0.434,0.0000248,0.102,0.683,120.787,4
spotify:track:3OZzMeazGgm3HnTQXRsXAk,"Be the Wheel","Be the Wheel","Theo Katzman;10 Good Songs",2023-03-10,227095,38,false,,2023-07-24T08:15:52Z,"retro soul","10 Good Songs",0.667,0.317,10,-11.174,1,0.0953,0.866,0.0000634,0.0923,0.401,86.594,4
spotify:track:4P9mkwYxReeSJDsUvUtAkE,"Mind","What Do You Think About the Car?","Declan McKenna",2017-04-21,260270,39,false,,2023-07-24T07:53:29Z,"","Columbia",0.437,0.785,8,-5.781,1,0.0277,0.00465,0.0000695,0.23,0.579,180.928,3
spotify:track:2qRbZNMMkD8Yl9WlgQ73N5,"Sympathy","Sympathy","Declan McKenna",2023-07-06,185831,26,false,,2023-07-24T07:51:45Z,"","Tomplicated Records",0.678,0.76,5,-6.912,1,0.0332,0.263,0.00142,0.198,0.871,113.994,4
spotify:track:3U1mFf6W429eMYDwmgkbaZ,"Note To Self","2014 Forest Hills Drive","J. Cole",2014-12-09,875306,52,true,,2023-07-24T07:46:38Z,"rap","Roc Nation Records LLC",0.641,0.456,8,-8.589,1,0.117,0.86,0,0.171,0.333,82.31,4
spotify:track:5wxYxygyHpbgv0EXZuqb9V,"on the street (with J. Cole)","on the street (with J. Cole)","j-hope;J. Cole",2023-03-03,214701,63,true,,2023-07-24T07:44:26Z,"k-pop,k-rap,rap","BIGHIT MUSIC",0.681,0.821,11,-5.12,0,0.131,0.532,0.00111,0.0921,0.813,94.074,4
spotify:track:6lKCaafKm88sVfYz2u7S4B,"Rich Niggaz","Born Sinner (Deluxe Version)","J. Cole",2013-06-18,276093,64,true,,2023-07-24T07:43:46Z,"rap","Roc Nation LLC",0.586,0.717,8,-8.546,0,0.196,0.472,0.00239,0.104,0.306,125.014,4
spotify:track:7FAVLkURPfkgs2G2ByHFe0,"Moonshine","Sweet as Honey","temp.",2019-06-05,173395,35,false,,2023-05-30T01:20:03Z,"thai indie pop,thai indie rock,thai pop","Parinam Music",0.611,0.463,7,-10.895,1,0.035,0.201,0.000236,0.0866,0.836,95.979,4
spotify:track:0jsXpJsdXhnwnwnCLKjYLF,"Vanilla Baby","Feeding Seahorses by Hand","Billie Marten",2019-04-26,255426,54,false,,2023-05-20T23:34:37Z,"","Chess Club/RCA Victor",0.43,0.0778,4,-20.193,0,0.0473,0.928,0.00291,0.131,0.179,115.877,4
spotify:track:3JPykcDhUA7DMrxN6eXzQ4,"Rom-Com Gone Wrong","Krystal","Matt Maltese",2020-11-20,205836,58,true,,2023-05-20T21:02:31Z,"","Nettwerk Music Group",0.601,0.422,3,-8.539,1,0.0231,0.842,0.245,0.139,0.356,76.46,4
spotify:track:6Bmte0o9RDfxgh534B1ubR,"Shadow","Shadow","Wendlo",2021-08-05,234400,13,false,,2023-05-15T05:03:00Z,"","Wendlo",0.707,0.48,10,-10.468,1,0.0386,0.156,0.00202,0.25,0.534,149.956,4
spotify:track:0pTVA45yc810OnPQUEXTWH,"Run This Town","*A Summertime Saga","Skirts and Shorts",2020-10-02,135371,6,false,,2023-04-07T00:48:01Z,"","Champagne Breakfast",0.781,0.543,2,-6.758,1,0.115,0.277,0.0000249,0.105,0.931,121.009,4
spotify:track:403vzOZN0tETDpvFipkNIL,"Sisyphus","My Finest Work Yet","Andrew Bird",2019-03-22,247493,60,false,,2023-02-22T06:17:55Z,"baroque pop,indie folk","Loma Vista Recordings",0.631,0.792,0,-4.364,0,0.0427,0.23,0.000317,0.0756,0.462,82.901,4
spotify:track:2gcqMtNq5MEwWNbc7AxVPw,"Heaven Falls / Fall On Me","Where the Light Is","Surfaces",2019-01-06,240597,0,false,,2023-02-16T03:35:50Z,"","Surfaces, LLC / TenThousand Projects, LLC",0.525,0.415,11,-5.473,0,0.136,0.297,0.00242,0.0795,0.721,85.191,4
spotify:track:0baJ0dpMNqtQMKYYFpvtAY,"Just Be You","Just Be You","callmestevieray",2022-05-25,186067,44,false,,2023-02-14T19:05:07Z,"","Stevie Ray",0.795,0.514,1,-8.296,1,0.149,0.495,0,0.1,0.648,89.019,4
spotify:track:5EwRVuWJpNNMYM4UkT561o,"Misery Moon","Duality","Luna Li",2022-03-04,68732,42,false,,2023-02-14T19:01:03Z,"","In Real Life Music",0.797,0.313,3,-12.42,0,0.0421,0.819,0.23,0.108,0.432,119.78,4
spotify:track:6q4yusLwjDYEcF6jXHdt7J,"Do You Like Me?","Do You Like Me?","Daniel Caesar",2023-01-27,227663,64,true,,2023-02-14T17:32:06Z,"","Republic Records",0.721,0.407,11,-6.569,1,0.038,0.473,0.0366,0.131,0.351,76.979,4
spotify:track:61jCFoNIuzQnc9UovuzNVW,"IRIS","Voodoo Blu","Ashes To Amber",2018-10-01,151578,5,false,,2023-02-12T02:45:21Z,"","Ashes To Amber under exclusive license to Amuseio AB",0.725,0.543,6,-9.089,1,0.0387,0.28,0.475,0.113,0.415,140.051,4
spotify:track:5MG69A9XyXDbBbeOxdR3Tl,"don't miss me","don’t miss me","Claire Rosinkranz",2021-11-22,123949,62,true,,2023-02-10T18:30:25Z,"","Republic Records",0.796,0.727,1,-4.726,1,0.04,0.793,0.0000249,0.0858,0.818,104.98,4
spotify:track:2dOBsJnZHmGAr0yQgDo56E,"Traingazing - Acoustic","Traingazing (Acoustic)","Sam Wills;Honey Mooncie",2020-05-29,198053,0,false,,2023-02-10T18:16:15Z,"","eOne Music UK",0.486,0.0704,1,-18.852,0,0.0468,0.956,0.00000745,0.111,0.092,74.332,4
spotify:track:68HocO7fx9z0MgDU0ZPHro,"Every Summertime","Every Summertime","NIKI",2021-08-10,215686,76,false,,2023-02-10T18:16:15Z,"indonesian r&b","MARVEL/Hollywood Records, Inc./Interscope Records",0.628,0.676,6,-4.227,1,0.0424,0.393,0.0000694,0.0978,0.723,78.996,4
spotify:track:0bMuCogMMHhNSq4fd3z1gA,"That Girl","That Girl","Emei",2022-07-13,140426,0,true,,2023-02-10T18:16:12Z,"","Emei",0.695,0.55,7,-5.929,1,0.0895,0.00509,0,0.376,0.731,94.958,4
spotify:track:45qkFWPAEU4DcWT3697FrP,"Stuck Between","Stuck Between","Dutch Criminal Record",2016-11-11,164428,0,false,,2023-02-10T18:16:12Z,"","Dutch Criminal Record",0.519,0.878,4,-5.728,0,0.0294,0.0000745,0.000899,0.11,0.552,105.04,4
spotify:track:7uoFMmxln0GPXQ0AcCBXRq,"Snowman","Everyday Is Christmas (Deluxe Edition)","Sia",2018-11-01,165900,93,false,,2023-02-10T18:16:10Z,"","Monkey Puzzle/Atlantic",0.717,0.524,1,-6.222,1,0.0331,0.426,0,0.0932,0.339,104.953,3
spotify:track:0dAY4aJFw74le3PMh3wOHC,"Jaigantic - Galimatias Remix","Jaigantic (Galimatias Remix)","Tora",2014-12-16,179998,37,false,,2023-02-10T18:16:09Z,"indie soul","Nuine Records",0.642,0.539,5,-6.859,1,0.0438,0.103,0,0.35,0.476,130.021,4
spotify:track:2RxC2peY3FtrurYmbbmanr,"Qué Maldición","Qué Maldición","Banda MS de Sergio Lizárraga;Snoop Dogg",2020-05-01,203360,0,false,,2023-02-10T18:16:07Z,"banda,norteño,grupera,música mexicana,ranchera,corrido,g-funk,west coast hip hop,gangster rap,old school hip hop,hip hop,rap","2020 Lizos Music",0.755,0.531,9,-8.051,0,0.196,0.213,0,0.13,0.683,177.951,4
spotify:track:1tNJrcVe6gwLEiZCtprs1u,"3 Nights","Don't Forget About Me, Demos","Dominic Fike",2018-10-16,177666,72,false,,2023-02-10T18:16:06Z,"","Columbia",0.815,0.518,7,-6.594,0,0.0897,0.223,0,0.104,0.877,151.891,4
spotify:track:1YscJ7yVTlFxW3eF6pv5ba,"Allergic","Hollywood's Bleeding","Post Malone",2019-09-06,156893,59,true,,2023-02-10T18:15:57Z,"","Republic Records",0.664,0.741,0,-3.694,1,0.079,0.154,0.0000302,0.345,0.569,144.968,4
spotify:track:1xSmjB0t19q4CSJ0X0ymGB,"Frankenstein","Frankenstein","Claire Rosinkranz",2021-05-14,202248,59,true,,2023-02-10T18:15:56Z,"","Republic Records",0.826,0.745,2,-6.091,1,0.141,0.13,0.0000132,0.178,0.883,119.92,4
spotify:track:0OuOPYd05eORfLw94apb8j,"Street by Street","Street by Street","Laufey",2020-04-06,224098,61,false,,2023-02-10T18:15:54Z,"","Laufey",0.694,0.279,0,-10.871,1,0.0546,0.87,0.00000249,0.137,0.216,82.068,4
spotify:track:2B4Y9u4ERAFiMo13XPJyGP,"Here, There And Everywhere - Remastered 2009","Revolver (Remastered)","The Beatles",1966-08-05,144880,70,false,,2023-02-10T18:15:48Z,"classic rock,psychedelic rock","EMI Catalogue",0.29,0.247,7,-12.125,1,0.0383,0.921,0.00565,0.0917,0.36,165.361,4
spotify:track:3xyr2xfbSZiZWWGsjLyMFh,"Hotel","6 Of A Billion","Claire Rosinkranz",2021-07-09,134781,54,false,,2023-02-10T18:15:47Z,"","Republic Records",0.856,0.656,5,-6.475,1,0.0752,0.484,0,0.559,0.949,133.927,4
spotify:track:55bAGINwthFraRx2BgFd07,"I Kissed a Girl, And She Kissed Me","Different State of Mind","Kid Bloom",2016-12-06,155500,49,false,,2023-02-10T18:15:46Z,"","Position Music under exclusive license from Kid Bloom",0.756,0.477,10,-12.308,1,0.0399,0.762,0.0621,0.177,0.566,118.02,4
spotify:track:6B1Q7hi48RVUvak1SLoiJX,"Venus Flytrap","Venus Flytrap","Feng Suave",2018-11-30,222122,52,false,,2023-02-10T18:15:45Z,"bedroom pop","Feng Suave",0.611,0.453,4,-8.366,1,0.0296,0.533,0.0000178,0.115,0.4,130.925,4
spotify:track:7J94LZ3lmwI12XRVsOYJZL,"Sugarcoat","Sugarcoat","Kid Bloom",2019-01-18,237900,0,false,,2023-02-10T18:15:43Z,"","Kid Bloom Music",0.56,0.699,0,-4.332,1,0.0347,0.346,0,0.0625,0.521,174.048,4
spotify:track:3OHfY25tqY28d16oZczHc8,"Kill Bill","SOS","SZA",2022-12-09,153946,79,false,,2023-02-10T18:15:42Z,"r&b","Top Dawg Entertainment/RCA Records",0.644,0.728,8,-5.75,1,0.0351,0.0543,0.169,0.161,0.43,88.993,4
spotify:track:2bzA5Dy1SmMZnhljPOK0rv,"Daddy Blue","Daddy Blue / O.T.D.","Brad stank",2017-06-22,146657,0,false,,2023-02-10T18:15:34Z,"bedroom pop","Untitled Recs Limited",0.658,0.385,6,-11.846,1,0.352,0.512,0.00642,0.278,0.697,107.654,4
spotify:track:3ejnmVr0MkpFTFlpZ9Lwfi,"as it was - slowed + reverb","as it was (slowed + reverb)","Slawd;Vallvete",2022-11-04,191387,44,false,,2023-01-20T08:13:59Z,"","Melodyz Town",0.578,0.404,6,-12.141,1,0.0293,0.718,0.804,0.128,0.417,72.75,4
spotify:track:1kwnxJNVl7cwcU98RvMBaR,"Surf","Circles","Mac Miller",2020-01-17,330506,68,false,,2023-01-12T02:28:37Z,"","Warner Records",0.828,0.182,1,-13.066,0,0.166,0.754,0.0706,0.15,0.231,147.279,4
spotify:track:5nVE45ithgyVocZp5XLAk6,"The Bug Collector","I Need to Start a Garden","Haley Heynderickx",2018-03-02,228459,67,true,,2022-11-09T06:29:06Z,"","Mama Bird Recording Co.",0.538,0.419,10,-9.705,1,0.0353,0.777,0.329,0.0967,0.529,99.622,4
spotify:track:0dnVuqBjRCVTf2LC7ayViY,"Velvet Ring","Masterpiece","Big Thief",2016-05-27,155938,0,false,,2022-11-09T06:28:50Z,"","Saddle Creek",0.261,0.329,7,-13.821,1,0.0343,0.684,0.0559,0.123,0.323,76.752,4
spotify:track:7CurxbuwMd0zxu2DOtI94j,"Birds of Rocky Point","Birds of Rocky Point","Glimlip;Søren Søstrom;Soul Food Horns;Slug",2022-08-12,157975,11,false,,2022-11-09T06:26:36Z,"lo-fi,lo-fi beats,lo-fi hip hop,jazz beats,jazz rap","On the Lo",0.681,0.478,6,-8.704,0,0.342,0.202,0.538,0.127,0.757,85.457,4
spotify:track:3HEJptfJ3taABLi2klHspp,"Dribble","Dribble","Anomalie",2021-12-10,210572,18,false,,2022-11-09T06:25:48Z,"nu jazz,jazz fusion","Nettwerk Music Group",0.526,0.67,8,-8.647,0,0.0643,0.609,0.544,0.112,0.448,81.915,4
spotify:track:4m8DQjgh5aQF0mxCw171Dn,"Worldwide","The edbl x Kazuki Sessions","edbl;Kazuki Isogai;JPRK",2022-04-29,223390,0,false,,2022-11-09T06:24:48Z,"lo-fi hip hop,neo soul,uk r&b,lo-fi beats,lo-fi,jazz beats,nu jazz","edbl recordings/College Music Records",0.732,0.784,0,-6.652,1,0.0479,0.0763,0.224,0.0947,0.528,91.945,4
spotify:track:17hBfRyeor6B2lmRAjRN6g,"Jupiter Rainstorm","The Water's Fine!","Liana Flores",2018-06-01,111727,38,false,,2022-11-07T08:41:00Z,"","880898 Records DK",0.743,0.257,8,-13.964,1,0.039,0.982,0.925,0.102,0.212,119.759,4
spotify:track:1EN2226zD5377BMhCrIFsd,"Rockaway","As Good a Place as Any","Joshua Lee Turner",2019-04-05,227400,21,false,,2022-11-01T23:08:20Z,"","Bring Luck Records",0.548,0.255,2,-13.934,1,0.0297,0.923,0.00367,0.123,0.161,120.871,3
spotify:track:5rwDHRNX2ntvlJbcb8xONo,"miss me if u want to","miss me if u want to","Tipling Rock",2020-08-14,157500,42,false,,2022-10-21T00:49:07Z,"","Tipling Rock",0.666,0.517,4,-8.379,0,0.0399,0.875,0.000455,0.208,0.571,147.979,4
spotify:track:3koAwrM1RO0TGMeQJ3qt9J,"$10","Prize//Reward","Good Morning",2018-05-11,89508,49,false,,2022-10-21T00:45:18Z,"lo-fi indie,bedroom pop","Bedroom Suck Records",0.624,0.596,4,-9.804,1,0.0314,0.475,0.203,0.119,0.896,120.969,4
spotify:track:6rcEGONV6XPUTvwqUEXdIH,"Midnight Snack","Midnight Snack","HOMESHAKE",2015-09-18,174342,42,false,,2022-10-11T16:29:27Z,"bedroom pop","Sinderlyn",0.745,0.363,4,-9.289,0,0.0325,0.511,0.931,0.214,0.71,140.064,4
spotify:track:5SG2BVsZr0W7cFAkjh60TT,"THE BOTTOM","HEATWAVE","MICHELLE",2018-09-04,219833,48,false,,2022-10-09T04:07:59Z,"bedroom pop","Canvasback/ATL",0.747,0.614,9,-6.759,0,0.0256,0.00326,0.561,0.185,0.843,110.001,4
spotify:track:2t0wwvR15fc3K1ey8OiOaN,"Selfless","The New Abnormal","The Strokes",2020-04-10,222093,78,false,,2022-10-06T17:10:50Z,"garage rock,indie rock,alternative rock","Cult Records/RCA Records",0.538,0.679,4,-4.297,1,0.0333,0.191,0.00175,0.0889,0.0888,121.99,4
spotify:track:3Y4rUyw7XBCK6hGHCOt6rp,"Call It Fate, Call It Karma","Comedown Machine","The Strokes",2013-03-25,204773,73,false,,2022-10-06T17:10:28Z,"garage rock,indie rock,alternative rock","RCA Records Label",0.544,0.241,4,-14.779,0,0.03,0.983,0.774,0.101,0.359,109.437,4
spotify:track:6TBJkXHPhu3EsMk1bshwuI,"ONLY","4 ONLY","LeeHi",2021-09-09,240906,78,false,,2022-10-06T17:10:14Z,"k-ballad,k-pop","Genie Music Corporation, Stone Music Entertainment",0.536,0.296,5,-7.451,1,0.0346,0.892,0,0.0873,0.151,122.907,3
spotify:track:1UcgqK04vVmW8aXV2OxGiZ,"Swim and Sleep (Like a Shark)","II","Unknown Mortal Orchestra",2013-02-05,165226,0,false,,2022-10-06T17:10:09Z,"neo-psychedelic","Jagjaguwar",0.766,0.806,8,-10.011,1,0.0403,0.124,0.171,0.119,0.76,123.51,4
spotify:track:0HAqq2GcQKyi3s87GuN7jU,"Amoeba","Sling","Clairo",2021-07-16,228922,75,false,,2022-10-06T17:10:00Z,"bedroom pop","Republic Records",0.739,0.491,6,-11.515,1,0.027,0.791,0.0366,0.1,0.707,111.008,4
spotify:track:6dBUzqjtbnIa1TwYbyw5CM,"Lovers Rock","French Exit","TV Girl",2014-06-05,213920,88,false,,2022-10-06T17:09:37Z,"","TV Girl",0.559,0.871,5,-5.338,0,0.0397,0.00000753,0.00545,0.096,0.572,104.97,4
spotify:track:3IJzE46O8hpo05HM9D7k44,"Dry As Sand","Who Are You Now","Madison Cunningham",2019-08-16,259720,24,false,,2022-10-05T07:09:58Z,"","Verve Forecast",0.42,0.19,11,-13.459,0,0.0391,0.598,0.00411,0.0854,0.0666,120.541,4
spotify:track:2U94Nj4SVS7TNsUiObLWPm,"End of It","End of It","Friday Pilots Club",2017-10-23,209514,59,false,,2022-09-11T04:40:42Z,"","Friday Pilots Club",0.696,0.551,4,-9.955,0,0.0456,0.0131,0,0.0604,0.807,100.975,4
spotify:track:1a1LrfgkTvfHFykIxcv8WU,"Cherry Wine","Cherry Wine","grentperez",2021-09-10,173286,0,false,,2022-09-11T04:32:23Z,"","Fast Friends",0.761,0.565,11,-7.016,0,0.0411,0.345,0,0.0825,0.583,105.008,4
spotify:track:3hARuUtzTdUuWH1KiLJlSf,"Window","Window","Still Woozy",2020-04-17,139293,54,false,,2022-09-10T08:20:06Z,"bedroom pop","Still Woozy Productions Inc., under exclusive license to Interscope Records",0.714,0.483,4,-9.378,0,0.195,0.436,0.000023,0.28,0.67,91.025,4
spotify:track:7xcUWyLh6fIMsYjoVI7NnZ,"Ew","Nectar","Joji",2020-09-25,207710,1,false,,2022-08-29T00:24:07Z,"","88rising Music/Warner Records",0.48,0.373,10,-9.297,1,0.0278,0.804,0.067,0.12,0.0376,114.078,4
spotify:track:5GKVcvTgnFYtfh25qKQtRg,"One Way Trigger","Comedown Machine","The Strokes",2013-03-25,242293,59,false,,2022-08-29T00:21:38Z,"garage rock,indie rock,alternative rock","RCA Records Label",0.516,0.942,2,-4.113,1,0.036,0.000182,0.464,0.116,0.964,95.996,4
spotify:track:5ruzrDWcT0vuJIOMW7gMnW,"The Adults Are Talking","The New Abnormal","The Strokes",2020-04-10,309053,82,false,,2022-08-18T07:53:25Z,"garage rock,indie rock,alternative rock","Cult Records/RCA Records",0.593,0.749,5,-5.67,1,0.0475,0.0113,0.106,0.314,0.649,164.959,4
spotify:track:7rC3P7tpWriaC4hYWKwGQd,"Hey Lover!","Cyclones and Hey Lover","Wabie",2019-06-19,162560,64,false,,2022-07-23T22:17:01Z,"bedroom pop","Wabie Records",0.586,0.744,4,-10.142,1,0.0508,0.00614,0.000172,0.372,0.523,117.006,4
spotify:track:2hSwwIRD8sahfwQGjFdixz,"ARE YOU OK?","CASE STUDY 01","Daniel Caesar",2019-06-28,392696,0,true,,2022-07-13T22:58:57Z,"","Golden Child Recordings",0.391,0.415,0,-11.665,1,0.0398,0.573,0.00188,0.242,0.0789,99.035,4
spotify:track:3gCYle76USfbHa7VDTDg5V,"The Kiss Of Venus (Dominic Fike)","The Kiss Of Venus (Dominic Fike)","Paul McCartney;Dominic Fike",2021-03-11,143530,49,false,,2022-06-27T18:15:23Z,"","Capitol Records",0.715,0.374,8,-6.665,1,0.0399,0.627,0,0.11,0.633,89.982,4
spotify:track:3I8yVFjvJoOBM9tX4ZpxEL,"Ryd","Steve Lacy's Demo","Steve Lacy",2017-02-24,140182,0,false,,2022-06-17T18:53:08Z,"","Three Quarter",0.784,0.94,9,-7.327,0,0.054,0.0716,0.000171,0.133,0.979,137.003,4
spotify:track:0rKtyWc8bvkriBthvHKY8d,"SLOW DANCING IN THE DARK","BALLADS 1","Joji",2018-10-26,209273,5,true,,2022-06-17T18:52:31Z,"","88rising Music/Warner Records",0.515,0.479,3,-7.458,1,0.0261,0.544,0.00598,0.191,0.284,88.964,4
spotify:track:6xGruZOHLs39ZbVccQTuPZ,"Glimpse of Us","Glimpse of Us","Joji",2022-06-10,233456,7,false,,2022-06-17T18:51:57Z,"","88rising Music/Warner Records",0.44,0.317,8,-9.258,1,0.0531,0.891,0.00000478,0.141,0.268,169.914,3
spotify:track:2zgpMaaXfVJqUJoMbjmfH2,"Fire Flower","Favorite Holiday, Vol. 1","Summer Salt",2019-12-24,250800,20,false,,2022-06-10T20:26:59Z,"","Cherry Lime Records",0.612,0.511,3,-11.852,0,0.0283,0.384,0.121,0.42,0.333,101.998,4
spotify:track:5NDUXbMwcnTQp66tI2zcdR,"Fresh Eyes","The Good Parts","Andy Grammer",2017-12-01,198001,0,false,,2022-06-05T00:15:46Z,"","S-Curve Records",0.828,0.56,0,-6.685,1,0.0327,0.548,0.0000366,0.15,0.872,122.054,4
spotify:track:5SFTZsHW3HdCp9f1zbzitS,"Revenge","Revenge","XXXTENTACION",2017-05-18,120058,58,true,,2022-06-05T00:15:31Z,"emo rap","Bad Vibes Forever / EMPIRE",0.708,0.235,11,-16.156,0,0.318,0.772,0.00238,0.103,0.169,139.998,4
spotify:track:2Kp5p8jiWH42gJVv4cHNBZ,"I Never Like It When You Leave","I Never Like It When You Leave","Micah Edwards",2020-08-20,194203,40,false,,2022-06-01T22:43:15Z,"retro soul","Sundae Sauuce",0.665,0.456,5,-9.745,1,0.0331,0.804,0.0207,0.14,0.823,112.056,4
spotify:track:4Vp0zrHb37MuYWmzsbXQWa,"Cauliflower","Shine to Rise","Jak Lizard",2018-12-05,138000,20,false,,2022-06-01T22:38:28Z,"pop soul","After School",0.473,0.694,8,-3.946,1,0.214,0.362,0,0.106,0.624,75.866,4
spotify:track:4zag02jtwumRcnPdYYr0Do,"Red Dress","Red Dress","MAGIC!",2016-06-17,200796,44,false,,2022-05-21T20:08:31Z,"","Latium Records/RCA Records",0.651,0.794,10,-4.458,1,0.0329,0.0913,0,0.249,0.792,135.974,4
spotify:track:1C042FLYy7rP3MfnkOcnha,"Cherry Wine - Live","Hozier (Expanded Edition)","Hozier",2014-09-19,240147,70,false,,2022-05-21T20:07:38Z,"","Columbia",0.415,0.11,1,-14.901,1,0.0388,0.951,0.00236,0.0962,0.234,81.876,4
spotify:track:2sKP207sQYRYdhMRqpxVhg,"Rudolph My Deer","Retro Christmas","Of North;Sam Shore",2017-11-17,216542,22,false,,2022-05-20T05:30:41Z,"","Epidemic Sound",0.731,0.743,9,-6.424,1,0.0435,0.567,0.00647,0.109,0.885,120.002,4
spotify:track:7dq7vfqoj3SS1izCyVqvRP,"I Wish You Love","Typical of Me EP","Laufey",2021-04-30,155138,0,false,,2022-05-18T07:55:47Z,"","Laufey",0.736,0.375,0,-9.48,1,0.0326,0.84,0.00000354,0.15,0.631,108.073,4
spotify:track:0T5iIrXA4p5GsubkhuBIKV,"Until I Found You","Until I Found You","Stephen Sanchez",2021-09-01,177720,79,false,,2022-05-18T07:55:25Z,"","Republic Records",0.539,0.508,10,-6.05,1,0.0288,0.727,0,0.174,0.227,101.358,3
spotify:track:7AYP21Q4qnxw2WxETEvSRb,"Memories","Memories","Conan Gray",2022-04-15,248818,60,false,,2022-05-14T19:16:31Z,"","Republic Records",0.34,0.684,11,-6.306,1,0.044,0.00979,0,0.348,0.556,112.969,4
spotify:track:0Yz3F0UGDibDe8uU69zmjn,"And July","And July","Heize;DEAN;dj friz",2016-07-18,226128,57,false,,2022-05-14T02:23:24Z,"k-ballad,k-pop,k-rap","Genie Music Corporation",0.734,0.852,2,-3.85,1,0.0916,0.0401,0,0.196,0.787,98.504,4
spotify:track:13O36COxxWjcvc9r5Zsd1P,"Puppy Dog","Puppy Dog","Dreamer Boy",2019-12-10,210281,42,true,,2022-05-13T04:36:51Z,"bedroom pop","slowplay/Harvest Records",0.689,0.545,7,-8.289,1,0.0377,0.173,0.000049,0.347,0.509,113.997,4
spotify:track:0mQzUwqvLv1iwR31O0fYVC,"Good Look","Good Look","Lasse Lyx",2020-07-31,196288,33,false,,2022-05-13T04:22:43Z,"","Epidemic Sound",0.86,0.642,2,-7.291,0,0.0395,0.138,0.00189,0.15,0.95,123,4
spotify:track:2lpygKqzPFtItQ4ss3cgfb,"Cinderella (feat. Ty Dolla $ign)","The Divine Feminine","Mac Miller;Ty Dolla $ign",2016-09-16,480186,75,true,,2022-05-08T07:16:53Z,"trap soul","Warner Records",0.545,0.534,8,-6.874,0,0.047,0.235,0,0.345,0.24,140.021,4
spotify:track:66wkCYWlXzSTQAfnsPBptt,"My Favorite Part","The Divine Feminine","Mac Miller;Ariana Grande",2016-09-16,216000,71,false,,2022-05-08T06:31:38Z,"pop","Warner Records",0.861,0.33,6,-7.194,1,0.0526,0.627,0.00000193,0.14,0.718,95.016,4
spotify:track:7Hr1Ignop7cymbE3FbOtXa,"So Far Away","Nightmare","Avenged Sevenfold",2010-07-25,326813,72,false,,2022-05-08T06:26:21Z,"metal,alternative metal","Warner Records",0.286,0.703,4,-4.491,0,0.0348,0.00847,0.0000739,0.142,0.259,151.297,4
spotify:track:1SWg0LGSxwbD3pyLfW0z5H,"hot tub DREAM Machine","hot tub DREAM Machine","tobi lou",2020-02-21,205714,41,true,,2022-04-30T17:56:31Z,"","Artclub / EMPIRE",0.677,0.526,11,-8.245,1,0.0361,0.264,0.00000277,0.113,0.467,140.082,4
spotify:track:2MJz8BxxMsERULatmBikDH,"At My Worst","PINK PLANET","Pink Sweat$",2021-02-12,170344,0,false,,2022-04-30T17:56:17Z,"","Atlantic Records",0.813,0.415,0,-5.926,1,0.0349,0.777,0,0.131,0.667,91.921,4
spotify:track:4JGKZS7h4Qa16gOU3oNETV,"Dreams","Everybody Else Is Doing It, So Why Can't We?","The Cranberries",1993-03-01,271560,83,false,,2022-04-29T02:15:00Z,"","Island Records",0.551,0.645,4,-13.093,1,0.0354,0.0031,0.00376,0.421,0.508,128.665,4
spotify:track:6mi52CD5tcdXNSAKbhPWSM,"We're Everywhere","Plate","CHEEZE",2019-05-19,246186,0,false,,2022-04-25T04:29:40Z,"k-ballad,k-pop","Magic Strawberry Sound",0.625,0.431,8,-6.022,1,0.0407,0.374,0,0.0748,0.639,79.995,4
spotify:track:2Nh2cMryoXl7BrZoIeN2Pr,"Dapper (feat. Anderson .Paak)","Genesis","Domo Genesis;Anderson .Paak",2016-03-25,193093,49,true,,2022-04-24T23:31:17Z,"","Odd Future",0.753,0.594,1,-9.486,0,0.0816,0.0711,0,0.391,0.562,112.568,4
spotify:track:51kQvG4aghW17VSZKkfxTp,"MOVIE","MOVIE","JUNNY",2020-09-20,183146,54,false,,2022-04-24T23:09:41Z,"k-rap","mauve company",0.583,0.557,3,-4.012,1,0.0494,0.663,0,0.374,0.595,73.615,4
spotify:track:6a0nQwvZ8CgsFc7t66TeqG,"有暖氣（You Nuan Chi）","浪潮上岸（Tears In Ocean）","Orange Ocean",2019-08-14,219693,30,false,,2022-04-24T20:14:03Z,"chinese indie,taiwanese indie,chinese rock","太合麥田（天津）音樂有限公司",0.594,0.854,0,-3.488,1,0.0249,0.256,0,0.13,0.777,97.987,4
spotify:track:4IXtbeWsD2DQWnTfjDSMjm,"Icy","The Prelude","Pink Sweat$",2020-07-17,178622,34,false,,2022-04-23T18:37:30Z,"","Atlantic Records",0.836,0.662,10,-5.063,0,0.0623,0.0284,0.00744,0.0781,0.606,111.519,4
spotify:track:7iJAWmsQFzFv9ON8hqLk6h,"last cup of coffee","last cup of coffee","LilyPichu",2021-08-09,161636,43,false,,2022-04-23T04:27:17Z,"","comfi beats",0.791,0.344,10,-8.656,1,0.0559,0.677,0.0019,0.347,0.47,125.111,4
spotify:track:2WzWwYoxWIqyjzIaazsqYV,"Doritos & Fritos","Doritos & Fritos","100 gecs",2022-04-12,196896,0,true,,2022-04-23T03:25:20Z,"hyperpop,glitch","Dog Show Records",0.645,0.979,4,-3.441,0,0.119,0.0206,0.00000127,0.0789,0.919,171.9,4
spotify:track:4puSnA2hoYbFW5fim9XWwz,"High to Death","Twin Fantasy","Car Seat Headrest",2018-02-16,459347,54,false,,2022-04-23T03:16:23Z,"midwest emo,indie rock","Matador",0.505,0.423,0,-11.324,1,0.0383,0.131,0.0215,0.103,0.171,106.251,4
spotify:track:4vHNeBWDQpVCmGbaccrRzi,"Goodie Bag","Goodie Bag","Still Woozy",2017-11-05,146390,70,true,,2022-04-23T03:11:46Z,"bedroom pop","Still Woozy Productions Inc., under exclusive license to Interscope Records",0.739,0.522,7,-12.304,0,0.151,0.821,0.00124,0.233,0.619,138.263,4
spotify:track:7bMJf6O50SB7FuLQi47ep2,"My Love","MY LOVE","Lee Seung Chul",2013-06-18,203899,0,false,,2022-04-10T21:29:04Z,"k-ballad","Genie Music Corporation, Stone Music Entertainment",0.679,0.821,1,-5.164,1,0.0281,0.163,0,0.0922,0.54,111.985,4
spotify:track:4NasktR5Hj5df1iJC6ioJt,"Hard to Say Goodbye","Hard to Say Goodbye","Johnny Stimson",2020-03-20,156827,39,false,,2022-04-10T21:16:08Z,"","Johnny Stimson",0.632,0.476,8,-9.644,1,0.0812,0.349,0,0.164,0.414,77.004,4
spotify:track:0C3sscH57PNeQ8dmY6xTIR,"SUNRISE","SUNRISE","MICHELLE",2020-07-16,176940,49,false,,2022-04-05T17:54:13Z,"bedroom pop","Canvasback/ATL",0.821,0.444,7,-5.954,1,0.0796,0.16,0.0191,0.301,0.678,87.029,4
spotify:track:76tztTt7xAC6E0RZggd9xg,"7PM","7PM","Lilacs.;Lizzy McAlpine",2020-03-07,202105,0,false,,2022-04-05T17:00:28Z,"","Lilacs.",0.782,0.512,4,-8.103,1,0.0324,0.297,0.0000324,0.0979,0.658,94.98,4
spotify:track:1USo158Kncaxfyq9q306dn,"Sinatra","Sinatra","Forrest Nolan",2021-01-25,156342,2,false,,2022-04-05T05:26:25Z,"bedroom pop","Forrest Nolan",0.444,0.301,0,-8.88,1,0.0334,0.886,0,0.183,0.35,95.278,3
spotify:track:6vClu14OM4fb5DrxfKK7P5,"Street by Street","Street by Street","Laufey",2020-04-06,224098,0,false,,2022-04-05T05:07:15Z,"","Laufey",0.696,0.277,0,-10.865,1,0.0557,0.875,0.0000029,0.137,0.221,82.065,4
spotify:track:4An9H5fsEyJZTXtclokIaL,"Underground","Underground","Cody Fry",2021-11-12,171000,0,false,,2022-03-27T04:28:58Z,"","Cody Fry",0.583,0.21,5,-11.738,1,0.0402,0.721,0.00000589,0.111,0.314,129.819,4
spotify:track:7xW3rU5rzv4ghw0h8APxuH,"MESS U MADE","MESS U MADE","MICHELLE",2021-10-27,168542,39,true,,2022-03-27T04:13:05Z,"bedroom pop","Canvasback/ATL",0.674,0.366,4,-6.539,1,0.0381,0.341,0.0000073,0.125,0.346,126.994,3
spotify:track:3Zt96GJIqDOu0SucdGNGTX,"サンキュー！！","〜Heartful Best Songs〜　“Thank You!!”","Home Made Kazoku",2005,273480,54,false,,2022-03-27T04:08:50Z,"anime,j-rock,j-pop","Sony Music Labels Inc.",0.729,0.912,11,-6.76,0,0.0474,0.529,0,0.104,0.5,111.949,4
spotify:track:0ACoy3rzW779jyh76PI3UD,"On Top of the World","The Shapes I'm In","Stephen Day",2021-08-20,239044,53,false,,2022-03-18T06:29:51Z,"pop soul","Stephen Day",0.882,0.477,2,-7.858,1,0.053,0.502,0.0000783,0.0859,0.835,120.015,4
spotify:track:1ZHln0m59fpobHTYMc6Qs4,"Autumn's Song","Undergrad Romance and the Moses in Me","Stephen Day",2016-04-08,206747,49,false,,2022-03-18T06:28:49Z,"pop soul","Stephen Day",0.596,0.22,1,-10.08,1,0.0332,0.864,0,0.102,0.251,83.038,4
spotify:track:2dhr80Z6BFPwHjWJJCrm6l,"Phillip's Bicycle","Blue Wave Mosaic","Charlie Burg;Daniel James",2015-12-28,271384,0,false,,2022-03-18T06:26:19Z,"","Charlie Burg",0.619,0.278,0,-12.515,0,0.104,0.293,0.000579,0.0765,0.373,130.008,4
spotify:track:27AJf1VXuh3h6QsqQBOLxf,"Channel Orange In Your Living Room","Channel Orange In Your Living Room","Charlie Burg",2020-04-21,158373,3,false,,2022-03-18T06:23:57Z,"","FADER Label",0.698,0.604,11,-6.489,1,0.0494,0.518,0,0.07,0.832,118.692,4
spotify:track:48jV8AW50589btXi0Hs5f4,"Lancaster Nights","Lancaster Nights","Charlie Burg",2020-09-02,190469,4,false,,2022-03-18T06:23:35Z,"","FADER Label",0.745,0.387,1,-12.839,0,0.0327,0.179,0.00633,0.0736,0.772,95.985,4
spotify:track:3oX7VxSz6EHHnxKGUjk9sx,"Let You Break My Heart Again","Let You Break My Heart Again","Laufey;Philharmonia Orchestra",2021-08-13,269066,0,false,,2022-03-18T06:23:07Z,"opera,classical,orchestral","Laufey",0.26,0.144,2,-15.126,1,0.036,0.965,0.113,0.111,0.127,80.428,4
spotify:track:2EjuEHTRZRgE9pvaBm5Hh3,"Valentine","Valentine","Laufey",2022-02-14,168906,0,false,,2022-03-18T06:22:25Z,"","Laufey",0.483,0.204,3,-13.065,1,0.0453,0.916,0,0.107,0.219,82.711,4
spotify:track:4crdHmkZQmNd2hucSIk7dA,"Like the Movies","Typical of Me EP","Laufey",2021-04-30,162758,0,false,,2022-03-18T06:21:54Z,"","Laufey",0.576,0.273,0,-10.216,1,0.0359,0.909,0.0000963,0.146,0.21,87.122,4
spotify:track:5PXbAtE5H3e3SkWXenu07T,"Private Language","Private Language","Pil Kyo",2022-03-07,251441,21,false,,2022-03-18T06:21:13Z,"","JMG(로칼하이레코즈)",0.684,0.474,2,-9.008,1,0.0362,0.718,0.0000116,0.129,0.316,125.978,4
spotify:track:3UXHgrtANbsoWAn5DfUcz6,"Moonlight (Feat. YooJeong)","Moonlight","soowoo;YooJeong",2022-03-17,149200,29,false,,2022-03-18T06:20:11Z,"","soowoo",0.74,0.657,2,-5.147,1,0.188,0.578,0.0000122,0.164,0.877,103.99,4
spotify:track:4mpYi6nlFVLrnyIeniYFB1,"luck","Heartstrings","Serph",2011-04-15,304586,10,false,,2022-03-18T06:17:33Z,"","noble",0.406,0.874,8,-5.101,1,0.0653,0.0252,0.038,0.106,0.23,160.021,4
spotify:track:1NZKRt5rbO0DcolzTY5Khj,"銀河","SINGLES 2004-2009","Fujifabric",2010-06-30,304213,25,false,,2022-03-18T06:16:20Z,"j-rock,anime,j-pop","Universal Music LLC",0.507,0.881,10,-5.44,1,0.0468,0.00256,0.00581,0.119,0.732,147.017,4
spotify:track:2l02YNthg1e2dyXrv8gacQ,"スノースマイル","ユグドラシル","BUMP OF CHICKEN",2004-08-25,307013,49,false,,2022-03-18T06:15:54Z,"j-pop,j-rock,anime","TOY'S FACTORY",0.317,0.605,6,-3.539,1,0.0291,0.0112,0.000014,0.336,0.51,76.103,4
spotify:track:2oPxMaCPeuNO6vNnqnvT7v,"北斗七星","北斗七星","VK Blanka",2021-10-22,330000,36,false,,2022-03-18T06:14:34Z,"anime,j-pop,j-rock","avex trax",0.457,0.536,0,-7.114,1,0.0281,0.0802,0,0.367,0.401,151.646,4
spotify:track:2y7f8qkrgIqY5KsfPNcuix,"Black Catcher","Devil","VK Blanka",2020-03-04,196946,64,false,,2022-03-18T06:14:04Z,"anime,j-pop,j-rock","avex trax",0.592,0.893,11,-4.71,0,0.0428,0.00355,0.00000678,0.0716,0.636,100.052,4
spotify:track:00uEHWNIWxfTLYtkYw9QcF,"メイキング","変わらない空","LUCKLIFE",2015-08-05,200093,34,false,,2022-03-18T06:13:29Z,"anime,j-rock,j-pop","I WILL MUSIC",0.657,0.766,1,-3.761,1,0.0506,0.0133,0,0.289,0.96,106.042,4
spotify:track:2NiwNkzDbVL8KxFzGBwwue,"シンボル","Dear days","LUCKLIFE",2018-08-22,207653,0,false,,2022-03-18T06:13:14Z,"anime,j-rock,j-pop","Lantis",0.51,0.773,5,-3.802,0,0.0566,0.0176,0,0.074,0.899,154.005,4
spotify:track:3QjIdDDKoZRyfWDKZC4Ayb,"History Maker","History Maker","DEAN FUJIOKA",2016-10-07,190044,50,false,,2022-03-18T06:11:56Z,"anime","A-Sketch",0.397,0.668,9,-4.292,1,0.0855,0.102,0,0.0744,0.456,67.012,4
spotify:track:1IoHPYdecTadEsYVZojlTT,"I'm Saying... (Live-2015 Solo Concert -Merry 302 MHz-@PACIFICO Yokohama, Kanagawa)","Live-2015 Solo Concert -Merry 302 MHz-","LEE HONG GI",2016-04-27,249207,38,false,,2022-03-18T06:07:19Z,"k-ballad","FNC RECORDS",0.553,0.744,1,-8.327,1,0.0495,0.589,0.000161,0.0656,0.64,141.059,4
spotify:track:0ih4PcU40uucAVEbD2486u,"Still love you","FNC LAB 'Still love you'","LEE HONG GI;Yoo Hwe Seung",2018-04-08,258131,56,false,,2022-03-18T06:06:45Z,"k-ballad","FNC ENTERTAINMENT",0.482,0.513,4,-5.187,1,0.0313,0.534,0,0.115,0.121,133.925,4
spotify:track:6btQalWy5HGVJUTapo3E5F,"Coming Down from Heaven","You're Beautiful (Music from the Original TV Series)","Oh Won Bin;Miss",2011-05-13,186720,0,false,,2022-03-18T06:05:25Z,"","FNC Music",0.793,0.744,5,-8.639,0,0.0611,0.364,0,0.402,0.613,107.006,4
spotify:track:4Y34pLFEIrOMucLYuPeSV6,"Promise (feat. Jung Yonghwa)","You're Beautiful (Music from the Original TV Series)","Lee Hongi;Jung Yong Hwa",2011-05-13,222146,0,false,,2022-03-18T06:04:56Z,"k-ballad","FNC Music",0.676,0.768,2,-5.901,1,0.0263,0.00875,0,0.147,0.404,130.021,4
spotify:track:5fAWrvh6Rg6Z3cf6wUsePN,"Without Words","You're Beautiful (Music from the Original TV Series)","Jang Keun-suk",2011-05-13,243653,0,false,,2022-03-18T06:04:31Z,"","FNC Music",0.472,0.521,0,-6.498,1,0.0356,0.552,0,0.176,0.197,180.114,4
spotify:track:1HoDYmh9L5mhsRtTIInxuI,"Song for a Fool","You're Beautiful (Music from the Original TV Series)","Park Sangwoo",2011-05-13,202026,0,false,,2022-03-18T06:04:03Z,"","FNC Music",0.67,0.606,0,-6.543,1,0.0278,0.0797,0,0.0749,0.888,115.03,4
spotify:track:69itE1r5NzPTlDEsDir9tr,"My Heart Is Calling","You're Beautiful (Music from the Original TV Series)","Kim Dongwook",2011-05-13,248093,0,false,,2022-03-18T06:03:37Z,"","FNC Music",0.472,0.444,0,-8.293,1,0.0384,0.396,0,0.105,0.208,135.717,4
spotify:track:1OM7HqanH29BqxVMeBLN7n,"당신이였나요","Lovers in Paris (Original Television Soundtrack)","이민영",2004-06-25,272549,6,false,,2022-03-18T06:02:45Z,"","오감엔터테인먼트",0.396,0.494,0,-5.601,1,0.03,0.736,0,0.149,0.234,138.04,4
spotify:track:5OklBVET7PysDxQ0bIY3a0,"레테의 강","Let Me Love","Jo Sung Mo",2000-09-01,324626,17,false,,2022-03-18T06:00:05Z,"k-ballad","Genie Music Corporation",0.344,0.372,9,-9.089,0,0.0479,0.557,0,0.109,0.161,137.463,4
spotify:track:0EFQ6qhrA7cdFAA30kZq6o,"プラスティック・ラブ","CITY LIGHTS 2nd Season","Yuri Tanaka",2019-01-23,305960,41,false,,2022-03-18T05:58:20Z,"city pop,j-r&b","SMR RECORDS",0.665,0.853,2,-4.868,0,0.0313,0.243,0.0000056,0.142,0.793,101.973,4
spotify:track:2lTnA8Z6rmjIvQRcEy3XLH,"Dress Sexy At My Funeral","Dongs Of Sevotion","Smog",2000-04-04,330133,39,false,,2022-03-18T05:57:56Z,"slowcore,anti-folk","Drag City Records",0.461,0.494,7,-12.185,0,0.025,0.633,0.0832,0.112,0.697,96.337,4
spotify:track:1ognDP1UWqfcPaOvlzTCXx,"恋ノ行方","恋ノ行方","あかせあかり",2022-01-09,217233,47,false,,2022-03-18T05:54:24Z,"anime","Sony Music Labels Inc.",0.765,0.737,1,-4.587,1,0.0268,0.283,0.00017,0.346,0.826,139.939,4
spotify:track:3igzzZE41AOz8aHFMGRsqi,"元気を出して","REQUEST (30th Anniversary Edition)","Mariya Takeuchi",1987-08-12,287200,56,false,,2022-03-18T05:53:45Z,"city pop,kayokyoku,j-pop","WM Japan",0.383,0.602,0,-5.609,1,0.0274,0.292,0.00064,0.156,0.737,183.279,4
spotify:track:4M9Op6UQ36mhtjMBuevRYN,"Dress Down","Cologne","Kaoru Akimoto",1986,272533,59,false,,2022-03-18T05:38:12Z,"city pop","INVITATION",0.769,0.403,0,-15.134,1,0.051,0.197,0.000191,0.264,0.567,118.007,4
spotify:track:2uFkRg6BICax5y6OUQnkOQ,"I Can Break Your Heart Too","Under My Influence","The Aces",2020-07-17,214662,42,false,,2022-03-18T05:33:29Z,"","Red Bull Records",0.656,0.541,7,-7.901,1,0.0394,0.23,0,0.0836,0.722,77.962,4
spotify:track:1o9kTjiWJ5lTgKonUK6jAU,"Cherry (feat. Hayley Kiyoko)","Cherry (feat. Hayley Kiyoko)","FLETCHER;Hayley Kiyoko",2021-11-17,152511,49,false,,2022-03-18T05:29:31Z,"","Capitol Records",0.812,0.585,2,-4.644,1,0.0615,0.202,0.00216,0.245,0.611,118.037,4
spotify:track:2stbjvpFujerfDUuUUPX7o,"breadwinner","star-crossed","Kacey Musgraves",2021-09-10,200840,51,false,,2022-03-18T05:28:44Z,"","Lost Highway/IGA",0.866,0.508,8,-8.591,0,0.058,0.769,0.00000835,0.11,0.476,117.951,4
spotify:track:0gY98BmpHwoh5UFlBTCAqb,"More Than This","$hiny Things","Dasha",2021-03-19,218764,28,false,,2022-03-18T05:23:51Z,"","Quadio Records",0.776,0.45,11,-7.975,1,0.142,0.214,0,0.0913,0.779,89.001,4
spotify:track:5N4x4OBxCZVxBfnaFJgnjY,"Wish You Would've","Wish You Would've","Lily Kincade",2021-06-25,188025,0,true,,2022-03-18T05:23:00Z,"","Lily Kincade",0.695,0.583,0,-6.387,1,0.0414,0.262,0.0000194,0.0652,0.526,148.048,4
spotify:track:3wchQBokK9IDtoYrw14gpK,"Girls Your Age","Transviolet","Transviolet",2015-09-18,208048,38,false,,2022-03-18T05:22:32Z,"","Epic",0.427,0.398,0,-9.553,0,0.0536,0.453,0.00479,0.0903,0.114,139.249,4
spotify:track:6IFjVdrrtV3MngDnP89bHM,"Pink Pony Club","Pink Pony Club","Chappell Roan",2020-04-03,258034,0,false,,2022-03-18T05:14:37Z,"","Chappell Roan",0.616,0.649,6,-6.208,1,0.0461,0.408,0,0.11,0.506,106.722,4
spotify:track:5B6Kjha6RRIMWGN7zGsAaT,"So Hot You're Hurting My Feelings","Pang","Caroline Polachek",2019-10-18,183861,64,false,,2022-03-18T05:14:10Z,"art pop","Perpetual Novice",0.795,0.576,6,-4.971,1,0.0289,0.0787,0.0000101,0.121,0.847,111.975,4
spotify:track:4jOzGvdfEzVNvV1T2khqce,"Over Some Wine (feat. Maeta)","Constellations","RINI;Maeta",2021-10-08,201616,47,false,,2022-02-26T20:35:05Z,"indie r&b","Warner Records",0.62,0.484,1,-7.835,0,0.125,0.562,0.0000012,0.105,0.473,71.967,1
spotify:track:0hSgoJJQbYER9D9X2gGjsG,"夏夜晚風 (Live)","3 Songs","deca joins",2020-06-01,257625,36,false,,2022-02-26T20:21:00Z,"taiwanese indie,chinese indie,chinese rock,taiwanese pop","Sashimi Music CO.,LTD",0.29,0.245,2,-14.053,1,0.0323,0.771,0.281,0.0902,0.0374,109.859,4
spotify:track:6PVx8IYQJdeLa2AIJnnFrj,"Revvin' My Cj7","So Polite","Summer Salt",2017-07-18,168205,23,false,,2022-02-26T17:43:47Z,"","Cherry Lime Records",0.762,0.468,10,-7.969,1,0.0464,0.934,0.102,0.115,0.347,119.88,4
spotify:track:7L3yLy4K5CI7AWK2DfAbTv,"Hello","2014 Forest Hills Drive","J. Cole",2014-12-09,219173,56,true,,2022-02-26T00:26:22Z,"rap","Roc Nation Records LLC",0.656,0.724,9,-8.432,0,0.208,0.0829,0.0000117,0.106,0.318,159.991,4
spotify:track:6LBpGdlukUARutol7VgWIS,"January 28th","2014 Forest Hills Drive","J. Cole",2014-12-09,242697,68,true,,2022-02-26T00:25:39Z,"rap","Roc Nation Records LLC",0.597,0.568,5,-8.559,1,0.342,0.242,0,0.0838,0.342,84.052,4
spotify:track:6tunhVGD8C05MZNjSVIsjw,"It Never Rains in Southern California","It Never Rains In Southern California","Albert Hammond",1972-08-16,233506,68,false,,2022-02-20T20:52:52Z,"","Legacy Recordings",0.626,0.565,9,-10.027,1,0.0271,0.124,0,0.0811,0.924,116.61,4
spotify:track:4XQnhcwRPRmGG4E6PakLMb,"Wings","Wings","So!YoON!;Phum Viphurit",2020-10-20,195573,0,false,,2022-02-14T20:45:03Z,"k-rock,bedroom pop","Magic Strawberry Sound",0.66,0.488,6,-8.188,1,0.025,0.172,0,0.065,0.543,100.024,4
spotify:track:4LjlYndpXP76iDArlJaWXT,"instagram","instagram","DEAN",2017-12-26,255728,0,false,,2022-02-08T00:34:32Z,"k-rap,k-pop","Universal Music Group",0.463,0.566,8,-6.195,1,0.145,0.196,0,0.284,0.219,93.921,4
spotify:track:5dC79m39ThfNFIHfaUx0Ge,"What 2 Do","130 Mood : TRBL","DEAN;Crush;Jeff Bernat",2016-03-25,224098,0,false,,2022-02-08T00:26:28Z,"k-rap,k-pop,k-ballad","Universal Music Group",0.631,0.526,5,-5.839,0,0.0334,0.213,0,0.329,0.547,95.074,4
spotify:track:7vBvAgZizx6wvlVXMbvuf4,"もうええわ","HELP EVER HURT NEVER","Fujii Kaze",2020-05-20,301933,58,false,,2022-02-08T00:24:38Z,"j-pop","Universal Music LLC",0.624,0.585,9,-7.969,1,0.0593,0.43,0,0.357,0.296,81.956,4
spotify:track:7nWkch2lxmVbHOgKabM8qd,"燃えよ","燃えよ","Fujii Kaze",2021-09-04,279617,44,false,,2022-02-08T00:22:43Z,"j-pop","Universal Music LLC",0.621,0.87,0,-6.157,1,0.0436,0.00165,0.0000204,0.346,0.822,137.994,4
spotify:track:51oc6MEsXTpnPn6GOw5VuP,"きらり","Kirari Remixes (Asia Edition)","Fujii Kaze",2022-01-14,231882,70,false,,2022-02-08T00:22:12Z,"j-pop","Universal Music LLC",0.746,0.764,2,-6.833,1,0.0462,0.00803,0,0.357,0.701,116.982,4
spotify:track:0F0bUjqrveFfAkLpZbVVkS,"Blonde Hair, Black Lungs","Forgettable","Sorority Noise",2014-05-13,176975,54,false,,2022-02-08T00:12:36Z,"midwest emo,folk punk,emo,indie punk","Flower Girl Records",0.314,0.602,5,-6.264,1,0.0448,0.000442,0,0.136,0.37,114.185,3
spotify:track:4VFGpluBaU1WcquEMzhSz6,"Wild Blue","Sob Rock","John Mayer",2021-07-16,252413,64,false,,2022-02-08T00:09:44Z,"singer-songwriter","Columbia",0.816,0.596,0,-8.989,1,0.0294,0.557,0.812,0.0842,0.876,123.027,4
spotify:track:5NxC33tgrysAEqc62yukdT,"So Alright, Cool, Whatever","Concentrate","The Happy Fits",2018-06-15,191360,0,false,,2022-02-07T23:57:47Z,"","The Happy Fits Records",0.685,0.642,0,-5.417,1,0.0372,0.0997,0,0.0343,0.763,130.02,4
spotify:track:6kax8MTAFhtRy8zNuAIIMG,"Little Words","Concentrate","The Happy Fits",2018-06-15,241520,0,false,,2022-02-07T23:55:54Z,"","The Happy Fits Records",0.34,0.221,2,-8.421,0,0.0343,0.805,0,0.112,0.0788,83.27,4
spotify:track:6jDjdfe7npTAxfwVq2HRfr,"Marigolds","Marigolds","Early Eyes",2020-03-17,221625,42,false,,2022-02-03T00:42:50Z,"","Epitaph",0.701,0.711,0,-4.193,1,0.0322,0.0504,0.0304,0.14,0.567,133.027,4
spotify:track:1dulvrK6yMIbklTAwYX95q,"For Life (Take You out, Treat You Right)","Guess I’m Grown Now","Stephen Day",2019-10-11,196386,0,false,,2022-02-03T00:41:09Z,"pop soul","Stephen Day",0.749,0.428,6,-7.36,1,0.0416,0.358,0.00000586,0.306,0.741,100.028,4
spotify:track:3dE1lStCWYgkmyikvwmFUU,"Kids","Canyons","Young Gun Silver Fox",2020-08-07,187720,42,false,,2022-02-03T00:33:01Z,"yacht rock,aor","Karma Chief Records",0.833,0.639,2,-6.801,1,0.0314,0.239,0.0000485,0.0907,0.911,106.963,4
spotify:track:02CygBCQOIyEuhNZqHHcNx,"It Runs Through Me","Geography","Tom Misch;De La Soul",2018-04-06,261881,1,false,,2022-02-03T00:32:46Z,"indie soul,jazz rap,east coast hip hop","Beyond The Groove 4",0.802,0.607,11,-11.028,0,0.289,0.205,0.000748,0.246,0.274,96.916,4
spotify:track:1lExr2fRER9uMrpIBqArSO,"Follow Me Like the Moon","Follow Me Like the Moon","Sammy Rae & The Friends",2022-01-14,261903,46,false,,2022-02-03T00:32:27Z,"pop soul","Nettwerk Music Group",0.629,0.853,11,-5.043,0,0.0729,0.146,0.0000678,0.176,0.679,108.119,4
spotify:track:6QIOzVmSfjMLWuur4e3BAv,"Hollywood Witches","Strange Satisfaction","Woody and Jeremy",2020-03-13,236146,35,true,,2022-02-03T00:30:44Z,"","Strange Satisfaction",0.766,0.323,1,-7.221,1,0.0349,0.191,0.000654,0.0829,0.516,92.048,4
spotify:track:6vzRQHItVGIT94q33HvRZx,"Aunt Leslie","The Beautiful Game","Vulfpeck",2016-10-17,229395,43,false,,2022-01-24T23:13:19Z,"funk,funk rock","Vulf Records",0.664,0.535,6,-9.685,0,0.0562,0.627,0.215,0.131,0.326,117.72,4
spotify:track:4wvMwGmbq2PRQACVTUtdl2,"Jamirobeegees Mashup: Stayin' Alive / Virtual Insanity","Best of 2018","Pomplamoose",2021-06-25,172975,0,false,,2022-01-24T23:09:50Z,"","Pomplamoose",0.66,0.866,1,-3.539,1,0.111,0.207,0,0.0657,0.825,94.757,4
spotify:track:6hYvw3LLTViP2mT4MpDNmT,"Grow as We Go","Sing To Me Instead","Ben Platt",2019-03-29,249426,60,false,,2022-01-24T23:08:53Z,"musicals","Atlantic Records",0.458,0.137,8,-14.083,1,0.0355,0.882,0,0.15,0.437,80.824,4
spotify:track:7FgKpIdYuIqOfoKinw89mN,"Daydreaming","Meant to Be Blue","KENTON",2017-06-26,405660,1,false,,2022-01-24T22:03:17Z,"","Kenton Chen",0.23,0.316,9,-12.235,0,0.0297,0.666,0.442,0.112,0.114,82.159,4
spotify:track:4itEudo6hNQf4IbMcZa825,"The Night We Called It a Day","Meant to Be Blue","KENTON",2017-06-26,152103,0,false,,2022-01-24T21:59:44Z,"","Kenton Chen",0.423,0.0462,7,-16.706,1,0.0406,0.965,0.00000696,0.162,0.194,119.555,4
spotify:track:7d8HrVIAZfLY6nIwtahpPZ,"Your Love Is Alive","Meant to Be Blue","KENTON",2017-06-26,321104,0,false,,2022-01-24T21:57:47Z,"","Kenton Chen",0.517,0.35,2,-10.974,1,0.0478,0.847,0,0.104,0.278,124.098,4
spotify:track:3s6PNArxzSZuRUIvpINwPA,"Born to Be Blue","Meant to Be Blue","KENTON",2017-06-26,280922,1,false,,2022-01-24T21:51:56Z,"","Kenton Chen",0.398,0.2,5,-11.964,0,0.0321,0.916,0.000129,0.106,0.288,183.434,3
spotify:track:4LEDi6dVI7h0XAprrSvnOe,"I Wish I Knew How It Would Feel to Be Free","Meant to Be Blue","KENTON",2017-06-26,197589,1,false,,2022-01-24T21:48:15Z,"","Kenton Chen",0.533,0.212,9,-10.07,1,0.0368,0.716,0,0.105,0.226,118.972,4
spotify:track:3BBw3lBmJjSI4HfN1K1AnR,"Walls","Walls","KENTON",2018-03-30,241250,3,false,,2022-01-24T21:47:21Z,"","Mostly Human Music",0.427,0.245,4,-10.782,1,0.0301,0.758,0.0000461,0.0957,0.229,71.327,4
spotify:track:6WHPgaIiWqPVdKJXaBoeHK,"Coffee","Coffee","Early Eyes",2018-01-08,168752,38,false,,2022-01-11T05:11:32Z,"","Birds Plural",0.66,0.635,10,-8.779,1,0.158,0.354,0.00427,0.307,0.804,163.081,4
spotify:track:0DyZx471Ab72xTOFE47q9h,"Penelope","Penelope","Early Eyes",2018-06-15,236634,37,false,,2022-01-11T05:10:56Z,"","Birds Plural",0.613,0.651,11,-10.048,1,0.0513,0.103,0.000368,0.101,0.6,141.961,4
spotify:track:7nF74JcG12aaD8lV9SJVTu,"Best Tears","Concentrate","The Happy Fits",2018-06-15,158533,0,false,,2022-01-11T05:10:11Z,"","The Happy Fits Records",0.415,0.702,2,-3.73,1,0.04,0.109,0,0.119,0.68,129.683,4
spotify:track:4QLbogzP3qlilBUBVSI96T,"4/4","Grand Slam, Thank You Ma'am","Danny and Alex",2018-11-16,214000,24,false,,2022-01-11T05:07:59Z,"","Danny and Alex",0.74,0.585,5,-11.863,1,0.03,0.365,0.284,0.129,0.654,126.964,4
spotify:track:1EM9pvygHqQm03as6sxLg9,"旅路","旅路","Fujii Kaze",2021-03-01,277333,55,false,,2022-01-11T05:06:39Z,"j-pop","Universal Music LLC",0.59,0.556,9,-7.124,1,0.07,0.0711,0.00000324,0.08,0.749,171.936,4
spotify:track:3ciqhcLmXP4hVGBD98QlEj,"きらり","きらり","Fujii Kaze",2021-05-03,231882,56,false,,2022-01-11T05:06:19Z,"j-pop","Universal Music LLC",0.746,0.764,2,-6.833,1,0.0462,0.00803,0,0.357,0.701,116.982,4
spotify:track:6FfLg6FFqhCsrFOaHIGkg0,"Honeypie","For Abby","JAWNY",2020-10-27,135581,78,false,,2022-01-11T05:02:54Z,"bedroom pop","Johnny Utah LLC",0.74,0.688,5,-4.361,0,0.0916,0.061,0,0.138,0.935,115.035,4
spotify:track:5x4R7DNsMj5ZFSJR63GVjV,"This December - slow","This December (slow)","Ricky Montgomery",2021-12-01,213783,0,false,,2022-01-11T05:00:33Z,"","Warner Records",0.675,0.836,6,-5.205,1,0.0355,0.0201,0.00000126,0.0667,0.827,118.987,4
spotify:track:4s4ezwbjwZ4krvAIwYe3vQ,"mustache","dancing by myself","boy pablo",2021-05-21,165000,0,false,,2022-01-11T04:53:42Z,"bedroom pop","777 MUSIC",0.652,0.649,0,-7.452,1,0.0251,0.00075,0.00573,0.18,0.809,106.992,4
spotify:track:5QTdOvIF2ehBMZpSIIGzIo,"Honey","Honey","Kehlani",2017-10-06,199209,62,true,,2022-01-11T04:51:28Z,"","TSNMI / Atlantic",0.606,0.24,3,-7.102,1,0.0369,0.772,0,0.0819,0.526,96.792,4
spotify:track:5cxnSTLzGD1t9xcdmJYFVB,"No Children","Tallahassee","The Mountain Goats",2003-01-27,168306,60,false,,2022-01-11T04:46:17Z,"folk punk,anti-folk,indie folk","4AD",0.607,0.411,1,-7.566,1,0.0414,0.603,0.000671,0.103,0.412,84.94,4
spotify:track:1mvDFqbbmgmMmU6U4dIq5m,"Forbidden Fruit (feat. Kendrick Lamar)","Born Sinner (Deluxe Version)","J. Cole;Kendrick Lamar",2013-06-18,268666,63,true,,2022-01-11T04:44:50Z,"rap,hip hop,west coast hip hop","Roc Nation LLC",0.84,0.504,1,-9.354,1,0.383,0.546,0.00131,0.211,0.406,110.027,4
spotify:track:2wsBhAFs6Cxk9AGngVpYOK,"Miss America","Born Sinner (Deluxe Version)","J. Cole",2013-06-18,225866,48,true,,2022-01-11T04:44:00Z,"rap","Roc Nation LLC",0.512,0.677,9,-7.407,0,0.14,0.00425,0.000951,0.142,0.204,172.208,4
spotify:track:2O1vTF3y8Jq1XSrgSto6YL,"New York Times (feat. 50 Cent & Bas)","Born Sinner (Deluxe Version)","J. Cole;50 Cent;Bas",2013-06-18,271813,53,true,,2022-01-11T04:43:42Z,"rap,old school hip hop,east coast hip hop","Roc Nation LLC",0.365,0.655,8,-6.957,1,0.31,0.291,0.00037,0.164,0.31,171.342,4
spotify:track:09x9v1o51dbqi5H0u7UGfp,"I Will - Remastered 2009","The Beatles (Remastered)","The Beatles",1968-11-22,105933,70,false,,2022-01-11T04:34:01Z,"classic rock,psychedelic rock","EMI Catalogue",0.631,0.387,5,-11.529,1,0.0262,0.742,0.000406,0.0822,0.832,103.11,4
spotify:track:71LsKf3xISiOlY1mj7FFPP,"Happiness Is A Warm Gun - Remastered 2009","The Beatles (Remastered)","The Beatles",1968-11-22,164546,61,false,,2022-01-11T04:32:53Z,"classic rock,psychedelic rock","EMI Catalogue",0.431,0.54,9,-9.6,0,0.0589,0.523,0.00000134,0.169,0.44,139.288,4
spotify:track:6j67aNAPeQ31uw4qw4rpLa,"Wild Honey Pie - Remastered 2009","The Beatles (Remastered)","The Beatles",1968-11-22,52973,52,false,,2022-01-11T04:31:43Z,"classic rock,psychedelic rock","EMI Catalogue",0.792,0.763,2,-11.185,1,0.0506,0.425,0.627,0.789,0.152,89.9,4
spotify:track:6rtK1daEEVnyRwBmtWxKEW,"The Fall","The Fall EP","Sarah Kinsley",2020-04-10,176210,24,false,,2022-01-11T04:29:36Z,"","Sarah Kinsley",0.36,0.417,10,-12.95,1,0.0413,0.677,0.0114,0.0712,0.126,75.172,4
spotify:track:5hC8RfOmpP4QcuMoT2yjIH,"Don't Start Now","Don't Start Now","Pomplamoose",2021-06-28,166718,0,false,,2022-01-11T04:25:26Z,"","Pomplamoose",0.805,0.569,11,-7.408,0,0.0467,0.0453,0.0741,0.199,0.486,117.974,4
spotify:track:1haEW65uXhvn0oy4Caiaje,"I Say a Little Prayer","Star Funk","Scary Pockets;KENTON",2018-09-23,162760,38,false,,2022-01-11T04:23:51Z,"funk,retro soul","Pockets, Inc.",0.674,0.596,0,-8.033,1,0.0545,0.239,0,0.127,0.831,135.92,4
spotify:track:1ZseaIKt19broBzze3F8hz,"Hello, Anxiety","Hello, Anxiety","Phum Viphurit",2019-03-22,264761,50,false,,2022-01-11T04:19:28Z,"bedroom pop","Rats Records",0.84,0.495,9,-9.54,1,0.0406,0.589,0.552,0.103,0.808,125.993,4
spotify:track:2Nl3vx5qRnATIckVRZxb4T,"何なんw","HELP EVER HURT NEVER","Fujii Kaze",2020-05-20,320640,64,false,,2021-12-09T04:30:24Z,"j-pop","Universal Music LLC",0.633,0.729,7,-7.113,1,0.13,0.394,0.000164,0.144,0.69,89.851,4
spotify:track:0f3Ce9xjHymExIpEyHUC8D,"優しさ","HELP EVER HURT NEVER","Fujii Kaze",2020-05-20,240080,63,false,,2021-12-09T04:22:21Z,"j-pop","Universal Music LLC",0.598,0.706,1,-6.827,1,0.0491,0.11,0,0.0925,0.262,133.847,4
spotify:track:0HYAsQwJIO6FLqpyTeD3l6,"死ぬのがいいわ","HELP EVER HURT NEVER","Fujii Kaze",2020-05-20,185573,67,false,,2021-12-09T04:16:52Z,"j-pop","Universal Music LLC",0.6,0.76,6,-6.123,0,0.0451,0.167,0.0000407,0.189,0.519,158.075,4
spotify:track:3z06k8YF9CqX0CGFrlekOK,"everything sucks","everything sucks","vaultboy",2021-08-06,115401,62,true,,2021-12-06T01:49:16Z,"","Fast Friends",0.76,0.371,6,-8.964,1,0.0531,0.00772,0,0.0785,0.653,138.023,4
spotify:track:245onUPHGD1DYuiacxTuW0,"KAZINO","KAZINO","BIBI",2020-04-29,185946,60,false,,2021-12-04T22:41:32Z,"k-pop,k-rap","FeelGhoodMusic",0.625,0.686,6,-3.715,0,0.0414,0.139,0,0.11,0.263,133.041,4
spotify:track:4SvhIfAl0nqli7X20A7YtA,"I Think I Love You Again","The Long Way Home","Aaron Taylor",2018-08-24,220000,54,false,,2021-11-28T23:07:53Z,"indie soul,neo soul","Edenic Records",0.755,0.326,8,-7.311,0,0.047,0.44,0.00000451,0.113,0.388,64.953,4
spotify:track:58zXQUhb3NXbY2QjhRgTNL,"さよならべいべ","HELP EVER HURT NEVER","Fujii Kaze",2020-05-20,260533,60,false,,2021-11-28T19:38:53Z,"j-pop","Universal Music LLC",0.61,0.884,9,-5.579,1,0.0426,0.00185,0,0.342,0.806,132.042,4
spotify:track:77NDAeUdOg9ODtEhbZjAb4,"風よ","HELP EVER HURT NEVER","Fujii Kaze",2020-05-20,284520,56,false,,2021-11-28T19:32:54Z,"j-pop","Universal Music LLC",0.399,0.462,9,-8.285,0,0.0318,0.679,0.000217,0.101,0.222,114.926,3
spotify:track:6BjFI5EoskHoXWTVFbcK25,"Indian Summer","Indian Summer","Shuba",2021-07-07,185228,0,true,,2021-11-05T05:40:38Z,"","Mr. Fahrenheit Recordings",0.518,0.523,0,-11.672,0,0.0605,0.28,0.0000958,0.211,0.695,73.256,4
spotify:track:3IDF7N86lrcWaJEt9C1gbS,"Cry Baby","Cry Baby","OFFICIAL HIGE DANDISM",2021-05-07,240284,60,false,,2021-11-05T05:39:23Z,"j-pop,anime,j-rock","IRORI Records",0.318,0.902,1,-4.605,1,0.131,0.0116,0,0.393,0.437,199.844,4
spotify:track:2rzWSywjwzbysCmdOzssFR,"Fairytale","Fairytale","Alexander Rybak",2009,182640,0,false,,2021-11-05T05:38:06Z,"","Cobalt Music - Helladisc S.A. (GR)",0.576,0.785,2,-5.359,0,0.0295,0.62,0.0000426,0.233,0.674,107.996,4
spotify:track:50efMyG2rMRQZ755G5iYMN,"Friends","Friends","Los Retros",2019-05-20,159533,55,false,,2021-10-29T02:25:14Z,"latin indie,bedroom pop","Stones Throw Records",0.825,0.685,6,-6.583,0,0.168,0.00211,0.0746,0.348,0.963,107.619,4
spotify:track:5F6ekGcdu623mkhTVgk64Z,"Amtrak","Looking Back","Los Retros",2021-04-30,176751,69,false,,2021-10-29T02:22:27Z,"latin indie,bedroom pop","Stones Throw Records",0.438,0.703,7,-7.069,1,0.0265,0.493,0.000979,0.0866,0.645,175.881,4
spotify:track:0kgdaEHlUTwg7jc07ulHp3,"Until The End","Not Too Late","Norah Jones",2007-01-24,236400,37,false,,2021-10-20T01:28:57Z,"jazz pop","Blue Note Records",0.347,0.168,0,-13.753,1,0.035,0.878,0.000303,0.108,0.218,186.444,3
spotify:track:171WZ8005jWCCvrefjPNxM,"Texas Reznikoff","Bury Me At Makeout Creek","Mitski",2014-11-11,132000,54,false,,2021-10-15T01:12:13Z,"","Dead Oceans",0.389,0.263,2,-9.752,1,0.0324,0.0613,0.00000119,0.0936,0.367,73.017,3
spotify:track:7LBJq7x5egGaaF8NkWMVq7,"Debussy: String Quartet in G Minor, Op. 10, CD 91, L. 85: II. Assez vif et bien rythmé","Debussy, Dutilleux & Ravel: String Quartets","Claude Debussy;Belcea Quartet",2000,243773,29,false,,2021-09-18T02:33:48Z,"impressionism,classical,classical piano,chamber music,expressionism","Warner Classics",0.396,0.136,5,-22.433,0,0.0421,0.889,0.788,0.134,0.375,166.793,4
spotify:track:3JBnDOUd18QKjDqSYuOfpm,"Dream","Dream","Suzy;BAEKHYUN",2016-01-07,222415,0,false,,2021-09-05T04:13:08Z,"k-ballad,k-pop","MYSTIC ENTERTAINMENT, ChoongangICS, SM ENTERTAINMENT, JYP ENTERTAINMENT",0.718,0.476,4,-9.205,1,0.139,0.422,0,0.0876,0.448,48.973,4
spotify:track:1l9hj8jFK4bEsRguwqMrKJ,"Driving to Hawaii","Driving to Hawaii","Summer Salt",2014-10-14,188183,19,false,,2021-09-05T03:08:06Z,"","Cherry Lime Records",0.348,0.638,7,-4.907,1,0.0403,0.719,0.0000203,0.255,0.299,186.826,3
spotify:track:6SE4JAo7T8C7XkFka5bbga,"Someone To Spend Time With","Someone To Spend Time With","Los Retros",2019-02-12,173953,68,false,,2021-09-05T02:51:25Z,"latin indie,bedroom pop","Stones Throw Records",0.816,0.46,9,-13.299,1,0.034,0.0488,0.261,0.106,0.963,89.57,4
spotify:track:0HMjXBAZmSYOTTi33WpMso,"History","Made In The A.M. (Deluxe Edition)","One Direction",2015-11-13,187421,71,false,,2021-09-04T23:25:31Z,"","Syco Music",0.655,0.697,11,-4.421,1,0.0493,0.0359,0,0.0646,0.802,86.704,4
spotify:track:3Wu4lFjkhcXxB6WWaX9gtr,"What Do I Call You","What Do I Call You - The 4th Mini Album","TAEYEON",2020-12-15,167746,48,false,,2021-09-04T21:55:51Z,"k-pop,k-ballad","SM Entertainment",0.75,0.586,11,-4.639,0,0.0674,0.0733,0,0.347,0.835,139.889,4
spotify:track:6Zyz8lsnMFpIrCTuvGurCB,"New Kid in Town - 2013 Remaster","Hotel California (2013 Remaster)","Eagles",1976-12-08,304925,70,false,,2021-09-03T11:33:29Z,"classic rock,yacht rock,soft rock","Rhino/Elektra",0.649,0.425,4,-9.811,1,0.0267,0.378,0.0013,0.108,0.651,107.383,4
spotify:track:0Y4xg5612xZ3vAgWEkMjw3,"Far Away","Far Away","EASHA",2021-03-19,185083,55,false,,2021-08-20T17:42:37Z,"bedroom pop","EASHA",0.768,0.519,5,-8.494,1,0.0739,0.402,0,0.183,0.452,112.973,4
spotify:track:0TAHhMjG17P5pzlSm1sgSl,"Funky Galileo","Funky Galileo","Sure Sure",2020-03-06,246200,49,false,,2021-08-17T17:22:12Z,"","Sure Sure",0.802,0.325,10,-9.327,1,0.0466,0.164,0.162,0.156,0.648,110.995,4
spotify:track:7oChm7YC5PS1NvEkRCgswG,"Manifest","My Finest Work Yet","Andrew Bird",2019-03-22,317413,56,false,,2021-08-17T17:22:11Z,"baroque pop,indie folk","Loma Vista Recordings",0.631,0.619,0,-6.403,0,0.025,0.321,0,0.0658,0.417,100.258,4
spotify:track:7fIFq5maHJBEPay9eyQTkp,"Flower","Flower","Johnny Stimson",2019-04-05,173230,49,false,,2021-08-17T17:22:10Z,"","Johnny Stimson",0.488,0.361,0,-7.682,0,0.209,0.135,0,0.0989,0.5,196.813,3
spotify:track:6VoIBz0VhCyz7OdEoRYDiA,"Say It Ain't So - Original Mix","Weezer","Weezer",1994-05-10,258826,78,false,,2021-08-07T02:29:52Z,"alternative rock","DGC",0.634,0.551,3,-7.136,1,0.0352,0.00737,0.0000182,0.07,0.453,151.779,4
spotify:track:58b6TDSEEyGCILOzwCo4By,"nothing else i could do","nothing else i could do","ella jane",2020-07-16,170000,0,false,,2021-08-04T20:40:00Z,"","ella jane",0.788,0.545,3,-7.647,1,0.0487,0.475,0.0138,0.134,0.583,119.948,4
spotify:track:4gwltSjdrzKtKz9dlk2Wja,"Stella Brown","Stella Brown","Jelani Aryeh",2020-04-03,187415,49,false,,2021-08-04T20:38:58Z,"","No Matter",0.724,0.48,2,-7.537,1,0.0342,0.211,0.0772,0.289,0.591,125.007,4
spotify:track:6d1ffV5RisInvrDxkLgBxe,"blind","blind","ROLE MODEL",2020-07-22,153293,0,false,,2021-08-04T20:38:38Z,"bedroom pop","Interscope Records",0.765,0.663,0,-5.221,1,0.0661,0.154,0.00024,0.0925,0.678,150.099,4
spotify:track:0uvl4TuFhdWZshHX9Hd6kI,"12:30","Time","Beast",2014-10-20,233848,48,false,,2021-08-02T17:55:00Z,"k-pop","CUBE ENTERTAINMENT",0.637,0.792,1,-2.932,1,0.033,0.346,0,0.0743,0.536,99.909,3
spotify:track:0A5Qb5p3yQ5hcCZBoY7cs9,"I'm Not A Mountain","The King","Sarah Kinsley",2021-06-04,231440,0,false,,2021-08-02T17:53:09Z,"","Everybody's Music",0.237,0.193,4,-11.705,0,0.0342,0.956,0.00205,0.104,0.19,169.22,3
spotify:track:5gaFDKroNN3BRcqJbYf5Gb,"구애 Propose","구애 Propose","sunwoojunga",2017-07-11,213222,0,false,,2021-08-02T06:46:17Z,"k-ballad","Magic StrawBerry Sound",0.662,0.277,1,-8.428,1,0.0344,0.845,0,0.447,0.319,109.392,3
spotify:track:1Tii3aXrNzb8IDXs6cxfZz,"Tomorrow Comes I Will","For Lovers","Lamp",2004-02-11,231906,43,false,,2021-08-02T03:44:51Z,"shibuya-kei,japanese indie,city pop","Botanical House",0.584,0.645,0,-4.847,1,0.0269,0.779,0.00000107,0.089,0.799,129.971,4
spotify:track:3tEfPRnUgsQTYOtepBYxdZ,"Karma","Karma","Sarah Kinsley",2021-03-11,237800,0,false,,2021-08-02T02:46:39Z,"","Everybody's Music",0.605,0.846,11,-5.827,0,0.0357,0.149,0.000699,0.0787,0.673,122.005,1
spotify:track:7t19ubLwfZubJh2HpCUTrC,"Be Nice To Me","Rose","The Front Bottoms",2014-06-17,167306,0,false,,2021-07-31T22:10:24Z,"midwest emo,folk punk,emo","Bar/None Records",0.338,0.819,3,-5.666,1,0.0736,0.0234,0,0.129,0.698,118.905,4
spotify:track:4Cdyx3bs8mMYVJWP3wHPXj,"On Rainy Days","Fiction And Fact","Beast",2011-05-17,225800,54,false,,2021-07-30T20:27:36Z,"k-pop","CUBE ENTERTAINMENT",0.688,0.612,8,-6.303,0,0.0574,0.72,0,0.106,0.692,90.022,4
spotify:track:17LREm2AjO6TeT2KJejZCg,"Symphony No. 1 in C Minor, Op. 68: I. Un poco sostenuto - Allegro (Live)","Brahms: Symphonien Nr. 1 & 4","Johannes Brahms;Symphonieorchester des Bayerischen Rundfunks;Mariss Jansons",2012-06-05,876026,0,false,,2021-07-20T17:00:59Z,"classical,classical piano,chamber music,orchestral","BR-Klassik",0.16,0.0831,0,-19.206,1,0.0386,0.935,0.887,0.117,0.0399,82.542,4
spotify:track:0u4htORODiTK9vHVA89MQX,"Lovefool - Radio Edit","First Band On The Moon","The Cardigans",1996-09-17,193893,1,false,,2021-07-10T21:34:26Z,"swedish pop","Universal Music AB",0.64,0.602,9,-7.902,1,0.0299,0.0646,0,0.375,0.951,111.87,4
spotify:track:1W49cK02cNQUN3W0wJXp6j,"River","The Tree of Life (Original Motion Picture Soundtrack)","Alexandre Desplat",2011-05-24,215066,31,false,,2021-06-27T16:16:57Z,"soundtrack,score","Lakeshore Records",0.24,0.0781,7,-21.36,0,0.0292,0.944,0.933,0.096,0.143,161.014,4
spotify:track:6qTY4b6NMpJZH0aY96jHh1,"Overture - Le Retour des Plaisirs","Chorégraphie - Music for Louis XIV's dancing masters","Jean-Baptiste Lully;Andrew Lawrence-King",2007-03-13,309106,1,false,,2021-06-27T16:15:04Z,"baroque,early music,renaissance,celtic,medieval","harmonia mundi",0.324,0.0401,9,-27.279,0,0.0475,0.991,0.906,0.115,0.0995,174.946,1
spotify:track:71WZ7yFuwxmQz5jJUpvkGv,"You Were Beautiful","SUNRISE","DAY6",2017-06-07,283160,0,false,,2021-06-22T00:00:11Z,"k-rock,k-pop","JYP Entertainment",0.458,0.617,5,-3.464,0,0.0331,0.0649,0,0.109,0.418,167.925,4
spotify:track:2MLHyLy5z5l5YRp7momlgw,"Island In The Sun","Weezer","Weezer",2001-05-15,200306,81,false,,2021-06-16T07:58:38Z,"alternative rock","Geffen",0.654,0.81,4,-6.26,0,0.0288,0.00719,0.00251,0.165,0.661,114.622,4
spotify:track:4dPITmujWbI8ibU1QVidCE,"Les Champs-Elysées","En Français","Pomplamoose;John Schroeder",2020-04-17,184790,54,false,,2021-06-16T06:52:34Z,"","Pomplamoose",0.627,0.52,0,-6.558,1,0.0582,0.177,0,0.291,0.574,106.883,4
spotify:track:1uRKeDUiD4fDUEAjXbmYr6,"Bust Your Knee Caps - Johnny Don't Leave Me","Hey It's Pomplamoose","Pomplamoose",2014-06-21,185316,0,false,,2021-06-16T06:51:20Z,"","Pomplamoose",0.408,0.563,9,-5.97,0,0.0374,0.0473,0,0.0781,0.558,118.543,3
spotify:track:0PqQGVqBLNniDYgGmpItd5,"Lovefool","Best of 2018","Pomplamoose",2021-06-25,232000,0,false,,2021-06-16T06:34:59Z,"","Pomplamoose",0.584,0.627,7,-6.94,1,0.102,0.452,0.000124,0.127,0.336,121.188,4
spotify:track:6MBS3ARYYlI4FtYjaTinK5,"Bitter with the Sweet","Rhymes & Reasons","Carole King",1972-11-01,147466,51,false,,2021-05-31T01:54:24Z,"singer-songwriter,folk rock","Epic",0.68,0.426,0,-13.683,0,0.0652,0.756,0.000148,0.11,0.661,99.078,4
spotify:track:0LXljhKMUgoLv8tLwZ1hmf,"(You Make Me Feel Like) A Natural Woman","Tapestry","Carole King",1971,227951,57,false,,2021-05-31T01:53:23Z,"singer-songwriter,folk rock","Ode/Epic/Legacy",0.624,0.158,9,-13.059,1,0.0289,0.953,0.00135,0.112,0.303,85.492,3
spotify:track:4HHge4zAyIw3pkrtFzmwCl,"So Far Away","Tapestry","Carole King",1971,235391,61,false,,2021-05-31T01:52:22Z,"singer-songwriter,folk rock","Ode/Epic/Legacy",0.49,0.172,2,-14.251,1,0.0372,0.897,0.0000332,0.0753,0.361,143.837,4
spotify:track:6CUWzTRmC1GjjSDTtiVfsI,"None Of Your Business","Very Necessary","Salt-N-Pepa",1993-10-12,213173,48,true,,2021-05-31T01:44:15Z,"old school hip hop","Mercury Records",0.765,0.569,6,-9.511,1,0.479,0.193,0,0.0586,0.752,197.9,4
spotify:track:6hTBP6QLwJdxbKyLlLXrGo,"Let's Talk About Sex","Blacks' Magic","Salt-N-Pepa",1990-01-01,213266,59,false,,2021-05-31T01:43:01Z,"old school hip hop","Island Def Jam",0.863,0.543,6,-13.497,1,0.13,0.0507,0,0.241,0.799,106.929,4
spotify:track:4m5HKGwULoA0SvhaXiDMPR,"Call You Mine (feat. Geologic Of The Blue Scholars)","The Gentleman Approach","Jeff Bernat;Geologic Of The Blue Scholars",2011-12-01,215125,59,false,,2021-05-31T01:31:25Z,"","Jeff Bernat",0.794,0.571,11,-6.436,0,0.0521,0.836,0.0174,0.0918,0.632,90.033,4
spotify:track:6CEKntwndUlmWhSRflWA5X,"Morning Train (Nine to Five)","Greatest Hits","Sheena Easton",1995-04-01,200973,50,false,,2021-05-27T06:11:55Z,"","RT Industries",0.796,0.512,8,-10.618,1,0.0552,0.689,0,0.122,0.804,121.877,4
spotify:track:0Fyj9w0HVfjoxm9S8nGClt,"Orinoco Flow","Themes From ""Calmi Cuori Appassionati""","Enya",2001,266226,65,false,,2021-05-27T06:10:34Z,"new age,celtic","WM UK",0.682,0.44,0,-12.117,1,0.028,0.651,0.0439,0.116,0.533,114.985,4
spotify:track:748mdHapucXQri7IAO8yFK,"Kiss Me More (feat. SZA)","Kiss Me More (feat. SZA)","Doja Cat;SZA",2021-04-09,208866,8,true,,2021-05-27T06:05:24Z,"r&b","Kemosabe Records/RCA Records",0.762,0.701,8,-3.541,1,0.0286,0.235,0.000158,0.123,0.742,110.968,4
spotify:track:1siqwUNydX8aQjUIVvJ6Pz,"I'll Sleep When I'm Older","To Let A Good Thing Die","Bruno Major",2020-06-05,220546,0,false,,2021-05-12T23:33:36Z,"","Bruno Major",0.467,0.304,2,-12.895,1,0.0478,0.496,0.0427,0.124,0.188,61.012,4
spotify:track:6DI1TMsZ2olvD3QHSNG07v,"Oklahoma","Oklahoma","Keb' Mo'",2019-06-14,293106,24,false,,2021-05-06T02:59:33Z,"blues,modern blues,country blues,blues rock,classic blues","Concord Records",0.737,0.708,11,-5.922,0,0.0309,0.438,0.00194,0.1,0.619,131.995,4
spotify:track:1SlXBA2DcPeBN9beZ9u4QX,"The Medicine Man [Feat. Old Crow Medicine Show]","The Medicine Man","Keb' Mo';Old Crow Medicine Show",2021-03-19,218360,31,false,,2021-05-06T02:59:12Z,"blues,modern blues,country blues,blues rock,classic blues,bluegrass,newgrass,americana,alt country,folk,indie folk","Concord Records",0.801,0.637,0,-6.406,1,0.0565,0.169,0.0000375,0.0925,0.769,77.012,4
spotify:track:451GvHwY99NKV4zdKPRWmv,"Banana Pancakes","In Between Dreams","Jack Johnson",2005-01-01,191906,71,false,,2021-04-14T15:24:07Z,"surf rock","Jack Johnson",0.816,0.375,7,-8.053,1,0.0996,0.607,0.00000866,0.0933,0.615,114.303,4
spotify:track:1yjY7rpaAQvKwpdUliHx0d,"Still into You","Paramore","Paramore",2013-04-05,216013,83,false,,2021-04-04T23:31:17Z,"pop punk,emo","Fueled By Ramen",0.602,0.923,5,-3.763,1,0.044,0.0098,0,0.0561,0.765,136.01,4
spotify:track:6GIRJ36a8tY237TVrhT5UY,"Street by Street","Best Friend","Laufey",2021-03-03,224098,0,false,,2021-03-28T16:51:36Z,"","Laufey",0.695,0.279,0,-10.879,1,0.0556,0.874,0.00000236,0.137,0.235,82.072,4
spotify:track:7ts7BcLNfYS6JLMdzJh3BL,"Street by Street","Street by Street","Laufey",2020-04-06,224098,0,false,,2021-03-28T16:49:30Z,"","Laufey",0.695,0.28,0,-10.869,1,0.0546,0.876,0.00000252,0.137,0.227,82.052,4
spotify:track:4xAJSIcCHcOCli5m325X2H,"We're Good","We're Good","Dua Lipa",2021-02-11,165506,48,false,,2021-03-18T03:41:42Z,"pop","Warner Records",0.722,0.588,6,-5.932,1,0.0544,0.0319,0,0.183,0.59,134.01,4
spotify:track:70PeKtah1BFmybQYJIhaRE,"Best Part - BBC Maida Vale Session","Origin (Deluxe Edition)","Jordan Rakei",2020-03-13,203007,50,false,,2021-03-07T02:52:54Z,"indie soul,neo soul","Ninja Tune",0.418,0.202,1,-10.219,1,0.0337,0.882,0.000394,0.104,0.0855,138.872,4
spotify:track:2W520DBWwE5Iv2AS6yjCuu,"To The Workers of The Rock River Valley Region, I have an idea concerning your predicament, and it involves an inner tube, bath mats, and 21 able-bodied men","Illinois","Sufjan Stevens",2005-07-05,100760,0,false,,2021-02-10T19:01:48Z,"baroque pop","Asthmatic Kitty",0.283,0.414,5,-16.134,1,0.0358,0.435,0.918,0.119,0.353,78.621,1
spotify:track:0ulSIUvy5rSdkTEgUbJzm2,"Ooh Laa","Bigger Love","John Legend",2020-06-19,179426,37,false,,2021-02-05T01:45:04Z,"soft pop,neo soul","Columbia",0.542,0.826,2,-3.944,1,0.0588,0.216,0.000195,0.34,0.395,129.88,4
spotify:track:7B3z0ySL9Rr0XvZEAjWZzM,"Sofia","Immunity","Clairo",2019-08-02,188386,21,false,,2020-12-22T07:43:04Z,"bedroom pop","FADER Label",0.744,0.619,0,-9.805,1,0.039,0.598,0.00372,0.231,0.641,112.997,4
spotify:track:6RCLKwM4WdOertuSgde5gg,"Violin Concerto in C Major, Op. 48: II. Andante cantabile","Kabalevsky: Violin Concerto in C Major / Cello Concerto No. 2","Dmitry Kabalevsky;Lydia Mordkovitch;Royal Scottish National Orchestra;Neeme Järvi",2002-09-01,360000,0,false,,2020-12-13T04:05:06Z,"concerto,chamber music,orchestral,classical,impressionism,ballet","Chandos",0.203,0.0439,8,-26.117,0,0.0447,0.932,0.788,0.151,0.0483,69.46,4
spotify:track:4JgABUEuQw3QKHBAwLqQue,"Art School Wannabe","Joy, Departed","Sorority Noise",2015-06-16,192826,0,false,,2020-12-08T05:39:12Z,"midwest emo,folk punk,emo,indie punk","Topshelf Records",0.34,0.651,5,-5.857,1,0.0492,0.00416,0,0.102,0.564,147.442,4
spotify:track:6dv10gFDnFYIOl8SFxVwK0,"Symphony No. 5 in D Minor, Op. 47: III. Largo - 2017 Remastered Version","Shostakovich: Symphony No. 5 in D Minor, Op. 47 (Remastered)","Dmitri Shostakovich;Leonard Bernstein;New York Philharmonic",2017-11-17,939946,33,false,,2020-12-06T21:31:08Z,"classical,chamber music,orchestral","Sony Classical",0.066,0.104,9,-19.937,1,0.0447,0.565,0.816,0.136,0.0351,63.826,3
spotify:track:2LR6lZHhpdzlTQsEfiJQaP,"Symphony No. 5 in D Minor, Op. 47: IV. Allegro non troppo - 2017 Remastered Version","Shostakovich: Symphony No. 5 in D Minor, Op. 47 (Remastered)","Dmitri Shostakovich;Leonard Bernstein;New York Philharmonic",2017-11-17,539120,39,false,,2020-12-06T21:31:06Z,"classical,chamber music,orchestral","Sony Classical",0.28,0.35,10,-13.378,1,0.0392,0.822,0.908,0.157,0.12,106.269,4
spotify:track:0P0LAsqiavYc6V54JSeseB,"Symphony No. 5 in D Minor, Op. 47: I. Moderato - 2017 Remastered Version","Shostakovich: Symphony No. 5 in D Minor, Op. 47 (Remastered)","Dmitri Shostakovich;Leonard Bernstein;New York Philharmonic",2017-11-17,979720,37,false,,2020-12-06T21:16:15Z,"classical,chamber music,orchestral","Sony Classical",0.155,0.176,9,-15.716,0,0.0374,0.849,0.818,0.123,0.0372,84.962,4
spotify:track:7c8EKQLv5ld1uWm1BdGqds,"Shostakovich / Arr. Atovmyan: Suite from the Gadfly, Op. 97a: VIII. Romance","Virtuoso Violin","Dmitri Shostakovich;Tasmin Little;Piers Lane",1992,194266,62,false,,2020-12-06T21:15:41Z,"classical,chamber music,orchestral","Warner Classics",0.113,0.0732,0,-23.21,1,0.0496,0.969,0.772,0.107,0.0379,174.599,4
spotify:track:1R2CpJXwERlLURyKaE1nWr,"The Journey","Beat Tape 2","Tom Misch",2015-08-28,266819,0,false,,2020-12-06T03:10:20Z,"indie soul","Beyond The Groove 3",0.625,0.398,9,-10.218,0,0.0338,0.279,0.747,0.0893,0.265,86.992,4
spotify:track:3eZS4TyX2KMvD621AD9MqY,"Figment Of My Mind","To Let A Good Thing Die","Bruno Major",2020-06-05,215866,0,false,,2020-12-05T23:44:30Z,"","Bruno Major",0.365,0.134,5,-15.855,0,0.0389,0.85,0.0134,0.109,0.147,86.412,4
spotify:track:2mlGPkAx4kwF8Df0GlScsC,"Buttercup","Pop Food","Jack Stauber",2017-03-25,208026,68,false,,2020-12-05T02:00:16Z,"","Plopscotch Records",0.705,0.373,7,-9.066,1,0.0384,0.723,0.81,0.289,0.551,120.046,4
spotify:track:06mrnjvi4UhBLOTdSLo3Yj,"Question","Live for Each Other","Fat Night",2020-07-10,262400,27,false,,2020-12-03T21:22:04Z,"retro soul","Acrophase Records",0.604,0.371,10,-11.89,1,0.155,0.581,0.00000862,0.0924,0.584,103.98,4
spotify:track:5jvgec3P4jyoZUPTy2pWDR,"Line Without a Hook","Montgomery Ricky","Ricky Montgomery",2016-04-08,249586,0,false,,2020-12-03T21:21:23Z,"","Ricky Montgomery Records",0.432,0.652,8,-4.969,1,0.0285,0.262,0,0.258,0.507,190.028,3
spotify:track:4eTMdRjuzBdQzqJHcWSape,"My Heart Is Buried In Venice","Montgomery Ricky","Ricky Montgomery",2016-04-08,184866,0,false,,2020-12-03T21:21:08Z,"","Ricky Montgomery Records",0.67,0.413,11,-8.117,1,0.0273,0.441,0.0000863,0.0902,0.145,112.011,3
spotify:track:7xex78pjGHt9FnXgIWHe24,"This December","Montgomery Ricky","Ricky Montgomery",2016-04-08,181920,0,false,,2020-12-03T20:39:14Z,"","Ricky Montgomery Records",0.659,0.873,9,-4.873,1,0.0504,0.0253,0,0.132,0.891,139.946,4
spotify:track:7hCWyoNCbLPLmWkzFhIJRt,"Fantasy","Fantasy","Eternity Forever",2017-01-26,212309,0,false,,2020-12-03T18:50:16Z,"math rock","Spirit Vision Records",0.647,0.804,6,-8.923,1,0.044,0.0301,0.00000336,0.0628,0.799,129.974,4
spotify:track:6Mavd9uk89Y9OTdvcDTfGG,"クロノスタシス","フェイクワールドワンダーランド","Kinokoteikoku",2014-10-29,227813,52,false,,2020-12-03T18:50:15Z,"japanese indie,shoegaze,j-rock,math rock,dream pop","DAIZAWA RECORDS",0.463,0.755,1,-5.836,1,0.0281,0.0278,0.00763,0.129,0.696,83.873,4
spotify:track:0QMCxc6dP8ObzoJExJd5oc,"Fantasy","Summer Is Like a Dream","khai dreams",2017-08-26,170666,0,false,,2020-12-03T18:50:14Z,"","Khai Dreams",0.35,0.429,7,-13.14,1,0.131,0.712,0,0.307,0.207,169.901,4
spotify:track:7yR5ZDif2glYMnFP73uRMm,"Out Like a Light","Out Like a Light","The Honeysticks;Ricky Montgomery",2017-06-16,256018,0,false,,2020-12-03T06:15:22Z,"","The Honeysticks",0.522,0.458,11,-7.785,1,0.0275,0.17,0.00244,0.072,0.359,125.973,3
spotify:track:2ej1A2Ze6P2EOW7KfIosZR,"Feather (feat. Cise Starr & Akin from CYNE)","Modal Soul","Nujabes;Cise Starr & Akin from CYNE",2005-11-11,175360,69,true,,2020-12-03T05:52:21Z,"jazz rap","Hydeout Productions",0.565,0.749,10,-6.629,0,0.0769,0.655,0.432,0.106,0.881,180.598,4
spotify:track:13HalBseZHAT19C6jWs1Ma,"Probably Up","Living Room","Lawrence",2018-09-14,254653,26,false,,2020-12-02T22:53:26Z,"pop soul,retro soul,christmas","Same Wavelength LLC",0.735,0.609,10,-5.574,1,0.0557,0.338,0.0000311,0.381,0.704,95.489,4
spotify:track:7cs7eJjQvyOG4CqwB3JAJ4,"The Answer","The Answer","Honey Butter",2019-09-20,290086,30,false,,2020-12-02T22:53:26Z,"pop soul","Honey Butter",0.449,0.262,10,-10.866,1,0.0412,0.762,0.00000433,0.0776,0.521,174.576,4
spotify:track:3hqXUcu06ajELPBS3uhCD1,"Summer Lovin'","Summer Lovin'","The Tuesday Crew",2018-06-22,241243,43,false,,2020-12-02T22:53:25Z,"","The Tuesday Crew",0.796,0.331,0,-9.903,1,0.0521,0.194,0,0.159,0.632,137.968,4
spotify:track:0yeKU96NXwAvJSU4hWzxAv,"The Warmth","Fat Night","Fat Night",2013-10-08,199115,0,false,,2020-12-02T22:53:24Z,"retro soul","Fat Night",0.74,0.117,5,-11.296,0,0.0415,0.391,0.0265,0.11,0.489,133.528,4
spotify:track:3kl2pnS9QTFOP7HgIe3G7K,"Juke on Jelly","The Optimist","Cory Wong;KATIS;Marti Fischer",2018-08-17,224293,26,false,,2020-12-02T22:53:23Z,"funk,jazz funk,jazz fusion","Cory Wong",0.728,0.738,0,-7.196,1,0.0604,0.0198,0.0147,0.118,0.8,109.988,4
spotify:track:0Y8kxAuBh8Oc8n6cyDTQ8Q,"Light As Anything","The Optimist","Cory Wong;Robbie Wulfsohn",2018-08-17,291133,37,false,,2020-12-02T22:53:21Z,"funk,jazz funk,jazz fusion","Cory Wong",0.76,0.631,9,-5.661,1,0.0447,0.0658,0.000281,0.0819,0.644,93.992,4
spotify:track:1i5gQ9q9NA42pvRZscaZaG,"Rocky Raccoon","Nu Funk","Scary Pockets;George Krikes",2017-11-13,158000,0,false,,2020-12-02T22:53:21Z,"funk,retro soul,southern gothic","665567 Records DK",0.822,0.391,7,-10.867,1,0.26,0.545,0.00000326,0.18,0.816,115.264,4
spotify:track:7wjmwD5nIYWVnHiR3X3PTO,"Golden","Elevator Music for an Elevated Mood","Cory Wong;Cody Fry",2020-01-10,212933,49,false,,2020-12-02T22:53:20Z,"funk,jazz funk,jazz fusion","Cory Wong",0.692,0.711,5,-5.202,1,0.121,0.053,0.0000292,0.387,0.894,132.062,4
spotify:track:1o0nAjgZwMDK9TI4TTUSNn,"LAX","The Joy of Music, The Job of Real Estate","Vulfpeck;Joey Dosik",2020-10-23,225665,45,false,,2020-12-02T22:53:19Z,"funk,funk rock,retro soul,retro pop","Vulf Records",0.8,0.599,0,-7.357,1,0.0344,0.00521,0.00547,0.0587,0.908,128.381,4
spotify:track:7iQzzNzwTCHNW0NO9EVRCO,"The Optimist","The Optimist","Cory Wong",2018-08-17,215520,27,false,,2020-12-02T22:53:17Z,"funk,jazz funk,jazz fusion","Cory Wong",0.677,0.839,0,-6.712,1,0.0338,0.0851,0.842,0.0791,0.555,102.997,4
spotify:track:1I3HTXuNYqmDYWywwf2v9h,"Starting Line","Motivational Music for the Syncopated Soul","Cory Wong;Emily C. Browning",2019-08-02,239133,34,false,,2020-12-02T08:06:49Z,"funk,jazz funk,jazz fusion","Cory Wong",0.725,0.76,8,-6.946,1,0.0375,0.371,0.000974,0.195,0.605,119.987,4
spotify:track:6yPfoOEeB6F7lvmzkV5oTK,"Honest Man","Honest Man","Fat Night",2017-02-24,325145,0,false,,2020-12-02T07:59:16Z,"retro soul","Fat Night",0.75,0.563,4,-7.271,1,0.0354,0.493,0,0.171,0.8,103.051,4
spotify:track:4sNG6zQBmtq7M8aeeKJRMQ,"Brazil","What Do You Think About the Car?","Declan McKenna",2017-04-21,252305,79,false,,2020-11-24T14:41:09Z,"","Columbia",0.687,0.617,4,-5.213,1,0.0287,0.0941,0.0000127,0.0898,0.665,121.079,4
spotify:track:0j7sWqI2qyFaVSdcwzcb9N,"Old Fashioned","To Let A Good Thing Die","Bruno Major",2020-06-05,199903,0,false,,2020-11-23T19:51:57Z,"","Bruno Major",0.74,0.242,2,-9.003,1,0.0472,0.736,0.00156,0.0972,0.331,131.987,3
spotify:track:0U3u0HdRQjD8mAMYBak4Ok,"Saw You In A Dream","Saw You In A Dream","The Japanese House",2017-06-30,208280,58,false,,2020-11-22T18:50:18Z,"","Dirty Hit/The Japanese House PS",0.607,0.451,4,-8.206,1,0.0286,0.0604,0,0.19,0.676,94.054,4
spotify:track:4qEW8QgybJTgA3bKgqVpSM,"One Last Time","Favorite Holiday, Vol. 1","Summer Salt",2019-12-24,217636,27,false,,2020-11-22T04:58:55Z,"","Cherry Lime Records",0.71,0.36,1,-10.925,1,0.0281,0.753,0.233,0.0894,0.433,109.997,3
spotify:track:6QUVcbxAJTVDQeDrchWzZx,"Left Side","This Thing Called Living","Eloise",2019-05-30,144962,0,false,,2020-11-22T01:49:55Z,"","Harbour",0.715,0.237,0,-13.42,1,0.0849,0.901,0.00000147,0.186,0.375,114.908,4
spotify:track:0PwaDQfnz4J8WF8221gv7n,"Like Someone In Love","A Song For Every Moon","Bruno Major",2017-08-31,143888,0,false,,2020-11-22T01:46:48Z,"","Bruno Major",0.597,0.462,10,-7.816,1,0.0597,0.649,0.00000728,0.11,0.377,71.578,4
spotify:track:2lU8zMzPhEEDuiUUcUIZAL,"Regent's Park","To Let A Good Thing Die","Bruno Major",2020-06-05,177413,0,false,,2020-11-17T00:07:51Z,"","Bruno Major",0.651,0.33,1,-11.079,1,0.28,0.757,0.0000158,0.108,0.374,63.251,4
spotify:track:5S5u0EWtlblH00iTNExZ6X,"I Think I Like When It Rains","Locals 2","WILLIS",2017-06-12,278293,0,false,,2020-11-15T18:10:16Z,"","WILLIS",0.622,0.471,9,-7.105,1,0.0277,0.0448,0,0.0957,0.278,124.455,4
spotify:track:6NtXT3FfZQPXP5ISoUngRh,"Remember Me","Remember Me","Joseph Vincent",2018-03-28,84735,0,false,,2020-11-15T18:06:25Z,"","Joseph Vincent",0.698,0.0664,1,-15.747,1,0.0385,0.896,0.0000012,0.109,0.457,77.723,4
spotify:track:4GLKMmwOm7zqtVEL6G4SWz,"The Christmas Song (Chestnuts Roasting on an Open Fire)","The Christmas Song (Chestnuts Roasting on an Open Fire)","Joseph Vincent",2019-12-02,139133,0,false,,2020-11-15T18:03:25Z,"","Joseph Vincent",0.756,0.102,2,-15.28,0,0.0327,0.97,0,0.0769,0.411,103.497,3
spotify:track:5unXHHcSQLGO19RuVqZB6d,"The Most Beautiful Thing","To Let A Good Thing Die","Bruno Major",2020-06-05,235426,0,false,,2020-11-15T17:49:23Z,"","Bruno Major",0.806,0.362,7,-10.381,1,0.0345,0.535,0.045,0.111,0.42,127.502,4
spotify:track:7G3T9zKtxaO939I1H2rkLf,"Street by Street","Street by Street","Laufey",2020-04-06,224098,0,false,,2020-11-14T07:21:13Z,"","Vingolf Records",0.65,0.257,0,-12.729,1,0.109,0.851,0.00000123,0.138,0.231,81.935,4
spotify:track:6ta5yavnnEfCE4faU0jebM,"Mr Blue","Hurricane Glass","Catherine Feeny",2006,154600,52,false,,2020-11-12T04:19:53Z,"","Parlophone UK",0.456,0.386,10,-10.293,1,0.032,0.835,0.108,0.389,0.612,165.733,4
spotify:track:2T2tqZzWlZo92Xdxluu887,"Be Mean","DNCE","DNCE",2016-11-18,211240,44,false,,2020-11-12T01:48:44Z,"","Joseph Jonas/Republic Records",0.7,0.748,9,-5.123,1,0.0707,0.0552,0,0.0676,0.522,93.996,4
spotify:track:2hHNFmRgj2KUCeCcJH0QLP,"Faidherbe Square","Curses from Past Times","Proleter",2011-11-22,207336,0,false,,2020-11-10T19:08:34Z,"electro swing,swing music,nu jazz","ProleteR",0.787,0.542,8,-9.846,0,0.0818,0.0239,0.932,0.105,0.975,175.947,4
spotify:track:6LSdA4TLYQSlMpwlQhqeae,"Completely","The Shocking Miss Emerald","Caro Emerald",2013-05-03,149440,0,false,,2020-11-10T19:06:55Z,"electro swing,swing music","Grandmono Records",0.839,0.631,0,-5.603,0,0.0465,0.699,0.00744,0.113,0.853,128.002,4
spotify:track:3UmaczJpikHgJFyBTAJVoz,"Stan","The Marshall Mathers LP","Eminem;Dido",2000-05-23,404106,82,true,,2020-11-10T18:53:16Z,"rap,hip hop","Eminem Catalog PS",0.78,0.768,6,-4.325,0,0.238,0.0371,0.00000234,0.518,0.507,80.063,4
spotify:track:3uc8AGNL0KbvISIrjnfRvN,"Mean It","~how i'm feeling~","Lauv;LANY",2020-03-06,232853,0,false,,2020-11-10T18:49:49Z,"","Lauv",0.746,0.45,7,-8.543,1,0.0873,0.0407,0,0.172,0.336,95.998,4
spotify:track:2IgbYlOlFpiSFYnsqB39lM,"Jasmine","Jasmine","DPR LIVE",2017-10-08,201510,62,false,,2020-11-10T18:45:54Z,"k-rap","DREAM PERFECT REGIME",0.597,0.486,8,-5.893,1,0.0986,0.331,0,0.14,0.397,137.68,4
spotify:track:5EV4bGHxVN0kHpcAFvgnTt,"Dance, Baby!","Roy Pablo","boy pablo",2017-05-19,198000,59,false,,2020-11-10T18:45:09Z,"bedroom pop","777 Music",0.602,0.601,9,-8.521,1,0.0411,0.037,0.0046,0.312,0.856,122.017,4
spotify:track:2XdyebP7KxClMOse2C5iyA,"Your Dog Loves You","Your Dog Loves You","Colde;Crush",2018-03-28,270003,0,false,,2020-11-10T18:44:36Z,"k-rap,k-pop,k-ballad","Stone Music Entertainment",0.667,0.233,9,-11.862,1,0.0302,0.928,0.0000269,0.154,0.131,101.865,4
spotify:track:6pxElwU80zhjbCC77Vn8EI,"Movie","Geography","Tom Misch",2018-04-06,357357,0,false,,2020-11-02T00:06:09Z,"indie soul","Beyond The Groove 4",0.785,0.379,7,-11.446,1,0.0732,0.391,0.0161,0.267,0.182,122.043,3
spotify:track:3qqeDnTGXgRftw1RZj4Jv2,"Sweet to Me","Driving to Hawaii","Summer Salt",2014-10-14,204306,18,false,,2020-11-02T00:04:08Z,"","Cherry Lime Records",0.563,0.51,9,-6.751,1,0.0283,0.677,0.00000418,0.305,0.501,97.463,4
spotify:track:41j5KCVBYHf2AhHpkJUakk,"Don't Speak","Jazz and 90s","Sarah Menescal",2006-09-05,253400,38,false,,2020-11-01T23:01:09Z,"bossa nova,lounge,jazz pop","Music Brokers",0.71,0.283,9,-13.245,0,0.0315,0.89,0,0.126,0.575,130.072,4
spotify:track:41BTttTJPOT6SdG9MJDnlP,"Royals","Twist is the New Twerk","Scott Bradlee's Postmodern Jukebox",2014-01-31,217125,0,false,,2020-11-01T23:00:19Z,"swing music,jazz pop,electro swing","mudhutdigital.com",0.678,0.574,3,-7.943,1,0.0845,0.363,0.0000389,0.0815,0.448,148.916,4
spotify:track:6cT7NBBzSxh8n4y0WiVRt1,"Cant Get You Out Of My Head","The Biggest Pop Anthems 70s 80s 90s & 2000","WME",2013-03-26,234693,0,false,,2020-11-01T22:59:38Z,"","Blanco y Negro Music",0.681,0.434,2,-7.158,0,0.028,0.904,0.00877,0.0874,0.433,124.133,4
spotify:track:0VQJZaZzF8RsnE7T1yQrtw,"Uptown Funk","Uptown Funk","The Ayoub Sisters;Royal Philharmonic Orchestra;Mark Messenger",2017-08-15,227586,2,false,,2020-11-01T22:55:33Z,"orchestral,classical","Decca (UMO) (Classics)",0.739,0.203,7,-16.33,0,0.0486,0.891,0.829,0.0576,0.537,112.986,4
spotify:track:6PtZaHjsx2Pnk3x9O92bB2,"Blackbird","The Art of the Trio, Vol. 1","Brad Mehldau",1997-01-28,299040,50,false,,2020-11-01T22:52:38Z,"jazz,jazz ballads,cool jazz","Warner Jazz",0.45,0.21,7,-18.862,1,0.0361,0.897,0.854,0.0734,0.189,100.909,4
spotify:track:1JqcZQCnxjDOfZZwQidb1H,"Broke","Broke","Samm Henshaw",2018-08-08,207722,53,false,,2020-11-01T02:22:29Z,"","Columbia",0.751,0.684,1,-4.325,1,0.303,0.433,0.00000592,0.18,0.864,89.984,4
spotify:track:0W5hTAWn8Tq0Qfhg1XP3YW,"FANCY","FANCY YOU","TWICE",2019-04-22,213880,0,false,,2020-11-01T01:57:29Z,"k-pop","Imperial Distribution",0.697,0.874,5,-2.15,0,0.045,0.0122,0,0.627,0.775,132.022,4
spotify:track:2HtcPHFdo7eu4Ilbvb0BVI,"Feel Special","Feel Special","TWICE",2019-09-23,206866,0,false,,2020-11-01T01:57:29Z,"k-pop","Imperial Distribution",0.709,0.959,1,-1.339,1,0.0603,0.0296,0.00188,0.107,0.644,128.983,4
spotify:track:1IX47gefluXmKX4PrTBCRM,"What is Love","Summer Nights","TWICE",2018-07-09,208240,0,false,,2020-11-01T01:57:28Z,"k-pop","Imperial Distribution",0.574,0.909,8,-1.572,1,0.0655,0.0988,0,0.264,0.565,169.964,4
spotify:track:0WQZG47PGOUzuQuMpB8gC0,"Fuck No (feat. Brasstracks & PhiloSofie)","Fuck No (feat. Brasstracks & PhiloSofie)","99 Neighbors;Brasstracks;PhiloSofie",2019-09-10,231601,50,true,,2020-11-01T01:24:03Z,"","Nice Work/Warner Records",0.817,0.487,0,-6.585,1,0.474,0.545,0,0.336,0.65,70.949,4
spotify:track:3skn2lauGk7Dx6bVIt5DVj,"Starlight","Black Holes and Revelations","Muse",2006-06-28,240213,78,false,,2020-10-24T19:33:41Z,"alternative rock,rock","Warner Records",0.55,0.874,4,-4.046,1,0.0321,0.000436,0.0000102,0.206,0.318,121.61,4
spotify:track:5HKv1sFHbXgmXBih203HxT,"I Don't Wanna Be Okay Without You","Live in Peter's Attic","Charlie Burg",2016-12-20,243796,0,false,,2020-10-18T22:39:16Z,"","Charlie Burg",0.532,0.319,5,-7.461,1,0.0288,0.399,0.0000252,0.138,0.166,62.984,4
spotify:track:6IGejZNdxjCsWQumaHD6LE,"Bookstore Girl","Two, Moonlight","Charlie Burg",2018-07-20,203076,0,false,,2020-10-18T21:19:44Z,"","Charlie Burg",0.615,0.159,2,-18.066,1,0.0339,0.852,0.00000674,0.0991,0.241,129.971,4
spotify:track:2029ByPmrVQrMjVsIcy5fz,"I Don't Love You Anymore","I Don't Love You Anymore","The Honeysticks;Ricky Montgomery",2018-02-09,225415,0,false,,2020-10-17T19:18:23Z,"","The Honeysticks",0.686,0.553,2,-8.826,1,0.0391,0.155,0.482,0.164,0.648,120.045,4
spotify:track:1175r6ZmkUjX8dRJLz9Ohk,"I Love You So","Songs for Dads","The Walters",2014-11-28,160253,1,false,,2020-10-15T20:53:19Z,"","The Walters",0.578,0.669,10,-4.898,1,0.0377,0.65,0,0.13,0.503,75.995,4
spotify:track:2rXVtoLBHuXcNB5DVfIc9p,"Happiness","Apricot Princess","Rex Orange County",2017-04-26,279693,0,false,,2020-10-15T20:34:15Z,"bedroom pop","Rex Orange County",0.399,0.235,5,-9.774,1,0.0334,0.734,0.00000156,0.161,0.197,105.645,3
spotify:track:1I9GllIh1R3EMvTFT5Tfn7,"Fair-Weather Friend","A Song For Every Moon","Bruno Major",2017-08-31,186712,0,false,,2020-10-15T20:33:32Z,"","Bruno Major",0.68,0.34,6,-6.985,1,0.115,0.56,0.0021,0.0705,0.391,131.353,3
spotify:track:7aohwSiTDju51QmC54AUba,"You And I","Be OK","Ingrid Michaelson",2008-10-14,148400,59,false,,2020-10-15T18:32:39Z,"","Ingrid Michaelson (Spirit Music)",0.698,0.285,0,-7.632,1,0.0553,0.927,0,0.0883,0.53,135.027,4
spotify:track:1boXOL0ua7N2iCOUVI1p9F,"Japanese Denim","Get You - Single","Daniel Caesar",2016-10-21,270846,8,true,,2020-10-15T14:05:32Z,"","Daniel Caesar",0.707,0.238,3,-8.818,1,0.0379,0.0905,0.00000242,0.0842,0.345,124.156,3
spotify:track:2IAR0DziHCjSu16gR4ihvy,"Nothing","To Let A Good Thing Die","Bruno Major",2020-06-05,162797,1,false,,2020-10-15T13:54:37Z,"","Bruno Major",0.555,0.27,2,-15.892,1,0.0884,0.931,0.536,0.103,0.274,139.691,3
spotify:track:21jGcNKet2qwijlDFuPiPb,"Circles","Hollywood's Bleeding","Post Malone",2019-09-06,215280,86,false,,2020-10-13T02:33:47Z,"","Republic Records",0.695,0.763,0,-3.497,1,0.0396,0.189,0.00242,0.0863,0.551,120.042,4
spotify:track:2grjqo0Frpf2okIBiifQKs,"September","The Best Of Earth, Wind & Fire Vol. 1","Earth, Wind & Fire",1978-11-23,215005,76,false,,2020-09-24T00:41:18Z,"funk,disco","Columbia/Legacy",0.697,0.832,9,-7.264,1,0.0298,0.168,0.00131,0.269,0.979,125.926,4
spotify:track:06rPFgQsKS607RhYIqCmGq,"September","Now, Then & Forever","Earth, Wind & Fire",2013-10-21,216346,0,false,,2020-09-23T17:11:28Z,"funk,disco","Legacy Recordings",0.689,0.912,9,-3.673,1,0.0302,0.174,0.000243,0.298,0.982,125.94,4
spotify:track:0z2FNoZU51PEYFKswJau6g,"Knoxville: Summer of 1915","Knoxville: Summer Of 1915","Samuel Barber;Dawn Upshaw;David Zinman;Orchestra of St. Luke's",2005-09-13,911600,12,false,,2020-09-16T01:25:04Z,"classical,opera,contemporary classical,minimalism,concerto","Nonesuch/Warner Records",0.257,0.112,9,-19.017,1,0.0423,0.98,0.00499,0.0962,0.0549,101.504,4
spotify:track:3xGPS59RhE5dNB3yPcMeL6,"Prelude To The Afternoon Of A Faun","The Most Relaxing Classical Music In The Universe","Claude Debussy;Orchestre National De Lyon",2009-01-01,600080,31,false,,2020-09-16T01:24:29Z,"impressionism,classical,classical piano,orchestral","Denon",0.0832,0.0282,4,-30.073,1,0.0462,0.964,0.871,0.0651,0.0317,172.169,3
spotify:track:0yD2ihr9ZseEZQXQcz6y61,"Toy","Blooming Period","Block B",2016-04-11,206467,0,false,,2020-09-07T04:51:43Z,"k-pop","Stone Music Entertainment",0.641,0.618,7,-5.397,1,0.0949,0.0441,0,0.0534,0.393,90.107,4
spotify:track:3WHNAF7jrtL5Grl59V1wtv,"SENTIMENTAL","EXIT : E","WINNER",2016-02-01,208264,0,false,,2020-09-07T04:40:13Z,"k-pop","YG Entertainment",0.775,0.756,7,-5.513,1,0.058,0.279,0,0.399,0.71,118.019,4
spotify:track:0joI55NpjiIuuxoFXWbeG4,"I’m Sorry","TEEN TOP 20'S LOVE TWO “ÉXITO”","TEEN TOP",2014-11-10,227616,31,false,,2020-09-07T04:39:18Z,"k-pop","TOP Media",0.623,0.84,7,-3.2,1,0.22,0.177,0,0.104,0.898,180.066,4
spotify:track:6h5BRbxxRnEbbwUsM2vzhO,"MY ANSWER","EXODUS - The 2nd Album","EXO",2015-03-30,213133,42,false,,2020-09-07T04:37:35Z,"k-pop","SM Entertainment",0.578,0.271,9,-8.48,1,0.0327,0.881,0,0.107,0.367,125.803,3
spotify:track:1WAtCRhWvN7iR8rKyWEE3y,"My Lady","The 1st Album 'XOXO' (Repackage)","EXO",2013-08-05,211599,47,false,,2020-09-07T04:33:42Z,"k-pop","SM Entertainment",0.683,0.732,9,-3.677,0,0.0368,0.123,0,0.358,0.486,128.921,4
spotify:track:4fgIoBKHzO7YO5eATyYbMl,"in your arms","in your arms","Saib",2018-03-07,277839,45,false,,2020-09-05T02:18:50Z,"lo-fi,lo-fi beats,jazz house,lo-fi hip hop,jazz beats","Repost Network",0.739,0.28,0,-17.212,1,0.0929,0.697,0.0133,0.362,0.755,142.912,4
spotify:track:4Ijwesioa4wOJMiZIbxqNz,"Merry Go Round of Life (From Howl's Moving Castle Original Motion Picture Soundtrack)","Merry Go Round of Life (From Howl's Moving Castle Original Motion Picture Soundtrack)","Grissini Project",2019-05-16,342872,49,false,,2020-07-30T00:21:44Z,"","Grissini Project",0.236,0.34,7,-10.457,0,0.048,0.858,0.0697,0.105,0.158,76.742,3
spotify:track:7blxvaikpzP0UjfNJXaFtH,"Howl's Moving Castle","Prima o poi","Giovanni Mirabassi;Flavio Boltro;Louis Moutin;Gildas Boclé",2005-11-14,277153,33,false,,2020-07-30T00:02:50Z,"gnawa,french jazz,jazz,celtic","Starprod",0.393,0.305,7,-16.349,0,0.0392,0.824,0.873,0.103,0.369,175.628,3
spotify:track:5HOQNAXcPSwV7Gt8AV8qiP,"Picture Book - 2018 Stereo Remaster","The Kinks Are The Village Green Preservation Society (2018 Stereo Remaster)","The Kinks",1968-11-22,159266,0,false,,2020-07-29T23:05:50Z,"proto-punk,baroque pop","Sanctuary Records",0.827,0.952,0,-7.453,1,0.0314,0.172,0.000418,0.228,0.971,121.192,4
spotify:track:1BECwm5qkaBwlbfo4kpYx8,"Death of a Bachelor","Death of a Bachelor","Panic! At The Disco",2016-01-15,203506,67,false,,2020-07-29T23:02:49Z,"emo","Decaydance/Fueled By Ramen",0.462,0.538,0,-5.527,1,0.059,0.0137,0,0.429,0.405,139.256,4
spotify:track:2k9N4caeCIJLOWwWwssrEM,"Easily","A Song For Every Moon","Bruno Major",2017-08-31,210240,2,false,,2020-07-24T07:36:42Z,"","Bruno Major",0.772,0.256,7,-8.545,0,0.0481,0.491,0.00612,0.144,0.357,118.902,3
spotify:track:4w9Uex2WJC3QCawt8vLM05,"Junk - Remastered 2011","McCartney (Archive Collection)","Paul McCartney",1970-04-17,115293,40,false,,2020-07-19T08:24:51Z,"","Paul McCartney Catalog",0.712,0.0862,9,-17.696,1,0.0325,0.814,0.000259,0.191,0.315,90.666,3
spotify:track:6K5w15Q6yccYgd2ZK4Iumn,"Twenty Two and Some Change","Guess I’m Grown Now","Stephen Day",2019-10-11,174240,0,false,,2020-07-19T08:11:29Z,"pop soul","Stephen Day",0.655,0.462,8,-9.438,1,0.0673,0.438,0.000462,0.167,0.749,140.382,4
spotify:track:5bcTCxgc7xVfSaMV3RuVke,"Feels (feat. Pharrell Williams, Katy Perry & Big Sean)","Funk Wav Bounces Vol.1","Calvin Harris;Pharrell Williams;Katy Perry;Big Sean;Funk Wav",2017-06-30,223413,78,true,,2020-07-19T07:45:01Z,"edm,pop","Columbia",0.893,0.745,11,-3.105,0,0.0571,0.0642,0,0.0943,0.872,101.018,4
spotify:track:5FMXrphygZ4z3gVDHGWxgl,"Copacabana (At the Copa)","Dance Vault Mixes - Copacabana (At The Copa)","Barry Manilow",2006-09-12,236760,70,false,,2020-07-10T06:56:50Z,"yacht rock,adult standards","Arista",0.606,0.899,7,-6.412,0,0.0758,0.333,0.000102,0.0754,0.66,116.735,4
spotify:track:3ZKQVyxT4Jg2lLZRLs7Vgo,"Bad Girls","Bad Girls","Donna Summer",1979-04-25,295106,0,false,,2020-07-10T05:18:48Z,"disco,hi-nrg","Universal Music Group",0.857,0.7,2,-14.506,0,0.0358,0.00387,0.0164,0.411,0.973,120.529,4
spotify:track:2Yj4LuIlJTbYI58nxBEXrT,"Senza Di Te","The Farewell (Original Motion Picture Soundtrack)","Fredo Viola",2019-07-12,210737,18,false,,2020-07-10T05:14:11Z,"","Milan",0.581,0.185,1,-13.804,1,0.0333,0.881,0.000244,0.669,0.194,121.942,4
spotify:track:34NjUyEuu9Wcbhgtxedq8O,"Calliope House / The Cowboy Jig","The Road North","Alasdair Fraser",1989-01-01,243666,43,false,,2020-07-10T05:12:24Z,"celtic,traditional folk","Narada",0.345,0.525,4,-8.859,1,0.0431,0.125,0.0226,0.146,0.481,125.662,4
spotify:track:5jbykCJt1yGovDZtPUaRug,"All This Beauty","Hideaway","The Weepies;Deb Talan;Steve Tannen",2008,199533,0,false,,2020-07-10T05:07:20Z,"","Nettwerk Records",0.581,0.566,1,-6.397,1,0.0276,0.536,0.0000839,0.196,0.705,143.975,4
spotify:track:6lUXneXZ9jc3HSMHgd8oqh,"How Can You Mend a Broken Heart","Let's Stay Together","Al Green",1972,383502,71,false,,2020-07-10T05:06:47Z,"soul,classic soul,motown,soul blues","Fat Possum",0.467,0.42,4,-6.957,1,0.0398,0.509,0.0000256,0.0707,0.365,146.512,3
spotify:track:1fpJ7lZ5pNnpsohKLsfzEd,"It's Amazing - (Album Version)","Down to Earth","Jem",2008,238013,36,false,,2020-07-10T05:04:06Z,"","ATO Records LLC",0.64,0.612,0,-7.107,0,0.024,0.215,0.00478,0.123,0.397,99.034,4
spotify:track:5sQUAnZcJkbQEyWy0VvtVm,"Let's Do the Things We Normally Do","Safe Trip Home","Dido",2008-11-14,249826,27,false,,2020-07-10T05:02:41Z,"","Cheeky Records",0.71,0.339,5,-12.005,0,0.0366,0.514,0.000417,0.108,0.441,95.503,4
spotify:track:73hFDvVtlZhAfqFR9FWlQR,"Fool","Fool","Fat Night",2015-07-05,237368,0,false,,2020-07-08T02:15:41Z,"retro soul","Fat Night",0.773,0.574,7,-4.615,0,0.0338,0.25,0.0017,0.0843,0.717,104.977,4
spotify:track:3UQc5Y9iiGAEakd489Phpj,"Special","Special","Fat Night",2020-05-27,274266,0,false,,2020-07-08T02:13:49Z,"retro soul","Acrophase Records",0.752,0.48,6,-8.406,0,0.0735,0.202,0.0149,0.0722,0.645,125.034,4
spotify:track:0D1Nuoa9A3ffUJmqa8Kivn,"Debussy: String Quartet in G Minor, Op. 10, CD 91, L. 85: IV. Très modéré - Très mouvementé et avec passion","Debussy, Fauré & Ravel: String Quartets","Claude Debussy;Quatuor Ébène",2008-10-06,446826,19,false,,2020-07-07T00:35:17Z,"impressionism,classical,classical piano,chamber music","Warner Classics",0.303,0.2,7,-18.154,1,0.0473,0.965,0.66,0.0887,0.0576,127.084,4
spotify:track:2eyP67TGbUI1lCuHFV1m3T,"String Quartet in G Minor, Op. 10, L. 85: III. Andantino, doucement expressif","Debussy: String Quartet in G Minor, Op. 10, L. 85 - Ravel: String Quartet in F Major, M. 35","Claude Debussy;Juilliard String Quartet",1960,491133,17,false,,2020-06-17T02:29:40Z,"impressionism,classical,classical piano,chamber music,expressionism,contemporary classical","Sony Classical",0.0644,0.0507,1,-26.342,1,0.0498,0.98,0.746,0.107,0.0349,56.149,4
spotify:track:2xbz6d9dfk7b6xkUcjhxZ7,"String Quartet in G Minor, Op. 10, L. 85: I. Animé et très décidé","Debussy: String Quartet in G Minor, Op. 10, L. 85 - Ravel: String Quartet in F Major, M. 35","Claude Debussy;Juilliard String Quartet",1960,375640,13,false,,2020-06-17T02:26:04Z,"impressionism,classical,classical piano,chamber music,expressionism,contemporary classical","Sony Classical",0.264,0.21,7,-15.875,0,0.0437,0.97,0.606,0.336,0.204,72.364,4
spotify:track:2iSxljzM8Xw9EEIGBRW1CD,"The Way I Feel Inside","Begin Here","The Zombies",1965-03-01,108573,0,false,,2020-06-09T23:16:13Z,"baroque pop,psychedelic rock","Marquis Enterprises Ltd",0.62,0.148,1,-13.124,0,0.078,0.954,0,0.0968,0.579,114.627,4
spotify:track:0bBnpTvCWQfbq0OEP79CoS,"Question","Question","Fat Night",2018-12-21,256148,0,false,,2020-06-09T23:11:35Z,"retro soul","Acrophase Records",0.612,0.382,10,-10.777,1,0.0935,0.692,0.00000208,0.0951,0.598,103.368,4
spotify:track:2VBLHnZRm45hlTD3nEeRDK,"The LarryBoy Theme Song - From ""LarryBoy"" Soundtrack","All The Songs (Vol. 1)","VeggieTales",2014-10-11,200266,25,false,,2020-05-31T05:17:02Z,"children's music","Big Idea Entertainment Inc",0.681,0.862,10,-6.651,0,0.158,0.00797,0.000662,0.171,0.72,96.796,4
spotify:track:1T575AhHueYinKSDflEsGK,"Heaven","Fifty Shades Freed (Original Motion Picture Soundtrack)","Julia Michaels",2018-02-09,191786,66,false,,2020-05-30T22:28:40Z,"","Republic/Universal/FSF",0.554,0.371,7,-9.104,0,0.0361,0.857,0,0.0838,0.245,199.84,3
spotify:track:0loJyuSFr6vVPBQSmLLrrQ,"How Deep Is Your Love","Gumbo","PJ Morton",2017-04-21,197081,59,false,,2020-05-27T23:34:50Z,"neo soul","Morton Records / EMPIRE",0.796,0.459,8,-7.716,0,0.0443,0.705,0.0000115,0.0605,0.767,88,4
spotify:track:4Aj1eHsMtEmjpJUWdUWiVa,"Georgia","The Seven EP","Emily King",2011-07-12,243533,44,false,,2020-05-27T23:14:57Z,"pop soul","Emily King",0.747,0.224,0,-14.586,1,0.0649,0.58,0.000235,0.235,0.212,105.014,4
spotify:track:40Q1BPn4TPv0tEKgsa5kKD,"June","Two, Moonlight","Charlie Burg",2018-07-20,150700,0,false,,2020-05-27T23:11:44Z,"","Charlie Burg",0.423,0.304,9,-12.216,1,0.12,0.665,0,0.0953,0.554,178.705,4
spotify:track:6XpHseTWgoYXFpVrhWOB24,"String Quartet No. 14 in D Minor, D. 810, ""Death and the Maiden"": I. Allegro","Schubert: String Quartet in A minor, 'Rosamunde' - String Quartet in D minor, 'Death & the Maiden'","Franz Schubert;Doric String Quartet",2012-09-04,898946,0,false,,2020-05-18T23:52:48Z,"chamber music,classical,classical piano,contemporary classical","Chandos",0.321,0.0717,5,-22.11,1,0.0465,0.895,0.33,0.101,0.126,135.027,4
spotify:track:2WMnTI8s5jyptDkcmspGvE,"Concerto for Violin, Piano and String Quartet in D Major, Op. 21: III. Grave","Chausson: Concert for Violin, Piano and String Quartet - String Quartet","Ernest Chausson;Jennifer Pike;Tom Poster;Doric String Quartet",2013-02-05,626266,0,false,,2020-05-18T23:16:53Z,"impressionism,chamber music,electronic classical,contemporary classical","Chandos",0.0823,0.0572,5,-21.921,0,0.0471,0.92,0.0745,0.0947,0.035,177.952,4
spotify:track:4cBH4CbTMxorvPsvPgq2of,"Concerto for Violin, Piano and String Quartet in D Major, Op. 21: IV. Finale. Tres anime","Chausson: Concert for Violin, Piano and String Quartet - String Quartet","Ernest Chausson;Jennifer Pike;Tom Poster;Doric String Quartet",2013-02-05,607893,0,false,,2020-05-18T23:14:13Z,"impressionism,chamber music,electronic classical,contemporary classical","Chandos",0.198,0.241,0,-16.285,1,0.0426,0.955,0.00442,0.159,0.0755,81.562,4
spotify:track:3STgcWZ20Kzn1585clwzsP,"Concerto for Violin, Piano and String Quartet in D Major, Op. 21: II. Sicilienne","Chausson: Concert for Violin, Piano and String Quartet - String Quartet","Ernest Chausson;Jennifer Pike;Tom Poster;Doric String Quartet",2013-02-05,258733,0,false,,2020-05-18T23:13:14Z,"impressionism,chamber music,electronic classical,contemporary classical","Chandos",0.139,0.05,5,-24.185,1,0.0571,0.962,0.00256,0.184,0.0476,168.529,1
spotify:track:45phoxBh6dLWP1ngij2h3s,"Serenade for Strings in C major, Op. 48: IV. Finale (Tema russo): Andante - Allegro con spirito","Tchaikovsky: Serenade for Strings - Grieg: Holberg Suite - Mozart: Eine kleine Nachtmusik","Pyotr Ilyich Tchaikovsky;Moscow Soloists;Yuri Bashmet",2008-09-24,441493,14,false,,2020-05-18T23:09:13Z,"ballet,classical,orchestral,chamber music,concerto","Onyx Classics",0.267,0.249,0,-17.916,1,0.0435,0.935,0.798,0.334,0.147,157.88,4
spotify:track:3C8kdJVDcgN0qfgeviIm1j,"Serenade for Strings in C major, Op. 48: III. Elegie: Larghetto elegiaco","Tchaikovsky: Serenade for Strings - Grieg: Holberg Suite - Mozart: Eine kleine Nachtmusik","Pyotr Ilyich Tchaikovsky;Moscow Soloists;Yuri Bashmet",2008-09-24,515266,15,false,,2020-05-18T23:09:12Z,"ballet,classical,orchestral,chamber music,concerto","Onyx Classics",0.0845,0.0816,2,-22.128,1,0.0407,0.898,0.249,0.0957,0.0379,78.128,3
spotify:track:7uf3aFC1msj0t5cYImgOWy,"Serenade for Strings in C major, Op. 48: II. Walzer: Moderato, tempo di valse","Tchaikovsky: Serenade for Strings - Grieg: Holberg Suite - Mozart: Eine kleine Nachtmusik","Pyotr Ilyich Tchaikovsky;Moscow Soloists;Yuri Bashmet",2008-09-24,209373,53,false,,2020-05-18T23:09:11Z,"ballet,classical,orchestral,chamber music,concerto","Onyx Classics",0.241,0.122,7,-22.411,1,0.0497,0.925,0.66,0.126,0.187,66.325,4
spotify:track:6uxCDET1kOLNfEOcrF3zJK,"Serenade for Strings in C major, Op. 48: I. Pezzo in forma di sonatina: Andante non troppo - Allegro moderato","Tchaikovsky: Serenade for Strings - Grieg: Holberg Suite - Mozart: Eine kleine Nachtmusik","Pyotr Ilyich Tchaikovsky;Moscow Soloists;Yuri Bashmet",2008-09-24,575640,23,false,,2020-05-18T23:09:10Z,"ballet,classical,orchestral,chamber music,concerto","Onyx Classics",0.3,0.276,0,-17.623,1,0.0436,0.931,0.68,0.171,0.104,122.53,3
spotify:track:5KboIqx30dztT6wmEVFn17,"Baby I Don’t Know Oh Oh (feat. Charles Jones)","Mr Finish Line","Vulfpeck;Charles Jones",2017-11-07,208954,43,false,,2020-05-18T21:15:41Z,"funk,funk rock","Vulf Records",0.639,0.477,7,-6.144,1,0.055,0.193,0.000148,0.358,0.484,112.737,4
spotify:track:30QNjcM3Q1GnLFIIJjWQL1,"Places We Won't Walk","A Song For Every Moon","Bruno Major",2017-08-31,169410,0,false,,2020-05-09T01:56:43Z,"","Bruno Major",0.388,0.0859,7,-16.061,0,0.0472,0.969,0.0000735,0.108,0.19,88.253,3
spotify:track:4zE8tKNF8QF4ECgugdtoYM,"Préludes / Book 1, L. 117: VIII. La fille aux cheveux de lin","Dinner with Debussy","Claude Debussy;Arturo Benedetti Michelangeli",2020-05-02,174720,0,false,,2020-05-09T01:41:43Z,"impressionism,classical,classical piano","UME - Global Clearing House",0.411,0.00692,6,-30.268,1,0.0512,0.994,0.882,0.0538,0.17,101.663,4
spotify:track:09HY1durG6DXbP5lZyp1VZ,"Miroirs: III. Une Barque sur l'Océan","Mediterranean Sounds","Belle Chen",2016-09-08,465323,0,false,,2020-05-09T01:28:12Z,"impressionism,classical piano","Eito Music",0.173,0.0508,2,-25.371,1,0.0432,0.984,0.902,0.0772,0.0294,67.076,3
spotify:track:5c741ZjhqG9GRue6Zbe1Px,"Symphony No. 2: II. Allegro molto","Rachmaninov: Symphony No. 2","Sergei Rachmaninoff;Valery Gergiev;London Symphony Orchestra",2010-05-11,589333,33,false,,2020-05-09T01:23:23Z,"classical,classical piano,concerto,ballet,opera,orchestral","Lso Live",0.274,0.104,5,-25.875,1,0.0416,0.912,0.867,0.221,0.128,145.824,4
spotify:track:2HJDQjmeVCp4wU2KlbdkLe,"Symphony No. 2: I. Largo - Allegro moderato","Rachmaninov: Symphony No. 2","Sergei Rachmaninoff;Valery Gergiev;London Symphony Orchestra",2010-05-11,1352839,35,false,,2020-05-09T01:18:54Z,"classical,classical piano,concerto,ballet,opera,orchestral","Lso Live",0.104,0.0478,7,-24.976,1,0.039,0.953,0.873,0.047,0.0378,90.972,4
spotify:track:7HJofuhw3wp18YuTKq3KiV,"Symphony No. 2: III. Adagio","Rachmaninov: Symphony No. 2","Sergei Rachmaninoff;Valery Gergiev;London Symphony Orchestra",2010-05-11,861466,43,false,,2020-05-09T01:17:45Z,"classical,classical piano,concerto,ballet,opera,orchestral","Lso Live",0.0621,0.0217,9,-26.478,1,0.046,0.957,0.852,0.0884,0.0342,70.364,4
spotify:track:1K0HTEsSTrKS0KsgouoQT9,"Variations On A Rococo Theme, Op. 33, TH.57 - Arr. By Yvan Cassar: Var. VII. Allegro vivo","Tchaikovsky for the day","Nemanja Radulović;Double Sens;Stéphanie Fontanarosa",2020-05-05,114200,0,false,,2020-05-09T01:13:44Z,"classical","UME - Global Clearing House",0.514,0.337,9,-17.386,1,0.0381,0.97,0.719,0.0741,0.695,84.936,4
spotify:track:3WqBMYdkXdWaMHgqh4TNsY,"Variations On A Rococo Theme, Op. 33, TH.57 - Arr. By Yvan Cassar: Var. VI. Andante","Tchaikovsky for the day","Nemanja Radulović;Double Sens;Stéphanie Fontanarosa",2020-05-05,141386,0,false,,2020-05-09T01:13:43Z,"classical","UME - Global Clearing House",0.103,0.0156,7,-30.517,0,0.0503,0.977,0.476,0.0986,0.0765,178.207,1
spotify:track:3LDo8wuvCGnkeCsmx2pMeK,"Variations On A Rococo Theme, Op. 33, TH.57 - Arr. By Yvan Cassar: Var. V. Allegro moderato","Tchaikovsky for the day","Nemanja Radulović;Double Sens;Stéphanie Fontanarosa",2020-05-05,193560,0,false,,2020-05-09T01:13:42Z,"classical","UME - Global Clearing House",0.311,0.0907,9,-21.581,1,0.0555,0.963,0.579,0.301,0.102,106.896,5
spotify:track:2SxDVqZ68CdIkE2UZ1g1us,"Variations On A Rococo Theme, Op. 33, TH.57 - Arr. By Yvan Cassar: Var. IV. Andante grazioso","Tchaikovsky for the day","Nemanja Radulović;Double Sens;Stéphanie Fontanarosa",2020-05-05,112293,0,false,,2020-05-09T01:13:41Z,"classical","UME - Global Clearing House",0.329,0.0884,9,-24.051,1,0.0802,0.97,0.4,0.217,0.392,73.804,3
spotify:track:3lpcfnrpe92BxPc9zUKaik,"Variations On A Rococo Theme, Op. 33, TH.57 - Arr. By Yvan Cassar: Var. II. Tempo del Tema","Tchaikovsky for the day","Nemanja Radulović;Double Sens;Stéphanie Fontanarosa",2020-05-05,64599,0,false,,2020-05-09T01:13:40Z,"classical","UME - Global Clearing House",0.263,0.16,9,-20.505,1,0.0751,0.961,0.2,0.228,0.14,178.828,5
spotify:track:053NMuOQR49dizVcDbxz3B,"Variations On A Rococo Theme, Op. 33, TH.57 - Arr. By Yvan Cassar: Var. III. Andante sostenuto","Tchaikovsky for the day","Nemanja Radulović;Double Sens;Stéphanie Fontanarosa",2020-05-05,214453,0,false,,2020-05-09T01:13:40Z,"classical","UME - Global Clearing House",0.24,0.0581,0,-23.712,1,0.0544,0.982,0.808,0.254,0.0855,65.704,3
spotify:track:1rrJkkjkeRbrJQeTiUU3uK,"Variations On A Rococo Theme, Op. 33, TH.57 - Arr. By Yvan Cassar: Var. I. Tempo del Tema","Tchaikovsky for the day","Nemanja Radulović;Double Sens;Stéphanie Fontanarosa",2020-05-05,43706,0,false,,2020-05-09T01:13:39Z,"classical","UME - Global Clearing House",0.366,0.0976,9,-22.262,1,0.0384,0.988,0.941,0.388,0.646,90.488,5
spotify:track:3dPA50zqgjZXvlJQdNYUFB,"Variations On A Rococo Theme, Op. 33, TH.57 - Arr. By Yvan Cassar: Moderato quasi Andante","Tchaikovsky for the day","Nemanja Radulović;Double Sens;Stéphanie Fontanarosa",2020-05-05,50413,0,false,,2020-05-09T01:13:38Z,"classical","UME - Global Clearing House",,,,,,,,,,,,
spotify:track:2tBhyYVoJeUJ3ISiarwHxz,"Variations on a Rococo Theme, Op. 33: Tema. Moderato semplice","Tchaikovsky for the day","Nemanja Radulović;Double Sens;Stéphanie Fontanarosa",2020-05-05,84711,0,false,,2020-05-09T01:12:15Z,"classical","UME - Global Clearing House",0.3,0.032,9,-25.462,1,0.0457,0.985,0.711,0.192,0.406,121.663,4
spotify:track:2eCiUGtPqUyXLyOLv8KpFw,"Capriccio for Piano and Orchestra: III. Allegro capriccioso ma tempo giusto","Rachmaninov: Piano Concerto No. 1 - Stravinsky: Capriccio - Shchedrin: Piano Concerto No. 2","Igor Stravinsky;Mariinsky Orchestra;Valery Gergiev;Denis Matsuev",2015-08-28,307746,0,false,,2020-05-09T01:04:59Z,"classical,neoclassical,ballet,expressionism,orchestral,impressionism,contemporary classical,opera,classical piano","Mariinsky",0.452,0.335,7,-17.045,1,0.0318,0.976,0.806,0.137,0.549,104.025,4
spotify:track:27w2YRJ1ICmNxzazl01TCo,"Capriccio for Piano and Orchestra: II. Andante rapsodico","Rachmaninov: Piano Concerto No. 1 - Stravinsky: Capriccio - Shchedrin: Piano Concerto No. 2","Igor Stravinsky;Mariinsky Orchestra;Denis Matsuev;Valery Gergiev",2015-08-28,333373,0,false,,2020-05-09T01:04:48Z,"classical,neoclassical,ballet,expressionism,orchestral,impressionism,contemporary classical,opera,classical piano","Mariinsky",0.222,0.117,10,-22.5,0,0.0429,0.983,0.902,0.193,0.107,77.946,4
spotify:track:6bN6q0mmLtlClvQNiY782k,"Capriccio for Piano and Orchestra: I. Presto","Rachmaninov: Piano Concerto No. 1 - Stravinsky: Capriccio - Shchedrin: Piano Concerto No. 2","Igor Stravinsky;Mariinsky Orchestra;Valery Gergiev;Denis Matsuev",2015-08-28,416973,0,false,,2020-05-09T01:04:31Z,"classical,neoclassical,ballet,expressionism,orchestral,impressionism,contemporary classical,opera,classical piano","Mariinsky",0.417,0.162,7,-20.413,0,0.0397,0.963,0.908,0.124,0.286,128.583,4
spotify:track:7Cj2tT0m2SBeIO1PsGfk8A,"Grenade - Acoustic","The Grenade Sessions","Bruno Mars",2011-02-08,249535,63,false,,2020-05-02T22:10:34Z,"","Elektra (NEK)",0.639,0.393,2,-6.314,0,0.0309,0.819,0,0.0891,0.363,97.917,4
spotify:track:0HLWvLKQWpFdPhgk6ym58n,"Who Says","Battle Studies","John Mayer",2009-11-13,175480,60,false,,2020-05-02T21:51:27Z,"singer-songwriter","Columbia",0.584,0.509,2,-13.109,1,0.0287,0.267,0.00252,0.36,0.367,90.457,4
spotify:track:2hd9kBPUOaD2HOsFqYb4Jj,"New Light","New Light","Jotti",2018-08-03,171463,13,false,,2020-05-02T10:02:49Z,"","936706 Records DK",0.849,0.177,7,-14.898,1,0.0562,0.625,0.00000932,0.112,0.675,118.075,4
spotify:track:0Zrug5Ry3x6x60lohpEU0C,"Roll it on Home","The Search for Everything","John Mayer",2017-04-14,204160,48,false,,2020-05-02T08:00:44Z,"singer-songwriter","Columbia",0.612,0.697,2,-6.737,1,0.0301,0.623,0.0145,0.124,0.712,154.945,4
spotify:track:77Y57qRJBvkGCUw9qs0qMg,"In the Blood","The Search for Everything","John Mayer",2017-04-14,244773,58,false,,2020-05-02T07:35:58Z,"singer-songwriter","Columbia",0.546,0.655,8,-6.526,1,0.0255,0.386,0.0000104,0.0983,0.518,80.007,4
spotify:track:7keXdrB4mz57u4b8YkCwag,"Dreaming with a Broken Heart","Continuum","John Mayer",2006-09-11,247840,55,false,,2020-05-02T07:16:36Z,"singer-songwriter","Aware/Columbia",0.61,0.349,0,-9.321,1,0.0301,0.554,0.0099,0.201,0.155,136.012,4
spotify:track:78DwRIo6Vj6wqteyerGetr,"The Heart of Life","Continuum","John Mayer",2006-09-11,199080,62,false,,2020-05-02T07:03:51Z,"singer-songwriter","Aware/Columbia",0.495,0.238,1,-11.026,1,0.03,0.958,0.0118,0.0875,0.357,175.958,4
spotify:track:3bH4HzoZZFq8UpZmI2AMgV,"New Light","New Light","John Mayer",2018-05-10,216014,1,false,,2020-05-02T06:51:04Z,"singer-songwriter","Snack Money",0.828,0.689,7,-7.878,1,0.0326,0.325,0.0384,0.0808,0.853,123.931,4
spotify:track:1LM6t24SjQr2bJHqeGIR4U,"Still Feel Like Your Man","The Search for Everything","John Mayer",2017-04-14,234533,59,false,,2020-05-02T05:05:31Z,"singer-songwriter","Columbia",0.858,0.6,2,-6.677,1,0.0631,0.547,0.00117,0.132,0.515,106.023,4
spotify:track:4l7TFYwWlSY3f9YKCskqH1,"Out Like a Light","The Honeysticks","The Honeysticks",2018-03-23,256018,0,false,,2020-05-02T03:15:16Z,"","The Honeysticks",0.523,0.458,11,-7.785,1,0.0275,0.171,0.00244,0.072,0.359,125.954,3
spotify:track:392wPVSI4mt5xTvV6bF5Hy,"Get to You","The Honeysticks","The Honeysticks",2018-03-23,255746,0,false,,2020-05-02T03:15:07Z,"","The Honeysticks",0.705,0.639,7,-6.928,0,0.0306,0.541,0.027,0.122,0.495,99.986,4
spotify:track:4NSex17xPuab9EdpPqaox1,"My Heart Is Buried in Venice","Montgomery Ricky","Ricky Montgomery",2016-04-08,184866,0,false,,2020-05-02T03:09:32Z,"","Ricky Montgomery Records",0.67,0.413,11,-8.117,1,0.0274,0.441,0.0000868,0.0902,0.144,112.011,3
spotify:track:6m3uOq1sCyocPlXgMjV6rz,"Baby I Don't Know Oh Oh (Live at Madison Square Garden)","Live at Madison Square Garden","Vulfpeck;Charles Jones",2019-12-10,231369,30,false,,2020-04-25T01:21:40Z,"funk,funk rock","Vulf Records",0.584,0.631,7,-4.476,1,0.0349,0.418,0,0.902,0.587,113.925,4
spotify:track:594dAKfWYKj53Usd6DTbUs,"Mr Loverman","Montgomery Ricky","Ricky Montgomery",2016-04-08,216880,0,false,,2020-04-18T10:24:29Z,"","Ricky Montgomery Records",0.641,0.527,0,-6.697,1,0.0256,0.243,0.0000251,0.25,0.485,130.018,3
spotify:track:2g2GdzaXNjsEnlJmjnAgYH,"arrow","arrow","half•alive",2019-01-18,220982,31,false,,2020-04-18T01:05:11Z,"","half·alive/RCA Records",0.798,0.602,7,-6.433,1,0.0949,0.00497,0.000105,0.0946,0.77,99.986,4
spotify:track:48XkVAagIoQHCsOlJtXUd5,"still feel.","Now, Not Yet","half•alive",2019-08-09,247787,63,false,,2020-04-18T01:02:42Z,"","half·alive/RCA Records",0.779,0.516,10,-6.467,0,0.0521,0.148,0,0.0492,0.715,120.026,4
spotify:track:6T689Jvh5KrSXyaPtUWZtQ,"Criminal","Femme Fatale (Deluxe Version)","Britney Spears",2011-03-28,225080,74,false,,2020-04-15T07:41:19Z,"pop","Jive",0.696,0.734,7,-5.294,1,0.0298,0.0485,0,0.183,0.711,107.987,4
spotify:track:4yAJNCGr2sAENnZ43NgTpN,"So What We Get Drunk","So What We Get Drunk","Yung Nazty",2020-02-06,199653,39,false,,2020-04-15T07:18:27Z,"","Independent",0.618,0.748,11,-7.509,0,0.173,0.0433,0,0.118,0.701,95.144,4
spotify:track:0OBIHrjv88N4SEtf2INos5,"Heavy","Heavy","POWERS",2017-02-24,234356,49,false,,2020-04-11T10:47:05Z,"","Universal Records",0.739,0.689,4,-3.726,0,0.0468,0.00563,0.00000539,0.102,0.897,102.018,4
spotify:track:7yMiX7n9SBvadzox8T5jzT,"Clint Eastwood","Gorillaz","Gorillaz;Del The Funky Homosapien",2001,340920,75,true,,2020-04-07T03:04:01Z,"","Parlophone UK",0.663,0.694,10,-8.627,0,0.171,0.0253,0,0.0698,0.525,167.953,4
spotify:track:5OUTFH5acycdnf8OVo21Gv,"Television / So Far So Good","Apricot Princess","Rex Orange County",2017-04-26,262600,1,true,,2020-04-06T07:44:25Z,"bedroom pop","Rex Orange County",0.405,0.505,5,-7.75,1,0.0458,0.592,0,0.121,0.318,164.971,4
spotify:track:37ZgsOy8t4vMnGtMExr6ah,"Threat of Joy","Future Present Past","The Strokes",2016-06-03,264724,57,true,,2020-04-06T06:56:28Z,"garage rock,indie rock,alternative rock","Cult Records",0.59,0.704,0,-7.058,1,0.0284,0.223,0.0825,0.103,0.691,137.968,4
spotify:track:1kbGCuCsD7ZhCOYkm8Bnts,"Can't Take My Eyes off You","Can't Take My Eyes off You","Craymer;AIIVAWN",2019-11-21,240628,0,false,,2020-03-30T06:05:09Z,"","College Music Records",0.525,0.185,11,-14.938,0,0.0427,0.941,0.0162,0.356,0.0393,122.214,4
spotify:track:1MglqgabKH4iSkw8xHJ0J9,"What About Me?","We Like It Here","Snarky Puppy",2014-02-25,402266,46,false,,2020-03-24T05:35:41Z,"jazz fusion,jazz funk,jazz,funk rock,nu jazz","GroundUP Music LLC",0.386,0.917,11,-8.089,0,0.103,0.0285,0.897,0.878,0.568,127.315,4
spotify:track:1BWsQm7kOBjK2aSFYg5HQZ,"Shofukan","We Like It Here","Snarky Puppy",2014-02-25,393053,47,false,,2020-03-24T05:33:51Z,"jazz fusion,jazz funk,jazz,funk rock,nu jazz","GroundUP Music LLC",0.426,0.754,4,-9.125,0,0.074,0.0642,0.765,0.701,0.228,167.42,4
spotify:track:0q21FNwES2bbtcduB6kjEU,"Dancing in the Moonlight","Dancing in the Moonlight","King Harvest",1973-01-01,181133,76,false,,2020-03-20T05:21:21Z,"","Darbo Music LLC",0.657,0.435,10,-15.707,1,0.0552,0.739,0,0.167,0.771,135.975,4
spotify:track:7wF4WDlYpBpU6q8FLHVRZa,"Undecided","Guitar Genius","Jimmy Rosenberg;Angelo DeBarre",2018-02-14,133200,1,false,,2020-03-20T05:11:50Z,"swing music,french jazz","Hot Club Records",0.567,0.402,0,-12.8,1,0.0371,0.987,0.891,0.705,0.876,152.323,4
spotify:track:1GmtpbNbybW5ZDSqn6v3NO,"Walkies","Thrill of the Arts","Vulfpeck",2015-10-09,63450,34,false,,2020-03-20T05:08:25Z,"funk,funk rock","Vulf Records",0.8,0.499,0,-12.82,1,0.0505,0.302,0.899,0.101,0.397,122.953,4
spotify:track:0JcjupySdUvwYNV7DDkbwU,"Rango II","Thrill of the Arts","Vulfpeck",2015-10-09,251366,37,false,,2020-03-20T05:07:51Z,"funk,funk rock","Vulf Records",0.761,0.252,0,-11.609,1,0.0452,0.709,0.926,0.199,0.459,76.346,4
spotify:track:2KRQR1VK6OoJxpwVzwDv72,"Funky Duck","Thrill of the Arts","Vulfpeck",2015-10-09,130770,46,false,,2020-03-20T05:07:01Z,"funk,funk rock","Vulf Records",0.805,0.771,10,-6.402,0,0.115,0.305,0.00124,0.103,0.962,81.711,4
spotify:track:608uL3XBV8f2MHKNgm32Y3,"Disco Ulysses (Instrumental)","Hill Climber","Vulfpeck",2018-12-07,231084,52,false,,2020-03-20T04:54:46Z,"funk,funk rock","Vulf Records",0.74,0.707,8,-10.464,0,0.0539,0.0422,0.886,0.0909,0.969,133.715,4
spotify:track:59qmUODXmHXiWwvG8WdzEW,"Love Is a Beautiful Thing","Hill Climber","Vulfpeck;Theo Katzman;Monica Martin",2018-12-07,233314,42,false,,2020-03-20T04:49:05Z,"funk,funk rock,retro soul","Vulf Records",0.805,0.314,7,-11.009,1,0.0616,0.322,0.00000129,0.112,0.566,114.353,4
spotify:track:3uFp6gGgNMtSEmzx1cHTG4,"Half of the Way","Hill Climber","Vulfpeck;Theo Katzman",2018-12-07,196905,41,false,,2020-03-20T04:47:40Z,"funk,funk rock,retro soul","Vulf Records",0.689,0.73,2,-6.387,1,0.0766,0.0407,0,0.085,0.727,107.196,4
spotify:track:1L9qsoNnyT3r8fgr2Pr7Ty,"Cory Wong","The Beautiful Game","Vulfpeck",2016-10-17,246910,46,false,,2020-03-20T04:46:37Z,"funk,funk rock","Vulf Records",0.62,0.6,8,-9.192,1,0.138,0.0894,0.571,0.813,0.959,127.51,4
spotify:track:1FwFVKRNX1IV4eEZSGGg5M,"Darwin Derby","Hill Climber","Vulfpeck;Theo Katzman;Antwaun Stanley",2018-12-07,195419,42,false,,2020-03-20T04:46:14Z,"funk,funk rock,retro soul","Vulf Records",0.814,0.759,10,-6.43,1,0.0766,0.043,0,0.331,0.908,117.918,4
spotify:track:39rHfrVqCX6A55GF7uOZSC,"1612","Fugue State","Vulfpeck",2014-08-26,199639,58,false,,2020-03-20T04:42:58Z,"funk,funk rock","Vulf Records",0.678,0.392,0,-11.328,1,0.274,0.177,0.0045,0.0839,0.711,171.276,4
spotify:track:48wH8bAxvBJO2l14GmNLz7,"Wait for the Moment","My First Car","Vulfpeck",2013-12-06,230676,61,false,,2020-03-20T04:42:08Z,"funk,funk rock","Vulf Records",0.773,0.36,0,-9.722,1,0.0956,0.501,0.0042,0.0823,0.681,79.207,4
spotify:track:1DrlLvlYd1FIjNavRm6NdX,"Back Pocket","Thrill of the Arts","Vulfpeck",2015-10-09,181259,62,false,,2020-03-20T04:37:32Z,"funk,funk rock","Vulf Records",0.839,0.585,2,-7.737,1,0.153,0.478,0.00278,0.0435,0.89,89.821,4
spotify:track:3RmKpob8xzv1pzHEQrMJah,"Let Me Blow Ya Mind","Scorpion","Eve;Gwen Stefani",2001-01-01,230133,77,true,,2020-03-19T18:08:51Z,"","Ruff Ryders RECORDS",0.908,0.557,8,-4.243,0,0.107,0.242,0,0.0709,0.897,90.032,4
spotify:track:1KGi9sZVMeszgZOWivFpxs,"No Scrubs","Fanmail","TLC",1999-02-23,214400,84,false,,2020-03-19T18:03:48Z,"","Arista/LaFace Records",0.743,0.675,8,-4.267,0,0.0953,0.0251,0.000717,0.0685,0.59,92.909,4
spotify:track:6NzE6TTlRMXonm5YEMVlVc,"Love Is a Beautiful Thing","Heartbreak Hits","Theo Katzman",2017-01-06,210251,37,false,,2020-03-19T17:58:07Z,"retro soul","Theo Katzman",0.847,0.373,2,-12.174,1,0.0506,0.794,0.00241,0.275,0.446,114.011,4
spotify:track:5xRlNALFbZ7gaWGlySwfTM,"Break up Together","Heartbreak Hits","Theo Katzman",2017-01-06,207622,38,false,,2020-03-19T17:50:35Z,"retro soul","Theo Katzman",0.87,0.414,5,-10.995,1,0.0452,0.564,0.0000347,0.121,0.89,103.958,4
spotify:track:3WJ9kGj30zXsIEEo1fdKfv,"The Death of Us","Modern Johnny Sings: Songs in the Age of Vibe","Theo Katzman",2020-01-10,226986,44,false,,2020-03-19T17:42:49Z,"retro soul","Ten Good Songs",0.962,0.551,0,-7.579,1,0.0551,0.171,0.169,0.0515,0.919,125.484,4
spotify:track:1aEcZKCwqln3s3VvY5Kwxl,"You Could Be President","Modern Johnny Sings: Songs in the Age of Vibe","Theo Katzman",2020-01-10,236814,36,false,,2020-03-19T17:42:27Z,"retro soul","Ten Good Songs",0.693,0.723,2,-6.164,1,0.142,0.194,0.337,0.118,0.881,86.815,4
spotify:track:0inMKhbKWOTDA9UBUAKoU6,"Natalie","Unorthodox Jukebox","Bruno Mars",2012-12-07,225026,64,false,,2020-03-19T17:12:47Z,"","Atlantic Records",0.76,0.733,7,-6.704,1,0.0504,0.15,0,0.0647,0.611,111.975,4
spotify:track:2HeTmGTjl870ucJ8mF7zl5,"The Winner Takes It All","Super Trouper","ABBA",1980,294733,0,false,,2020-03-17T19:12:53Z,"","Polar Music International AB",0.457,0.785,6,-6.783,1,0.0383,0.548,0.000781,0.082,0.522,126.947,4
spotify:track:5pMmWfuL0FTGshYt7HVJ8P,"SOS","ABBA Gold","ABBA",2008-01-01,201360,67,false,,2020-03-17T19:11:32Z,"","Polar Music International AB",0.393,0.719,5,-4.773,1,0.0279,0.0629,0.00432,0.219,0.497,124.353,4
spotify:track:4vpeKl0vMGdAXpZiQB2Dtd,"White Rabbit","Surrealistic Pillow","Jefferson Airplane",1967,150640,71,false,,2020-03-14T08:34:48Z,"psychedelic rock,acid rock","RCA/BMG Heritage",0.551,0.293,2,-12.503,1,0.0272,0.486,0.000273,0.0864,0.322,106.798,4
spotify:track:1IxDBsZdVMhfkLqrZjARpk,"Fernando","Arrival","ABBA",1976,255533,0,false,,2020-03-13T07:09:16Z,"","Polar Music International AB",0.353,0.526,9,-8.868,1,0.0299,0.583,0.00000217,0.0762,0.467,110.517,4
spotify:track:0B0tYbVp7pDQAqKDhgMeaL,"Too Good to Say Goodbye","24K Magic","Bruno Mars",2016-11-17,281826,76,false,,2020-03-13T04:12:04Z,"","Atlantic Records",0.587,0.63,2,-6.054,1,0.0311,0.0389,0,0.35,0.433,76.97,4
spotify:track:55h7vJchibLdUkxdlX3fK7,"Treasure","Unorthodox Jukebox","Bruno Mars",2012-12-07,178560,82,true,,2020-03-13T04:05:55Z,"","Atlantic Records",0.874,0.692,5,-5.28,0,0.0431,0.0412,0.0000724,0.324,0.937,116.017,4
spotify:track:7tySfDFfBiCjraLdoy6In5,"Put It on Me","The Hearse","Matt Maeson",2018-04-27,202760,66,false,,2020-03-12T09:32:34Z,"","Neon Gold/Atlantic",0.629,0.414,1,-5.782,1,0.0323,0.0068,0.0000778,0.0807,0.417,81.941,3
spotify:track:6bLU8e0LGyztE9iD5DWBQ1,"Hallucinogenics","Bank On The Funeral","Matt Maeson",2019-04-05,187173,70,true,,2020-03-12T08:41:11Z,"","Neon Gold/Atlantic",0.549,0.653,0,-7.47,1,0.0503,0.457,0,0.0969,0.287,121.348,4
spotify:track:4MafcjCchkKwvkJjTpxrAn,"String Quartet No. 5: I. Poco Andantino - Un poco vivo - Tempo Primo - Lento - Allegro vivace - Vivo - Presto","Villa-Lobos, H.: The Complete String Quartets","Heitor Villa-Lobos;Cuarteto Latinoamericano",2009-01-01,357133,0,false,,2020-03-12T06:01:19Z,"neoclassical,chamber music,contemporary classical","Sono Luminus",0.375,0.0906,7,-18.977,1,0.0449,0.974,0.367,0.0904,0.208,134.8,4
spotify:track:4tdNpSa9OKqvhkzkHxDnoS,"Line Without a Hook","Montgomery Ricky","Ricky Montgomery",2016-04-08,249586,0,false,,2020-03-10T08:22:47Z,"","Ricky Montgomery Records",0.428,0.645,8,-4.964,1,0.0284,0.268,0,0.258,0.503,190.032,3
spotify:track:2UxjLCoAEfrcGkOpv6SJhQ,"This December","Montgomery Ricky","Ricky Montgomery",2016-04-08,181920,0,false,,2020-03-10T01:12:12Z,"","Ricky Montgomery Records",0.658,0.873,9,-4.873,1,0.0504,0.0253,0,0.132,0.891,139.934,4
spotify:track:48tEkWJ5caBjEXHtXmTt3T,"I Don't Love You Anymore","The Honeysticks","The Honeysticks",2018-03-23,225415,0,false,,2020-03-10T00:48:07Z,"","The Honeysticks",0.684,0.553,2,-8.826,1,0.0392,0.153,0.484,0.164,0.649,120.054,4
spotify:track:6gDjre0iU1dTMyjJkOQqNP,"I Don't Love You Anymore","I Don't Love You Anymore","The Honeysticks",2018-02-09,225415,0,false,,2020-03-10T00:47:49Z,"","The Honeysticks",0.684,0.553,2,-8.826,1,0.0392,0.153,0.484,0.164,0.649,120.054,4
spotify:track:61TvY6ElUmXZRZ4PGn5hXd,"Chega De Saudade","Trio","Jimmy Rosenberg;Nomy Rosenberg",2004-03-29,227395,21,false,,2020-03-09T01:44:26Z,"swing music,french jazz","Hot Club Records",0.629,0.532,9,-8.218,1,0.0375,0.924,0.871,0.112,0.647,164.365,4
spotify:track:25xtIqksRfkr3CHwQXWG6D,"Wasso's Waltz - Alternative version","The Alternative","Jimmy Rosenberg;Biréli Lagrène;Angelo DeBarre;Svein Aarbostad",2013-03-18,164706,4,false,,2020-03-09T01:34:30Z,"swing music,french jazz,jazz fusion,jazz","Hot Club Records",0.524,0.57,7,-9.428,1,0.042,0.782,0.927,0.116,0.839,124.457,3
spotify:track:34x5AhvVgbLhebznYRBrSO,"Blue Bossa","Trio","Jimmy Rosenberg;Nomy Rosenberg",2004-03-29,218984,34,false,,2020-03-09T01:28:27Z,"swing music,french jazz","Hot Club Records",0.626,0.438,8,-10.779,1,0.0471,0.873,0.862,0.0936,0.712,82.291,4
spotify:track:1WT5I6vlWjYW2cnhR1UkVA,"Shut Up & Groove","And July","Heize;DEAN",2016-07-18,199281,46,false,,2020-03-08T22:35:13Z,"k-ballad,k-pop,k-rap","Genie Music Corporation",0.655,0.665,7,-4.785,1,0.036,0.0859,0,0.122,0.531,112.831,4
spotify:track:71WrR2qgwisH0tJZnI5xiQ,"Te Quiero","11:11","Maluma",2019-05-17,229200,51,false,,2020-03-08T03:29:30Z,"reggaeton,latin,urbano latino","Sony Music Latin",0.766,0.835,11,-3.057,0,0.0587,0.371,0,0.53,0.96,98.025,4
spotify:track:4wOmj4TdRpab8w4IGJiwJ8,"只要平凡 (電影《我不是藥神 》主題曲)","只要平凡 (電影《我不是藥神 》主題曲)","Jason Zhang;Zhang Bichen",2018-06-25,246028,0,false,,2020-03-05T05:19:06Z,"gufeng,c-pop,mandopop","北京時光遠眺文化傳媒有限公司",0.358,0.2,3,-13.074,0,0.0327,0.917,0.00000208,0.0964,0.326,173.484,3
spotify:track:77QScpB2OMJPRJqTmAyiVf,"Me No Evil","Modern Trash","Abhi The Nomad",2019-10-04,165441,38,true,,2020-03-05T03:28:03Z,"","DeepMatter",0.919,0.55,11,-13.554,0,0.0543,0.155,0.0000638,0.164,0.945,105.999,4
spotify:track:6ikeNpeQ5zBO98brvwSzN0,"Out Like a Light","Out Like a Light","The Honeysticks",2017-06-16,256018,0,false,,2020-03-03T21:58:43Z,"","The Honeysticks",0.523,0.458,11,-7.785,1,0.0275,0.171,0.00244,0.072,0.359,125.954,3
spotify:track:67EUBsc4qosGOVbaYy6TeX,"Boys Will Be Bugs","Animal Kingdom: Comet","Cavetown",2018-12-11,329049,0,true,,2020-03-03T20:23:15Z,"bedroom pop","Oat Milk",0.608,0.528,1,-11.722,1,0.0338,0.00387,0.000014,0.106,0.454,89.221,4
spotify:track:2rd4FH1cSaWGc0ZiUaMbX9,"Lover Boy","Lover Boy","Phum Viphurit",2018-03-22,236727,57,false,,2020-03-03T19:56:33Z,"bedroom pop","Rats Records",0.798,0.556,11,-8.597,1,0.0303,0.527,0.000353,0.0959,0.627,109.994,4
spotify:track:4JkKXuKp2RdbE5M7L4z19Z,"Lovesong (The Way) [feat. Bluets]","One, Violet","Charlie Burg;Bluets",2017-09-18,239523,0,false,,2020-03-03T19:35:43Z,"","Charlie Burg",0.555,0.468,9,-7.64,1,0.0592,0.399,0,0.172,0.41,113.345,3
spotify:track:2J3SR4n0YiQYCsghgeqZcB,"I Don't Miss You at All","Blood Harmony","FINNEAS",2019-10-04,128916,0,false,,2020-02-25T04:45:10Z,"","OYOY",0.838,0.316,1,-7.57,0,0.224,0.61,0.000446,0.103,0.531,148.147,4
spotify:track:04oG24PjVs59q72Id8wXFK,"Claudia","Claudia","FINNEAS",2019-02-22,161876,0,false,,2020-02-24T17:50:01Z,"","OYOY",0.812,0.447,11,-7.629,0,0.0765,0.552,0,0.323,0.703,125.075,4
spotify:track:7kQkmyoHCEqwe7QwDbkSXM,"Let's Fall in Love for the Night","Let’s Fall In Love For The Night","FINNEAS",2018-10-19,190348,3,true,,2020-02-24T06:16:25Z,"","OYOY",0.737,0.408,5,-7.941,1,0.104,0.802,0,0.171,0.374,127.921,4
spotify:track:15DeqWWQB4dcEWzJg15VrN,"Our Song","Taylor Swift","Taylor Swift",2006-10-24,201106,67,false,,2020-02-23T09:01:39Z,"","Taylor Swift",0.668,0.672,2,-4.931,1,0.0303,0.111,0,0.329,0.539,89.011,4
spotify:track:3f5kvHAeJ7JURRcWW7PZwg,"Violin Concerto No.1 in G minor, Op.26: 1. Vorspiel (Allegro moderato)","Bruch: Violin Concerto No.1 / Mendelssohn: Violin Concerto","Max Bruch;Joshua Bell;Academy of St. Martin in the Fields;Sir Neville Marriner",1988-01-01,524640,0,false,,2020-02-22T20:46:38Z,"concerto,classical,baroque,chamber music,orchestral","Universal Music Group",0.261,0.129,3,-18.432,1,0.0408,0.937,0.436,0.129,0.0662,84.81,4
spotify:track:4eeN8erNIbW2osT0knz5vT,"I Know Him","Hamilton (Original Broadway Cast Recording)","Jonathan Groff",2015-09-25,97979,66,false,,2020-02-19T21:47:55Z,"musicals","Atlantic Records",0.67,0.436,0,-8.636,1,0.364,0.649,0,0.722,0.378,121.581,4
spotify:track:6OG1S805gIrH5nAQbEOPY3,"You'll Be Back","Hamilton (Original Broadway Cast Recording)","Jonathan Groff;Original Broadway Cast of Hamilton",2015-09-25,208321,73,false,,2020-02-19T21:35:47Z,"musicals","Atlantic Records",0.607,0.466,0,-7.562,1,0.0578,0.39,0,0.135,0.434,121.741,4
spotify:track:3D4J0o9w44QKFrBrYrSVJY,"What Comes Next?","Hamilton (Original Broadway Cast Recording)","Jonathan Groff",2015-09-25,99343,67,false,,2020-02-19T21:35:38Z,"musicals","Atlantic Records",0.515,0.302,7,-10.882,1,0.079,0.603,0,0.199,0.277,114.972,4
spotify:track:2BY7ALEWdloFHgQZG6VMLA,"Brandy (You're a Fine Girl)","Looking Glass","Looking Glass",1972,189044,75,false,,2020-02-17T23:47:24Z,"yacht rock","Epic/Legacy",0.716,0.625,1,-11.369,0,0.0601,0.396,0.0000197,0.134,0.826,125.276,4
spotify:track:2gx8bumNIp9AS3JSSYekgc,"Fog in the Mirror","Modern Johnny Sings: Songs in the Age of Vibe","Theo Katzman",2020-01-10,241376,25,false,,2020-02-12T21:18:31Z,"retro soul","Ten Good Songs",0.736,0.278,3,-14.971,1,0.0517,0.884,0.184,0.111,0.259,101.927,4
spotify:track:1tTYOz9KfcXJgB1vON2DhW,"Lily of Casablanca","Modern Johnny Sings: Songs in the Age of Vibe","Theo Katzman",2020-01-10,253207,30,false,,2020-02-12T20:40:50Z,"retro soul","Ten Good Songs",0.567,0.442,0,-10.166,1,0.0968,0.71,0.00052,0.103,0.691,88.178,4
spotify:track:5LuKNChOEWdDAGKlm8hu4a,"100 Years from Now","Modern Johnny Sings: Songs in the Age of Vibe","Theo Katzman",2020-01-10,274703,26,false,,2020-02-12T20:33:04Z,"retro soul","Ten Good Songs",0.708,0.332,4,-10.698,1,0.12,0.774,0.000272,0.17,0.448,80.04,4
spotify:track:1n11viwoaXFWfC9uZ1NFqb,"""Best""","Modern Johnny Sings: Songs in the Age of Vibe","Theo Katzman",2020-01-10,219251,35,true,,2020-02-12T20:28:01Z,"retro soul","Ten Good Songs",0.681,0.692,4,-7.878,0,0.125,0.211,0.000138,0.153,0.766,93.96,4
spotify:track:1U1OeyPu6frcUUrSZ14PjH,"What Did You Mean (When You Said Love)","Modern Johnny Sings: Songs in the Age of Vibe","Theo Katzman",2020-01-10,275986,40,false,,2020-02-11T23:08:26Z,"retro soul","Ten Good Songs",0.819,0.44,6,-10.801,1,0.178,0.213,0.0364,0.102,0.814,116.717,4
spotify:track:3iJya7m7trpGv570Ske30n,"I Hear a Symphony","Flying","Cody Fry",2017-10-06,185176,0,false,,2020-02-11T22:38:09Z,"","Cody Fry",0.207,0.243,10,-8.181,1,0.0306,0.925,0.0342,0.118,0.394,171.648,4
spotify:track:5QJuMhGWTUB4t9BqR7ndL3,"Make Me Your Queen","What Do You Think About the Car?","Declan McKenna",2017-04-21,221352,52,false,,2020-02-11T22:29:49Z,"","Columbia",0.491,0.666,2,-6.42,1,0.0317,0.00146,0.00000129,0.104,0.26,125.041,4
spotify:track:42H6GeQfrBkT3vTUTdpB1M,"Please Never Fall in Love Again","Songs from the Swamp","Ollie MN",2017-09-24,154000,51,false,,2020-02-11T22:22:39Z,"","667470 Records DK",0.646,0.0828,10,-16.205,1,0.0435,0.838,0.000012,0.0934,0.293,108.826,4
spotify:track:7ipHx0jgei0eK8xn3xoKIL,"Debussy: Piano Trio in G Major, CD 5, L. 5: III. Andante espressivo","Debussy: Sonates & Trios","Claude Debussy;Renaud Capuçon;Edgar Moreau;Bertrand Chamayou",2017-11-03,227333,41,false,,2020-02-09T20:43:35Z,"impressionism,classical,classical piano,chamber music","Warner Classics",0.122,0.0963,0,-21.942,1,0.0375,0.962,0.666,0.166,0.133,83.662,4
spotify:track:43ddJFnP8m3PzNJXiHuiyJ,"The Way I Am","Girls and Boys","Ingrid Michaelson",2007-01-01,135386,52,false,,2020-02-09T20:32:05Z,"","Ingrid Michaelson",0.877,0.259,5,-9.302,1,0.0427,0.771,0.00000898,0.108,0.32,119.989,4
spotify:track:1tGRfoeKD06YvZr6l3uwEk,"Pulaski","Are You Serious (Deluxe Edition)","Andrew Bird",2016-01-01,242146,39,false,,2020-02-09T20:14:51Z,"baroque pop,indie folk","Loma Vista",0.453,0.717,7,-7.724,1,0.0753,0.174,0.00243,0.12,0.393,111.023,4
spotify:track:2bOqEAbpUbCNeZmkUDJQo2,"Lullaby for String Quartet","Gershwin & Kern","George Gershwin;Alexander String Quartet",2012-08-14,431293,27,false,,2020-02-09T20:07:19Z,"ragtime,chamber music","FoghornClassics.com",0.152,0.0667,7,-23.263,1,0.039,0.964,0.471,0.0886,0.0686,96.057,3
spotify:track:4EWBhKf1fOFnyMtUzACXEc,"Pluto Projector","Pony","Rex Orange County",2019-10-25,267518,76,false,,2020-02-09T20:02:36Z,"bedroom pop","Rex Orange County",0.379,0.219,5,-11.196,1,0.0307,0.707,0.000691,0.118,0.188,79.786,4
spotify:track:3afeZ81GDy59tATovKyH6Z,"I Know You Know","Esperanza","Esperanza Spalding",2008-01-01,225200,55,false,,2020-02-09T20:00:01Z,"vocal jazz,jazz,jazz pop","Heads Up",0.578,0.438,2,-11.483,0,0.0696,0.737,0.00877,0.097,0.79,89.083,4
spotify:track:2jdAk8ATWIL3dwT47XpRfu,"Slow Dancing in a Burning Room","Continuum","John Mayer",2006-09-11,241946,74,false,,2020-02-09T19:49:08Z,"singer-songwriter","Aware/Columbia",0.667,0.361,1,-8.69,0,0.0273,0.575,0.00506,0.0805,0.29,134.018,5
spotify:track:0QLMAhZQACGtzi11XZVa6A,"Lonely Town","Hill Climber","Vulfpeck;Theo Katzman",2018-12-07,174614,40,false,,2020-02-06T07:12:19Z,"funk,funk rock,retro soul","Vulf Records",0.908,0.644,7,-7.964,1,0.0429,0.065,0.00000303,0.123,0.96,100.401,4
spotify:track:6GzMz3s0K1YKwRVI36CgRx,"Liebestraume, S541/R211 : No. 3: Nocturne in A-Flat Major","Liszt: Scherzo and March / 3 Liebestraume / Berceuse","Franz Liszt;Jenő Jandó",1998-03-05,270000,66,false,,2020-02-06T03:16:46Z,"classical piano,classical","Naxos",0.343,0.0342,8,-25.591,1,0.0406,0.991,0.92,0.1,0.0378,60.228,3
spotify:track:0k664IuFwVP557Gnx7RhIl,"Juice","Cuz I Love You","Lizzo",2019-04-19,195144,67,true,,2020-02-06T03:16:44Z,"","Nice Life/Atlantic",0.767,0.889,7,-2.988,1,0.0963,0.00611,0,0.402,0.843,119.93,4
spotify:track:2nGFzvICaeEWjIrBrL2RAx,"Put Your Records On","Corinne Bailey Rae","Corinne Bailey Rae",2006-01-01,215360,81,false,,2020-02-06T00:23:07Z,"","EMI Records",0.739,0.511,9,-7.844,1,0.0362,0.167,0.00000134,0.133,0.542,96.038,4
spotify:track:3s9eWdn8IymCPvVLcKpjww,"The Moon Song","The Moon Song","beabadoobee;Oscar Lang",2017-11-06,141040,62,false,,2020-02-05T23:32:39Z,"bedroom pop","Dirty Hit",0.405,0.0854,0,-15.488,1,0.0336,0.968,0.0121,0.139,0.148,93.768,4
spotify:track:5eHL6qb571tjlNrcYeVhRg,"Alborado Del Gracioso","Spanish Rhapsody","Maurice Ravel;John Novacek",1995-01-01,441106,0,false,,2020-02-05T21:34:56Z,"impressionism,classical,classical piano,neoclassical,ragtime,minimalism","Ambassador",0.408,0.0698,2,-26.153,1,0.0438,0.992,0.874,0.106,0.0417,126.044,4
spotify:track:4bFVSHcI8wpIY4qBskfMcx,"Ravel: String Quartet, M. 35: I. Allegro moderato - Très doux","Debussy, Fauré & Ravel: String Quartets","Maurice Ravel;Quatuor Ébène",2008-10-06,530026,30,false,,2020-02-05T19:59:04Z,"impressionism,classical,classical piano,neoclassical,chamber music","Warner Classics",0.265,0.0689,5,-23.884,1,0.049,0.959,0.76,0.0891,0.041,117.922,4
spotify:track:2Oq7phiwlXV5VfMEreF6CH,"Debussy: String Quartet in G Minor, Op. 10, CD 91, L. 85: III. Andantino. Doucement expressif","Debussy, Fauré & Ravel: String Quartets","Claude Debussy;Quatuor Ébène",2008-10-06,498746,22,false,,2020-02-05T19:35:23Z,"impressionism,classical,classical piano,chamber music","Warner Classics",0.0646,0.0177,6,-27.249,1,0.0586,0.96,0.532,0.0533,0.0345,65.458,4
spotify:track:5tTg7b0ifo0L8YcazqE9DE,"Debussy: String Quartet in G Minor, Op. 10, CD 91, L. 85: II. Assez vif et bien rythmé","Debussy, Fauré & Ravel: String Quartets","Claude Debussy;Quatuor Ébène",2008-10-06,241506,22,false,,2020-02-05T19:35:18Z,"impressionism,classical,classical piano,chamber music","Warner Classics",0.39,0.183,5,-20.803,0,0.0749,0.94,0.245,0.088,0.127,160.337,3
spotify:track:1teZCnh8MDg8aF691vPsfr,"String Quartet in F Major, M. 35: I. Allegro moderato, tres doux","Ravel: String Quartet in F major - Bartok: String Quartet No. 4","Maurice Ravel;Cavani Quartet",2010-04-14,530866,0,false,,2020-02-05T18:15:14Z,"impressionism,classical,classical piano,neoclassical,chamber music,expressionism","Azica Records",0.244,0.0929,5,-25.626,1,0.0551,0.951,0.695,0.145,0.0686,130.32,4
spotify:track:0mwn1hTGqC0luXpwI9EG3G,"Hungarian Rhapsody No. 6 in D-Flat Major, S. 244/6","Liszt: Piano Concerto No.1; Piano Sonata in B","Franz Liszt;Martha Argerich",2000-01-01,382266,32,false,,2020-02-05T17:03:05Z,"classical piano,classical,chamber music,impressionism,concerto","Deutsche Grammophon (DG)",0.413,0.281,1,-14.297,1,0.0527,0.99,0.89,0.159,0.19,126.707,4
spotify:track:7CvR8DSomV77wXjapVVYs5,"Miroirs, M. 43: IV. Alborada del gracioso, M. 43c","Ravel: Alborada del Gracioso; La Valse; Rhapsodie Espagnole etc.","Maurice Ravel;Sherman Walt;Boston Symphony Orchestra;Seiji Ozawa",2000-01-01,457853,13,false,,2020-02-04T21:04:54Z,"impressionism,classical,classical piano,neoclassical,chamber music,orchestral,concerto","Deutsche Grammophon (DG)",0.287,0.0816,2,-21.546,1,0.0478,0.942,0.794,0.072,0.095,118.274,4
spotify:track:4VywXu6umkIQ2OS0m1I79y,"Better Together","In Between Dreams","Jack Johnson",2005-01-01,207680,72,false,,2020-01-18T11:08:15Z,"surf rock","Jack Johnson",0.868,0.347,5,-9.529,1,0.0536,0.308,0.00002,0.11,0.659,110.059,4
spotify:track:7jJH8F3PHlNvxfqEAAfFDl,"I Choose You","The Blessed Unrest","Sara Bareilles",2013-07-16,218693,58,false,,2020-01-18T11:07:45Z,"","Epic",0.731,0.572,6,-7.889,0,0.0445,0.105,0.00012,0.133,0.947,154.038,4
spotify:track:4oa14QBfWRDfJy2agySy0L,"Gravity","Little Voice","Sara Bareilles",2007-07-03,233021,62,false,,2020-01-18T11:06:06Z,"","Epic",0.27,0.275,0,-10.357,1,0.0356,0.834,0,0.146,0.231,168.964,4
spotify:track:14py9btSdtwWqZiZ2xN6YM,"My Same","19","Adele",2008-01-28,195653,0,false,,2020-01-18T11:04:54Z,"soft pop","XL Recordings",0.774,0.594,4,-7.461,0,0.155,0.475,0,0.145,0.705,126.566,4
spotify:track:2IF2XQ095Qqf6tBL9Y4vZn,"Right As Rain","19","Adele",2008-01-28,197346,0,false,,2020-01-18T11:03:03Z,"soft pop","XL Recordings",0.842,0.678,1,-5.878,1,0.0849,0.775,0,0.0891,0.92,137.194,4
spotify:track:71WAtDcWVYMoCsblD2uQXx,"Chasing Pavements","19","Adele",2008-01-28,210506,0,false,,2020-01-18T11:00:10Z,"soft pop","XL Recordings",0.621,0.473,5,-6.07,0,0.0251,0.312,0,0.11,0.325,80.027,4
spotify:track:6P7tTFzn6oNa0GL8w8oazE,"Make You Feel My Love","19","Adele",2008-01-28,212040,0,false,,2020-01-18T10:58:07Z,"soft pop","XL Recordings",0.552,0.18,10,-10.583,1,0.0293,0.894,0.000393,0.105,0.0896,76.995,4
spotify:track:3G5lnZl6dZOSmTfs3YEa3r,"Sentimientos","Tango Project Volume II: New-Tango","Tango Project",2004,272626,39,false,,2020-01-18T10:57:38Z,"tango","Pimienta Records",0.569,0.585,5,-6.571,0,0.0493,0.362,0.119,0.0983,0.624,81.988,4
spotify:track:4rMNgxEwGWoPHIUcvB5BrB,"It Will Rain","It Will Rain","Bruno Mars",2011-09-27,257847,69,false,,2020-01-18T10:52:11Z,"","Elektra (NEK)",0.574,0.824,2,-6.885,1,0.0463,0.359,0,0.0816,0.434,149.981,4
spotify:track:3G5iN5QBqMeXx3uZPy8tgB,"Young Girls","Unorthodox Jukebox","Bruno Mars",2012-12-07,228720,70,false,,2020-01-18T10:51:53Z,"","Atlantic Records",0.561,0.749,6,-4.951,0,0.032,0.461,0.00000182,0.205,0.501,125.986,4
spotify:track:2mrZYZGmPFV3QOyYPZ1zsn,"Straight up & Down","24K Magic","Bruno Mars",2016-11-17,198186,65,false,,2020-01-18T10:51:18Z,"","Atlantic Records",0.552,0.733,3,-6.898,0,0.0933,0.0209,0,0.0858,0.643,143.56,4
spotify:track:0mBKv9DkYfQHjdMcw2jdyI,"Chunky","24K Magic","Bruno Mars",2016-11-17,186973,73,false,,2020-01-18T10:50:50Z,"","Atlantic Records",0.571,0.539,5,-4.446,0,0.116,0.0208,0,0.125,0.727,202.103,4
spotify:track:4wBNOI4n0rVeIKP8mZGmpJ,"The Truth","More Shine","Si*Sé",2005-01-01,234480,31,false,,2020-01-18T10:48:24Z,"afro-cuban jazz,latin alternative","Fuerte Records",0.557,0.523,1,-7.382,0,0.026,0.427,0.0000973,0.0506,0.219,179.88,3
spotify:track:7rIxY4Z9EkztUGsHt30KTs,"Caminhos De Cuba","Esquina Do Tempo","De Aquino Luiz",2005-09-30,193013,26,false,,2020-01-18T10:47:23Z,"lullaby","Taklit",0.731,0.438,11,-14.106,0,0.0524,0.349,0.00214,0.114,0.764,100.091,4
spotify:track:3ArMUMoh4QMxiG044fEe6G,"Mariposa En Havana","More Shine","Si*Sé",2005-01-01,276600,38,false,,2020-01-18T10:33:17Z,"afro-cuban jazz,latin alternative","Fuerte Records",0.825,0.524,1,-6.698,1,0.0301,0.216,0.0064,0.0764,0.344,95.994,4
spotify:track:1KbhFmBQNnSsb5CnO0I36O,"Rachmaninoff: Rachmaninov: Symphony No.2 in E minor, Op.27: 3. Adagio","Relaxing Rachmaninov","Valery Gergiev;Mariinsky Orchestra",2019-12-20,220370,6,false,,2020-01-16T00:02:51Z,"classical,ballet,opera,orchestral","UME - Global Clearing House",0.159,0.0221,9,-26.145,1,0.0437,0.975,0.456,0.114,0.0369,131.708,3
spotify:track:3I7uuT1p0nDLkW2ctKoWf0,"Into The Fire","The Invitation","Thirteen Senses",2005,218773,45,false,,2020-01-15T00:46:43Z,"","EMI",0.391,0.63,3,-6.764,0,0.0274,0.0437,0.00115,0.113,0.134,174.04,4
spotify:track:77O56OCO4RJc0y2GrPzO0x,"Suite for 2 Violins & Piano, Op. 71: No. 1, Allegro energico","Moszkowski: Works for Violin & Piano","Moritz Moszkowski;Nazrin Rashidova;Daniel Grimwood",2015-12-04,287213,0,false,,2020-01-14T08:38:04Z,"classical piano,chamber music","Naxos",0.263,0.179,3,-17.606,1,0.0438,0.971,0.727,0.21,0.272,94.127,4
spotify:track:4RUKTGXjyRM3wdksLgC6Ca,"Prelude in G Minor, Op. 23, No. 5 - Live at Philharmonie, Berlin, 2018","Rachmaninov: Prelude in G Minor, Op. 23, No. 5 (Live at Philharmonie, Berlin / 2018)","Sergei Rachmaninoff;Yuja Wang",2018-10-26,232786,54,false,,2020-01-14T08:17:49Z,"classical,classical piano,concerto,impressionism","Deutsche Grammophon (DG)",0.394,0.216,7,-16.566,0,0.0348,0.993,0.896,0.1,0.176,113.596,4
spotify:track:4H7WNRErSbONkM06blBoGc,"Stay","beerbongs & bentleys","Post Malone",2018-04-27,204426,70,true,,2020-01-03T06:38:13Z,"","Republic Records",0.506,0.48,5,-5.418,1,0.0266,0.449,0,0.147,0.351,86.042,4
spotify:track:60zxdAqWtdDu0vYsbXViA7,"FANCY","FANCY YOU","TWICE",2019-04-22,213885,1,false,,2020-01-02T10:56:14Z,"k-pop","JYP Entertainment",0.699,0.866,5,-2.138,0,0.0446,0.0132,0,0.648,0.795,132.023,4
spotify:track:6fTdcGsjxlAD9PSkoPaLMX,"Sunday Candy","Surf","Nico Segal",2015-06-30,226013,60,false,,2019-12-30T02:24:01Z,"","Donnie Trumpet & The Social Experiment",0.511,0.596,0,-6.56,1,0.224,0.53,0,0.0798,0.554,158.063,4
spotify:track:1q92VK8LAZqAW6EtficqFq,"I Luv U Luv","Clean With Passion For Now, Pt. 3 (Original Television Soundtrack)","Yu Seung Woo",2018-12-10,191533,4,false,,2019-12-26T06:17:53Z,"k-ballad","WM Korea",0.671,0.769,9,-3.262,1,0.0686,0.43,0,0.227,0.604,104.011,4
spotify:track:0morPAvjoJrjSDFkdgI6tC,"Dream","Dream","Yu Seung Woo",2018-12-19,249948,3,false,,2019-12-26T06:06:56Z,"k-ballad","Starship Entertainment",0.481,0.352,7,-9.114,1,0.0281,0.756,0,0.109,0.336,92.38,3
spotify:track:129lYDVKnWtlJc2PZJviuA,"A Dios Le Pido","Un Día Normal","Juanes",2002-01-01,205373,74,false,,2019-12-26T05:54:20Z,"latin pop,colombian pop,rock en español","Int'l Latin America",0.673,0.84,7,-3.564,1,0.0559,0.0683,0,0.0965,0.94,97.027,4
spotify:track:18mmN3VrFWRi6SsSBJf6WJ,"Pasos de cero","Terral","Pablo Alborán",2014-11-10,234373,69,false,,2019-12-26T05:49:48Z,"latin pop","Parlophone Spain",0.749,0.637,7,-6.924,1,0.0764,0.308,0,0.0878,0.798,99.951,4
spotify:track:3ml3WB66sqG4kXoPBX2POA,"Janet","Berhana","Berhana",2016-07-21,204000,45,true,,2019-12-26T05:16:02Z,"alternative r&b","Berhana",0.81,0.308,0,-8.194,1,0.0818,0.354,0,0.0899,0.56,120.012,4
spotify:track:4EpZ4eYuZOwPSSwyqpdHnJ,"Sunflower","Sunflower","Rex Orange County",2017-03-22,252230,1,true,,2019-12-26T05:12:18Z,"bedroom pop","Rex Orange County",0.384,0.765,6,-4.463,1,0.0579,0.646,0.00352,0.522,0.567,129.903,4
spotify:track:4KykoaJQ5UxjCpp3lYkvTE,"Liquor Store Blues (feat. Damian Marley)","Doo-Wops & Hooligans","Bruno Mars;Damian Marley",2010-05-11,229383,64,false,,2019-12-26T05:00:48Z,"reggae,ragga,roots reggae","Atlantic Records",0.691,0.828,1,-3.909,0,0.0749,0.113,0,0.358,0.678,75.519,4
spotify:track:5Vn4xVv8UPJb7YPRbKliZA,"Weather Is Warm","A Safety Meeting","Manwolves",2018-09-14,244606,0,false,,2019-12-17T15:22:14Z,"","Manwolves",0.538,0.786,2,-4.397,1,0.0564,0.152,0,0.0686,0.548,158.011,4
spotify:track:5V9H9J5GcUGY5ig029g5OU,"Shkleepy","A Safety Meeting","Manwolves",2018-09-14,176980,0,true,,2019-12-17T15:21:55Z,"","Manwolves",0.605,0.822,8,-5.117,1,0.115,0.119,0,0.0477,0.727,159.963,4
spotify:track:7fwVsJs4gms8xUK6LCMfoe,"Fisherman's Friend","A Safety Meeting","Manwolves",2018-09-14,289629,0,true,,2019-12-17T15:19:04Z,"","Manwolves",0.578,0.716,5,-4.099,0,0.0291,0.288,0,0.161,0.763,170.007,4
spotify:track:6NyhBA9M6KK0fuVsojxL00,"January 28th","2014 Forest Hills Drive","J. Cole",2014-12-09,242813,0,true,,2019-12-17T15:14:27Z,"rap","Roc Nation/Columbia",0.478,0.546,5,-8.59,1,0.354,0.26,0,0.0951,0.373,79.237,4
spotify:track:6cQSR4chKDTFhlCT2MuNwq,"Hate (I Really Don't Like You)","Every Second Counts","Plain White T's",2006,224853,48,false,,2019-12-17T14:58:25Z,"","Hollywood Records",0.448,0.814,1,-4.601,0,0.0337,0.00145,0,0.104,0.523,161.93,4
spotify:track:0oPOuDmmkVp3h6puekhs6P,"Use This Gospel","JESUS IS KING","Kanye West;Clipse;Kenny G",2019-10-25,213877,61,false,,2019-12-14T19:57:15Z,"rap,smooth jazz,christmas","Getting Out Our Dreams II / Def Jam Recordings",0.611,0.459,0,-3.926,0,0.0422,0.614,0,0.126,0.177,148.28,4
spotify:track:3lGMtkONrZdJ8kTCg6KIFf,"Hasta la Raíz","Hasta la Raíz (Edición Especial)","Natalia Lafourcade",2015-11-13,221800,79,false,,2019-12-02T20:52:49Z,"latin folk,bolero,latin indie,latin alternative,latin folklore","RCA Records Label",0.585,0.643,3,-8.392,1,0.0395,0.201,0.000306,0.144,0.592,152.98,3
spotify:track:7sZi8RCDaoMw9T0AU0iah4,"Hasta Que Te Conocí","Mi Historia Musical - Juan Gabriel","Juan Gabriel",2016-08-26,433533,0,false,,2019-12-02T19:42:38Z,"mariachi,ranchera,bolero,música mexicana","RCA Records Label",0.33,0.306,2,-10.277,0,0.033,0.756,0.00000137,0.0695,0.189,170.049,4
spotify:track:5NSmVuhSf3JxrCewijurpf,"The Giving Tree","Should've Gone to Bed - EP","Plain White T's",2013-04-09,186433,46,false,,2019-12-02T19:25:41Z,"","Humans Were Here",0.566,0.597,8,-10.814,1,0.037,0.832,0,0.252,0.873,151.361,4
spotify:track:3CE3PYF64qJBjq54Uf9ZiW,"Our Time Now","Every Second Counts","Plain White T's",2006,170213,53,false,,2019-12-02T19:25:09Z,"","Hollywood Records",0.563,0.912,0,-4.432,1,0.0333,0.00989,0.0000039,0.369,0.939,102.979,4
spotify:track:3b7qbD31EiL3v7tLAMxLhb,"Connect The Dots","Phantom Pop","Wild Party",2014-10-07,216133,31,false,,2019-12-02T19:24:25Z,"","Fearless Records",0.571,0.73,2,-5.06,1,0.032,0.00166,0,0.0839,0.383,130.088,4
spotify:track:4tD8id6AMijRVKsbv47JWT,"Roses","Roses","Manwolves",2017-06-01,193947,0,false,,2019-11-28T04:01:19Z,"","Manwolves",0.738,0.511,11,-6.719,0,0.0679,0.141,0,0.0498,0.75,81.632,4
spotify:track:40zttuJel1Pp0TI2Z6G70R,"Shreddy Krueger","Shreddy Krueger","Manwolves",2017-04-27,180937,0,true,,2019-11-28T03:59:58Z,"","Manwolves",0.476,0.661,0,-5.435,0,0.116,0.166,0,0.158,0.712,162.164,4
spotify:track:7BaDRi8gmRnOducT6KaOfc,"Put a Flower in Your Pocket","Yours, Dreamily,","The Arcs",2015-08-28,235320,56,false,,2019-11-28T03:45:31Z,"","Nonesuch",0.492,0.378,6,-9.288,0,0.037,0.00146,0.0000129,0.111,0.428,126.402,4
spotify:track:1KdGSnUj7Zr1XdTbyuSr7T,"Freaking Out","Freaking Out","The Wrecks",2019-06-21,199840,0,false,,2019-11-28T03:45:25Z,"","Big Noise Music Group",0.549,0.865,1,-3.486,0,0.0625,0.000482,0,0.0512,0.434,140.017,4
spotify:track:2RlgNHKcydI9sayD2Df2xp,"Mr. Blue Sky","Out of the Blue","Electric Light Orchestra",1977,303820,81,false,,2019-11-28T03:44:03Z,"art rock,soft rock","Epic/Legacy",0.388,0.338,10,-10.054,1,0.0329,0.652,0.00000373,0.248,0.478,177.765,4
spotify:track:0KKkJNfGyhkQ5aFogxQAPU,"That's What I Like","24K Magic","Bruno Mars",2016-11-17,206693,91,false,,2019-11-28T03:40:17Z,"","Atlantic Records",0.853,0.56,1,-4.961,1,0.0406,0.013,0,0.0944,0.86,134.066,4
spotify:track:6Kkt27YmFyIFrcX3QXFi2o,"Liability","Melodrama","Lorde",2017-06-16,171727,69,false,,2019-11-28T03:39:51Z,"","Universal Music New Zealand Limited",0.587,0.229,10,-11.254,0,0.128,0.92,0,0.1,0.379,75.67,4
spotify:track:57Xjny5yNzAcsxnusKmAfA,"Reptilia","Room On Fire","The Strokes",2003-10-28,219826,76,false,,2019-11-28T03:39:20Z,"garage rock,indie rock,alternative rock","RCA Records Label",0.489,0.649,9,-5.11,1,0.0336,0.000603,0.713,0.101,0.77,158.009,4
spotify:track:5QyNvhoW9N0xzrzc5uNZKc,"Sweet Pea","French Fries & Champagne","The Hot Sardines",2016-06-17,141640,45,false,,2019-11-23T16:21:23Z,"swing music,jazz","Decca Crossover",0.609,0.144,5,-14.034,1,0.0475,0.872,0.0000427,0.307,0.314,103.879,4
spotify:track:5wWxUdgn2OugIOvLJOdreH,"Lo Que Construimos","Hasta la Raíz (Edición Especial)","Natalia Lafourcade",2015-11-13,279213,70,false,,2019-11-19T21:13:47Z,"latin folk,bolero,latin indie,latin alternative,latin folklore","RCA Records Label",0.667,0.287,0,-9.718,1,0.0334,0.769,0.00000361,0.106,0.545,127.981,4
spotify:track:2dEVAvwPAJrWFErXxREGVX,"Eres Tú","Déjenme Llorar","Carla Morrison",2012-03-27,228253,1,false,,2019-11-19T07:10:55Z,"latin indie","Carla Morrison Musica/Cosmica Records",0.618,0.307,2,-10.875,1,0.046,0.806,0,0.108,0.458,188.115,4
spotify:track:00NxCtvQTy3wkSvpaKEyKe,"Paper Doll","Paper Doll","The Mills Brothers",1992-01-01,157133,31,false,,2019-11-19T07:10:25Z,"big band,adult standards,swing music","Geffen",0.612,0.139,5,-13.529,1,0.0885,0.956,0.00449,0.0925,0.489,163.557,4
spotify:track:7Lf7oSEVdzZqTA0kEDSlS5,"Cry Me a River","Justified","Justin Timberlake",2002-11-04,288333,77,false,,2019-11-16T22:57:11Z,"","Jive",0.624,0.654,8,-6.582,0,0.183,0.577,0,0.104,0.564,73.898,4
spotify:track:6DcDdDevI94Dh4vc5anXBE,"Wild Wild Love (feat. G.R.L.)","Wild Wild Love (feat. G.R.L.)","Pitbull;G.R.L.",2014-02-25,202197,40,false,,2019-11-16T22:57:05Z,"","Mr.305/Polo Grounds Music/RCA Records",0.645,0.732,2,-5.874,1,0.0482,0.0136,0,0.513,0.336,120.06,4
spotify:track:1XEp2bsuOuotArgA1CHeOE,"Maybe We Are 어쩌면 우린","The Third Charm 제3의 매력 (Original Television Soundtrack), Pt. 2","Jo Sung Mo",2018-10-05,240696,0,false,,2019-11-16T22:26:00Z,"k-ballad","MOST CONTENTS",0.247,0.511,8,-5.881,1,0.0371,0.764,0,0.143,0.219,177.881,4
spotify:track:0Tel1fmuCxEFV6wBLXsEdk,"Kiss Me","+","Ed Sheeran",2011-09-09,280853,66,false,,2019-11-16T22:25:59Z,"soft pop","Atlantic Records UK",0.589,0.227,2,-16.67,1,0.0498,0.64,0.00469,0.0248,0.182,74.993,4
spotify:track:6TpYsxlMSp4OKckvNyPAmt,"풋사랑","Lovers in Paris (Original Television Soundtrack)","명인희",2004-06-25,205963,9,false,,2019-11-16T20:59:17Z,"","오감엔터테인먼트",0.573,0.619,4,-7.051,1,0.0327,0.602,0.000133,0.445,0.801,159.962,4
spotify:track:4HoKID7WfyNBFp0Pk4G8gx,"To Heaven","No.1","Jo Sung Mo;Yu Seung Woo",2019-03-30,275440,0,false,,2019-11-16T20:57:34Z,"k-ballad","코엔미디어",0.367,0.333,11,-9.246,1,0.0434,0.808,0,0.187,0.188,135.58,4
spotify:track:72cdYcriYaCOBzxTu42YfH,"너의 곁으로","Lovers in Paris (Original Television Soundtrack)","Jo Sung Mo",2004-06-25,249352,41,false,,2019-11-16T20:57:18Z,"k-ballad","오감엔터테인먼트",0.592,0.737,3,-6.194,0,0.0337,0.0474,0,0.0979,0.846,127.985,4
spotify:track:1huvTbEYtgltjQRXzrNKGi,"Don't","x (Deluxe Edition)","Ed Sheeran",2014-06-21,219840,71,false,,2019-11-16T20:49:06Z,"soft pop","Atlantic Records UK",0.806,0.608,1,-7.008,1,0.0659,0.0113,0,0.635,0.849,95.049,4
spotify:track:6urCAbunOQI4bLhmGpX7iS,"Don't Speak","Tragic Kingdom","No Doubt",1995-10-10,263560,82,false,,2019-11-16T20:47:02Z,"","Trauma",0.52,0.709,5,-7.125,0,0.0352,0.247,0.0000178,0.18,0.536,76.039,4
spotify:track:5zA8vzDGqPl2AzZkEYQGKh,"Uptown Girl","An Innocent Man","Billy Joel",1983-08-08,198294,83,false,,2019-11-16T20:43:17Z,"soft rock","Columbia",0.701,0.944,4,-2.986,1,0.0455,0.0755,0,0.601,0.792,128.993,4
spotify:track:0nJW01T7XtvILxQgC5J7Wh,"When I Was Your Man","Unorthodox Jukebox","Bruno Mars",2012-12-07,213826,89,false,,2019-11-16T20:38:52Z,"","Atlantic Records",0.612,0.28,0,-8.648,1,0.0434,0.932,0,0.088,0.387,72.795,4
spotify:track:7lXOqE38eCr979gp27O5wr,"If I Knew","Unorthodox Jukebox","Bruno Mars",2012-12-07,132640,72,false,,2019-11-16T20:01:02Z,"","Atlantic Records",0.522,0.413,3,-5.86,1,0.0316,0.722,0,0.0854,0.49,175.972,3
spotify:track:5BmKRyAjCnvkko7Ms00YtA,"Our First Time","Doo-Wops & Hooligans","Bruno Mars",2010-05-11,243004,60,false,,2019-11-16T20:00:28Z,"","Atlantic Records",0.709,0.45,9,-8.267,0,0.0428,0.419,0,0.241,0.873,77.986,4
spotify:track:1ExfPZEiahqhLyajhybFeS,"The Lazy Song","Doo-Wops & Hooligans","Bruno Mars",2010-05-11,189109,76,false,,2019-11-16T19:59:57Z,"","Atlantic Records",0.794,0.711,8,-5.124,0,0.0699,0.3,0,0.0955,0.955,174.915,4
spotify:track:1uexV2mYuZmLhVz4G5LUZv,"Funhouse","Funhouse (Expanded Edition)","P!nk",2008-10-24,204626,58,true,,2019-11-16T19:58:42Z,"","LaFace Records",0.792,0.864,11,-3.04,0,0.0338,0.00503,0.00000164,0.0375,0.832,103.932,4
spotify:track:0ZTjo2BjVAicpu6LRusfeg,"Lemon Boy","Lemon Boy","Cavetown",2018-01-01,272902,0,false,,2019-11-16T19:56:21Z,"bedroom pop","Cavetown",0.507,0.478,4,-10.054,1,0.0396,0.184,0.00000162,0.0891,0.318,139.927,4
spotify:track:6MdqqkQ8sSC0WB4i8PyRuQ,"No Diggity","Another Level","Blackstreet;Dr. Dre;Queen Pen",1996-09-09,304600,80,false,,2019-11-16T19:51:27Z,"new jack swing,old school hip hop,g-funk,gangster rap,west coast hip hop,hip hop,rap","Interscope",0.867,0.646,1,-4.674,0,0.288,0.303,0,0.279,0.67,88.634,4
spotify:track:12q3V8ShACq2PSWINMc2rC,"It's Too Late","Tapestry","Carole King",1971,233552,75,false,,2019-11-14T17:03:26Z,"singer-songwriter,folk rock","Ode/Epic/Legacy",0.45,0.442,9,-12.718,0,0.0353,0.493,0.00564,0.134,0.812,208.282,4
spotify:track:67V2lL3sY4nw0bqeEEp72i,"Never Want to Say It's Love","Safe Trip Home","Dido",2008-11-14,215453,35,false,,2019-11-14T03:20:11Z,"","Cheeky Records",0.728,0.402,6,-13.715,0,0.0412,0.224,0.000687,0.174,0.66,132.999,4
spotify:track:3FrGJ16ee3RS6Ly8n5QL5v,"Shameless","Here We Stand","The Fratellis",2008-01-01,235506,18,false,,2019-11-14T03:17:28Z,"","Universal-Island Records Ltd.",0.392,0.942,4,-3.466,1,0.0511,0.0015,0,0.341,0.544,142.954,4
spotify:track:3Am0IbOxmvlSXro7N5iSfZ,"Strawberry Fields Forever - Remastered 2009","Magical Mystery Tour (Remastered)","The Beatles",1967-11-27,247320,70,false,,2019-11-13T15:58:41Z,"classic rock,psychedelic rock","EMI Catalogue",0.39,0.502,10,-12.277,1,0.178,0.336,0.000129,0.0713,0.289,97.873,4
spotify:track:3iYqbp7fOmdZPN5puwcnRM,"Don't Wanna Dance (feat. A$AP Ferg)","Don't Wanna Dance (feat. A$AP Ferg)","Elle Varner;A$AP Ferg",2014-07-15,257333,27,true,,2019-11-06T12:48:18Z,"rap","RCA Records Label",0.499,0.847,6,-5.221,1,0.393,0.275,0,0.175,0.831,171.156,4
spotify:track:6ZyNjT2hYvfV5PuW84dp1E,"1 Thing","Playlist: The Very Best Of Amerie","Amerie",2008,238746,53,false,,2019-11-06T12:42:50Z,"","Columbia/Legacy",0.636,0.946,10,-4.683,0,0.332,0.115,0.0000375,0.0416,0.891,125.085,5
spotify:track:3lpnEuEJeoYiRdmcM2yFwi,"Whoever You Are","Living Room","Lawrence",2018-09-14,237586,17,false,,2019-10-19T02:59:23Z,"pop soul,retro soul,christmas","Same Wavelength LLC",0.461,0.712,8,-5.042,1,0.0462,0.581,0.00378,0.107,0.51,85.195,4
spotify:track:1AChikBlmJjxaiRndgRpLb,"Tzigane","Maxim Vengerov: Debut Album","Maxim Vengerov;Irina Vinogradova",1993,569800,0,false,,2019-10-12T20:49:06Z,"concerto,classical","Biddulph",0.392,0.128,2,-20.257,1,0.0505,0.95,0.46,0.105,0.115,127.912,4
spotify:track:0V6V6fwKxTHDrsLLmgW432,"Tchaikovsky: Violin Concerto in D Major, Op. 35: I. Allegro moderato","Tchaikovsky: Violin Concerto & Sérénade mélancolique","Pyotr Ilyich Tchaikovsky;Itzhak Perlman;Eugene Ormandy;Philadelphia Orchestra",2015-08-28,1160280,38,false,,2019-10-12T20:31:25Z,"ballet,classical,orchestral,concerto,chamber music","Warner Classics",0.314,0.172,2,-15.706,1,0.0405,0.904,0.342,0.119,0.16,94.694,4
spotify:track:5tvkmC4DhXYPu24W6bt2kl,"Herbal Tea","Grocery List","Artificial.Music",2017-09-07,184624,0,false,,2019-09-08T18:15:35Z,"","Silent Running Scandal",0.695,0.454,6,-8.563,1,0.0335,0.472,0.59,0.441,0.154,129.984,4
spotify:track:4SSnFejRGlZikf02HLewEF,"bury a friend","WHEN WE ALL FALL ASLEEP, WHERE DO WE GO?","Billie Eilish",2019-03-29,193143,75,false,,2019-09-08T18:14:02Z,"","Darkroom/Interscope Records",0.905,0.389,8,-14.505,1,0.332,0.74,0.162,0.106,0.196,120.046,4
spotify:track:46bdsCZKQ93J9RGqlFZpAF,"Discord - The Living Tombstone Remix","Discord (The Living Tombstone Remix)","Caleb Hyles",2016-07-24,137769,40,false,,2019-09-08T18:11:36Z,"","Caleb Hyles Music",0.78,0.601,8,-9.132,0,0.0433,0.0852,0,0.163,0.539,105.035,4
spotify:track:7uYIX9O9DY6l1D3HiwHR1J,"Freaking Me Out","Freaking Me Out","Ava Max",2019-07-31,192455,56,false,,2019-09-08T18:09:45Z,"","Atlantic Records",0.429,0.553,1,-4.838,0,0.0668,0.458,0,0.0766,0.381,97.954,4
spotify:track:4JVmESg1JVr2WqecNqFnch,"Walking Back To Georgia","You Don't Mess Around With Jim","Jim Croce",1972-01-01,171666,0,false,,2019-09-06T15:40:25Z,"folk rock,singer-songwriter","Rhino",0.685,0.445,6,-10.676,0,0.0393,0.776,0.000154,0.0953,0.809,128.042,4
spotify:track:2aC4dekmnklfC6edwh3Wda,"Between the Devil and the Deep Blue Sea","Brainwashed","George Harrison",2002-11-19,154933,29,false,,2019-09-06T15:36:24Z,"","Parlophone",0.819,0.514,5,-7.238,1,0.0441,0.831,0,0.0784,0.74,121.466,4
spotify:track:5RXeWHkrfFSaHaUtehoFTW,"Jenny Wren","Chaos And Creation In The Backyard","Paul McCartney",2005-09-12,226720,42,false,,2019-09-06T15:33:57Z,"","Paul McCartney Catalog",0.455,0.229,5,-12.297,0,0.0296,0.82,0.00157,0.14,0.367,173.103,4
spotify:track:05yzhEWkmVXiigqWfcNTQS,"Après un rêve, Op. 7, No. 1","Songs from the Arc of Life","Gabriel Fauré;Yo-Yo Ma;Kathryn Stott",2015-09-18,160226,57,false,,2019-09-06T15:29:42Z,"classical,impressionism,chamber music","Masterworks",0.187,0.0306,5,-27.399,0,0.0404,0.991,0.968,0.0979,0.036,96.639,4
spotify:track:0LJrw4m55mJcLB8X2IPwpB,"My Valentine","Kisses On The Bottom","Paul McCartney",2012-01-01,194026,47,false,,2019-08-31T19:55:41Z,"","Paul McCartney Catalog",0.528,0.207,7,-12.18,0,0.0349,0.912,0.0000246,0.11,0.243,70.306,4
spotify:track:06UkYE0SZ3Y8zGRFOuWGAe,"It's Always You - Vocal Version","Chet Baker Sings","Chet Baker",1956,215466,63,false,,2019-08-31T18:10:30Z,"jazz,cool jazz,vocal jazz,jazz ballads","Blue Note Records",0.499,0.0341,8,-22.31,1,0.0417,0.923,0.0000527,0.131,0.31,81.735,4
spotify:track:6BBGtJ0VvrIP7GIAfim1k3,"Reaper","Reaper","Manwolves",2018-08-24,212384,0,true,,2019-08-30T02:42:55Z,"","Manwolves",0.576,0.769,0,-4.276,1,0.0545,0.0304,0.0000949,0.0642,0.707,146.026,4
spotify:track:0L7QCEXQBDAtEyK1x72Sw0,"Where Does the Good Go","So Jealous","Tegan and Sara",2004-09-14,217253,57,false,,2019-08-27T15:42:07Z,"","Vapor/Sire",0.741,0.508,3,-6.856,1,0.0302,0.212,0.000114,0.0757,0.841,105.022,4
spotify:track:3sqNXrDvCy4nid6XbaA2Cg,"Kid Charlemagne","The Royal Scam","Steely Dan",1976-01-01,278800,1,false,,2019-08-21T22:08:01Z,"yacht rock,classic rock","Geffen*",0.546,0.697,0,-9.667,1,0.0631,0.272,0.00558,0.649,0.755,96.752,4
spotify:track:0dWOFwdXrbBUYqD9DLsoyK,"BLEACH","SATURATION III","BROCKHAMPTON",2017-12-15,273151,63,true,,2019-08-03T18:23:45Z,"","QUESTION EVERYTHING, INC. / EMPIRE",0.595,0.657,1,-6.498,0,0.183,0.462,0.000597,0.437,0.718,156.093,4
spotify:track:4UW4I0a056lfIaghMSvaf4,"These Days","These Days","Manwolves",2016-08-06,239425,0,true,,2019-08-03T18:20:37Z,"","Manwolves",0.544,0.281,5,-8.506,0,0.0541,0.791,0,0.11,0.236,134.553,4
spotify:track:0qdQUeKVyevrbKhAo0ibxS,"My Sweet Lord - Remastered 2014","All Things Must Pass (Remastered 2014)","George Harrison",1970-11-27,281226,70,false,,2019-08-03T18:03:23Z,"","BMG Rights Management",0.537,0.701,1,-8.913,0,0.0335,0.0972,0,0.0832,0.583,120.919,4
spotify:track:1UH4viviUjZnS9aWgPGrk0,"La vie en rose - Single Version","The Best Of The Decca Years Volume One: The Singer","Louis Armstrong",1989-01-01,204400,57,false,,2019-07-26T03:42:01Z,"jazz,swing music,vocal jazz,big band","Geffen*",0.579,0.0766,0,-12.544,1,0.0582,0.866,0.00411,0.091,0.271,70.354,4
spotify:track:0F845nujLVqCb0XMZCh5Pc,"I Fall In Love Too Easily","Chet Baker Sings","Chet Baker",1956,201440,69,false,,2019-07-26T03:37:47Z,"jazz,cool jazz,vocal jazz,jazz ballads","Blue Note Records",0.532,0.0657,0,-19.136,0,0.0406,0.94,0.00488,0.0946,0.292,128.607,4
spotify:track:0gDyuX5rdHulQTUyrIdSR1,"Oh My Love - Remastered 2010","Imagine","John Lennon",1971-09-09,168106,57,false,,2019-07-25T16:24:19Z,"christmas","EMI Catalogue",0.529,0.104,9,-19.669,1,0.0392,0.985,0.291,0.109,0.183,135.235,4
spotify:track:6bLy8YiVKRpUzwWZG6lVDq,"Autumn Leaves","Clapton","Eric Clapton",2010-09-27,340786,0,false,,2019-07-25T16:16:30Z,"blues,blues rock,classic rock","Reprise",0.549,0.188,11,-17.402,0,0.0309,0.795,0.682,0.11,0.198,82.745,4
spotify:track:745H5CctFr12Mo7cqa1BMH,"My Girl","The Temptations Sing Smokey","The Temptations",1965-03-22,165000,80,false,,2019-07-25T02:11:08Z,"motown,classic soul,soul","UNI/MOTOWN",0.574,0.418,0,-10.739,1,0.0345,0.636,0,0.0961,0.692,104.57,4
spotify:track:5jgFfDIR6FR0gvlA56Nakr,"Blackbird - Remastered 2009","The Beatles (Remastered)","The Beatles",1968-11-22,138386,79,false,,2019-07-25T00:49:30Z,"classic rock,psychedelic rock","EMI Catalogue",0.686,0.127,7,-14.361,1,0.0342,0.754,0.0000141,0.0573,0.372,93.699,4
spotify:track:5ZPbqdt0JiuUnxHUyEeKLg,"La Fille Aux Cheveux De Lin, L. 117","And the Things that Remain","Claude Debussy;Ezio Bosso",2016-11-25,207600,39,false,,2019-07-25T00:49:23Z,"impressionism,classical,classical piano,neoclassical","Sony Classical",0.372,0.00297,6,-31.65,1,0.057,0.995,0.951,0.0587,0.226,89.567,3
spotify:track:3ziJFd6JeioC8Xfct0UXpJ,"Moonlight Serenade","Ultimate Big Band Collection: Glenn Miller","Glenn Miller",2010-08-03,202760,50,false,,2019-07-24T17:33:16Z,"big band,swing music,jazz","Masterworks Jazz",0.342,0.126,3,-11.857,1,0.0265,0.862,0.0998,0.146,0.147,77.873,3
spotify:track:57bIqEtD8sO3NsagJSaZsb,"Cry Me A River","HMV Easy: The Julie London Collection","Julie London",1999-01-01,169200,21,false,,2019-07-22T02:27:05Z,"vocal jazz,jazz,adult standards","EMI Gold Commercial Exclusive",0.395,0.0426,4,-18.823,0,0.0506,0.978,0.00294,0.114,0.125,70.074,4
spotify:track:7x8dCjCr0x6x2lXKujYD34,"The Pretender","Echoes, Silence, Patience & Grace","Foo Fighters",2007-09-25,269306,79,false,,2019-07-21T17:43:10Z,"rock,post-grunge,alternative rock,grunge","RCA Records Label",0.433,0.959,9,-4.04,1,0.0431,0.000917,0,0.028,0.365,172.984,4
spotify:track:1cD6dRHbL8KRHQSr6Jvznh,"Boléro, M. 81","Ravel: Daphnis et Chloé","Maurice Ravel;Valery Gergiev;London Symphony Orchestra",2010-11-09,946199,14,false,,2019-07-21T17:41:58Z,"impressionism,classical,classical piano,neoclassical,ballet,opera,orchestral","Lso Live",0.347,0.0617,2,-23.719,0,0.034,0.767,0.83,0.0398,0.287,65.022,3
spotify:track:7Kohy4v3KLWfUXlv9N3feB,"Neon","Room For Squares","John Mayer",2001-08-16,262106,59,false,,2019-07-21T17:39:44Z,"singer-songwriter","Aware/Columbia",0.699,0.77,5,-7.658,0,0.036,0.0181,0.000138,0.0644,0.589,101.984,4
spotify:track:792SR2zDdaZ7OMwimDxiBP,"Erlkönig, D. 328","Schubert: Erlkönig","Franz Schubert;Matthias Goerne;Andreas Haefliger",2013-02-25,227973,32,false,,2019-07-21T17:39:05Z,"chamber music,classical,classical piano","harmonia mundi",0.353,0.162,5,-18.429,0,0.0434,0.975,0.0423,0.114,0.202,82.492,4
spotify:track:5FO6XMAJvNnV414CxIMXub,"Préludes, Book 1, L 117: The Girl with the Flaxen Hair - La fille aux cheveux de lin","Peaceful Piano Works","Claude Debussy;Jaime Weytens",2014-10-24,138000,13,false,,2019-07-21T17:37:44Z,"impressionism,classical,classical piano","APMUSICA",0.393,0.0421,6,-23.255,1,0.0575,0.991,0.905,0.0946,0.152,68.274,3
spotify:track:4oeRfmp9XpKWym6YD1WvBP,"You and I","Be OK","Ingrid Michaelson",2008-01-01,148706,0,false,,2019-07-21T17:36:58Z,"","Cabin 24 Records",0.697,0.298,0,-7.635,1,0.0551,0.92,0,0.0874,0.509,134.216,4
spotify:track:3KfbEIOC7YIv90FIfNSZpo,"In My Life - Remastered 2009","Rubber Soul (Remastered 2009)","The Beatles",1965-12-03,146333,79,false,,2019-07-21T17:36:23Z,"classic rock,psychedelic rock","EMI Catalogue",0.688,0.435,9,-11.359,1,0.0323,0.449,0,0.113,0.435,103.239,4
spotify:track:2hnMS47jN0etwvFPzYk11f,"Santeria","Sublime","Sublime",1996-07-30,182746,82,false,,2019-07-21T17:35:58Z,"reggae rock,ska punk,ska","Gasoline Alley",0.682,0.765,1,-5.021,0,0.0395,0.0268,0.0000342,0.188,0.567,90.807,4
spotify:track:6ooluO7DiEhI1zmK94nRCM,"Take Me Out","Franz Ferdinand","Franz Ferdinand",2004,237026,5,false,,2019-07-21T17:34:34Z,"indie rock","Epic",0.278,0.676,9,-8.821,1,0.0371,0.000423,0.000899,0.136,0.494,104.545,4
spotify:track:0WdlHLLRxccr9cxJebT2OV,"Serenade for strings in E Minor, Op. 20: III. Allegretto","Piano Quintet; The Spanish Lady; La Capricieuse; Serenade Op. 20","Edward Elgar;Academy of St. Martin in the Fields;Sir Neville Marriner",2016-06-03,169800,0,false,,2019-07-21T17:34:15Z,"classical,orchestral,baroque,chamber music,concerto","Musical Concepts",0.129,0.0609,7,-21.782,1,0.0429,0.954,0.91,0.112,0.0742,88.983,3
spotify:track:2OZP1o9cKpLmY8wTp8RN9t,"Serenade for strings in E Minor, Op. 20: II. Larghetto","Piano Quintet; The Spanish Lady; La Capricieuse; Serenade Op. 20","Edward Elgar;Academy of St. Martin in the Fields;Sir Neville Marriner",2016-06-03,371600,0,false,,2019-07-21T17:34:05Z,"classical,orchestral,baroque,chamber music,concerto","Musical Concepts",0.139,0.0659,0,-21.765,1,0.0469,0.957,0.907,0.0733,0.0363,95.142,4
spotify:track:2gidJoLNb2y06Y55EN491c,"Serenade for strings in E Minor, Op. 20: I. Allegro piacevole","Piano Quintet; The Spanish Lady; La Capricieuse; Serenade Op. 20","Edward Elgar;Academy of St. Martin in the Fields;Sir Neville Marriner",2016-06-03,207200,0,false,,2019-07-21T17:33:58Z,"classical,orchestral,baroque,chamber music,concerto","Musical Concepts",0.217,0.0865,4,-18.56,0,0.0433,0.945,0.882,0.0968,0.103,80.971,4
spotify:track:5FPnjikbwlDMULCCCa6ZCJ,"Daughters","Heavier Things","John Mayer",2003-09-09,239320,67,false,,2019-07-21T17:32:45Z,"singer-songwriter","Aware/Columbia",0.674,0.413,2,-7.816,1,0.0274,0.836,0.0000195,0.098,0.503,124.893,3
spotify:track:3BQHpFgAp4l80e1XslIjNI,"Yesterday - Remastered 2009","Help! (Remastered)","The Beatles",1965-08-06,125666,77,false,,2019-07-21T17:32:27Z,"classic rock,psychedelic rock","EMI Catalogue",0.332,0.179,5,-11.83,1,0.0326,0.879,0,0.0886,0.315,96.524,4
spotify:track:36mfN0Su4gaIfaHZobL6Fh,"Desafinado","Feliz Dia Del nombre Maria","João Gilberto",2015,119466,5,false,,2019-07-21T17:24:36Z,"bossa nova,brazilian jazz,samba,latin jazz,cool jazz,jazz,mpb","Casta Records",0.501,0.316,8,-12.616,0,0.0441,0.829,0.00000259,0.116,0.795,79.811,4
spotify:track:6wmAHw1szh5RCKSRjiXhPe,"How Long","Voicenotes","Charlie Puth",2018-05-11,200853,79,false,,2019-07-21T17:24:15Z,"soft pop,pop","Artist Partner",0.845,0.561,1,-5.253,0,0.0778,0.211,0.00000349,0.0383,0.811,109.974,4
spotify:track:6ukMqDxnOPOgoHdak7Kyp3,"Marvin Gaye (feat. Meghan Trainor)","Some Type of Love","Charlie Puth;Meghan Trainor",2015-05-01,190453,61,false,,2019-07-21T17:23:57Z,"soft pop,pop","Artist Partner",0.795,0.616,1,-5.281,0,0.06,0.417,0,0.349,0.815,110.015,4
spotify:track:0TK2YIli7K1leLovkQiNik,"Señorita","Señorita","Shawn Mendes;Camila Cabello",2019-06-21,190960,81,false,,2019-07-21T17:22:10Z,"","Island Records",0.759,0.54,9,-6.039,0,0.0287,0.037,0,0.0945,0.75,116.947,4
spotify:track:1CA5IRs7tPWlrfozSL0MKE,"String Quartet, Op. 11: II. Molto adagio","American Anthem","Samuel Barber;Ying Quartet",2013-03-05,412154,0,false,,2019-07-21T17:21:11Z,"classical,chamber music","Sono Luminus",0.1,0.039,10,-26.611,0,0.0469,0.923,0.876,0.103,0.0322,89.603,3
spotify:track:3Pzh926pXggbMe2ZpXyMV7,"Ain't No Rest for the Wicked","Cage The Elephant (Expanded Edition)","Cage The Elephant",2009-03-24,175493,74,false,,2019-07-21T17:20:36Z,"","Jive/Legacy",0.636,0.849,0,-7.075,1,0.106,0.0438,0,0.372,0.917,156.036,4
spotify:track:4alHo6RGd0D3OUbTPExTHN,"Just What I Needed","The Cars","The Cars",1978-06-06,225626,71,false,,2019-07-21T17:20:26Z,"power pop,new wave,classic rock","Elektra Records",0.62,0.579,4,-9.307,1,0.0473,0.0152,0.000064,0.0858,0.691,127.215,4
spotify:track:3GDvh278Mn6HRsbEPCXxDK,"Gran vals","Tárrega, F.: Guitar Music (Complete)","Francisco Tárrega;Giulio Tampalini",2002-01-01,159506,0,false,,2019-07-21T17:18:09Z,"tango","Concerto",0.484,0.0549,4,-26.604,1,0.0646,0.988,0.903,0.0922,0.772,107.184,1
spotify:track:6VKzk7kt8AQMGHLqJIokQx,"Symphony No. 2 in E Minor, Op. 27: III. Adagio","Rachmaninoff: Symphony No. 2 in E Minor, Op. 27 - Lyadov: The Enchanted Lake, Op. 62","Sergei Rachmaninoff;Bergen Philharmonic Orchestra;Andrew Litton",2015-11-06,918706,0,false,,2019-07-21T17:17:22Z,"classical,classical piano,concerto,ballet,orchestral,expressionism","BIS",0.073,0.0626,9,-21.459,1,0.0415,0.966,0.905,0.0869,0.0347,79.061,3
spotify:track:4hUou1fZlRN8KSpzoqGM22,"Waxman & Bizet: Carmen Fantasia","Paganini, Waxman & Saint-Saëns: Works for Violin and Orchestra","Franz Waxman;Georges Bizet;Maxim Vengerov;Zubin Mehta;Israel Philharmonic Orchestra",1992-03-01,599973,13,false,,2019-07-21T17:16:05Z,"score,opera,classical,concerto,orchestral,baroque","Warner Classics International",0.339,0.149,2,-22.843,1,0.0415,0.874,0.414,0.487,0.251,107.208,4
spotify:track:73FHnUWDmI526kxaHweWal,"Rachmaninov: Prelude No. 1 in C-Sharp Minor, Op. 3 No. 2 ""The Bells of Moscow""","Simon Trpčeski plays Rachmaninov","Sergei Rachmaninoff;Simon Trpčeski",2005-01-17,265480,31,false,,2019-07-21T17:15:33Z,"classical,classical piano,concerto,impressionism","Warner Classics",0.342,0.0304,1,-20.867,0,0.0487,0.988,0.898,0.0855,0.212,85.482,5
spotify:track:3P3UA61WRQqwCXaoFOTENd,"Through the Night","Palette","IU",2017-04-21,253293,61,false,,2019-07-21T17:14:24Z,"k-pop,k-ballad","Fave Entertainment",0.428,0.313,8,-7.327,1,0.0391,0.757,0,0.309,0.284,78.723,4
spotify:track:02g2003oxgxEbSoiR8Itar,"Swan Lake, Op. 20, TH. 12: Dance of the Four Swans (Arr. Wild for Piano)","The Berlin Recital – Encores","Pyotr Ilyich Tchaikovsky;Yuja Wang",2018-09-21,89653,18,false,,2019-07-21T17:14:06Z,"ballet,classical,orchestral,classical piano,impressionism","Deutsche Grammophon (DG)",0.494,0.118,11,-30.142,0,0.0312,0.985,0.863,0.113,0.768,113.038,4
spotify:track:4ojn2KcOB22YlMsjbFsNnM,"Spanish Romance, Op. 74: The Smuggler (Transcr. for Concert Performance by Carl Tausig)","The Berlin Recital – Encores","Robert Schumann;Yuja Wang",2018-09-21,120546,15,false,,2019-07-21T17:11:55Z,"classical piano,classical,chamber music,impressionism","Deutsche Grammophon (DG)",0.304,0.133,7,-26.156,0,0.0313,0.983,0.93,0.111,0.592,145.645,4
spotify:track:2sdhgaUlGB4WhHAw15GSwg,"Debussy: Piano Trio in G Major, CD 5, L. 5: IV. Finale - Appassionato","Debussy: Sonates & Trios","Claude Debussy;Renaud Capuçon;Edgar Moreau;Bertrand Chamayou",2017-11-03,313573,30,false,,2019-07-21T17:10:54Z,"impressionism,classical,classical piano,chamber music","Warner Classics",0.257,0.202,5,-17.676,0,0.0446,0.958,0.586,0.208,0.161,108.959,4
spotify:track:5qCRniPyl9Sst5Jv8NuzQ5,"Sonatine, M. 40: I. Modéré","Ravel: Sonatine / Valses Nobles Et Sentimentales / Gaspard De La Nuit","Maurice Ravel;Dezsö Ranki",2014-07-15,227466,0,false,,2019-07-21T17:10:18Z,"impressionism,classical,classical piano,neoclassical,chamber music","Hungaroton",0.295,0.0386,6,-25.853,0,0.0467,0.995,0.919,0.0966,0.0628,73.293,3
spotify:track:38R2EViAkYOFG8ZkG3GLtW,"On The Sunny Side Of The Street","Dizzy 100","Dizzy Gillespie;Sonny Stitt;Sonny Rollins",2017-09-29,342891,42,false,,2019-07-21T17:07:54Z,"bebop,jazz,afro-cuban jazz,hard bop,latin jazz,big band,cool jazz,jazz ballads,acid jazz","Verve Reissues",0.671,0.352,0,-11.511,1,0.0556,0.532,0.000141,0.11,0.396,120.235,4
spotify:track:2qxmye6gAegTMjLKEBoR3d,"Let Me Down Slowly","Narrated For You","Alec Benjamin",2018-11-16,169353,83,false,,2019-07-21T17:07:08Z,"","2018",0.652,0.557,1,-5.714,0,0.0318,0.74,0,0.124,0.483,150.073,4
spotify:track:3slZPJNIslQBksal1hX1zk,"Tangerine","Contrasts","Jimmy Dorsey & His Orchestra;Bob Eberly;Helen O'Connell",1993-01-01,192533,45,false,,2019-07-21T17:06:54Z,"big band,swing music","GRP",0.484,0.196,11,-11.087,0,0.0963,0.882,0.00103,0.265,0.399,155.001,3
spotify:track:1eWE8xKUcmjnddemonXuzT,"Autumn Leaves","Gentle Rain on the Autumn Leaves (feat. Ola Fjellvikås & Asmund Bjørken)","Autumn Leaves",2009-02-03,218213,8,false,,2019-07-21T17:05:27Z,"","JAM01",0.498,0.202,0,-14.867,0,0.0373,0.844,0.000792,0.113,0.218,111.773,4
spotify:track:1BaoS24mQlI6fC0TDR3Qsj,"All Of Me - Simons & Marks","The Look Of Love","Jean Frye Sidwell",1998-01-01,212373,25,false,,2019-07-21T17:03:55Z,"vocal jazz","Pacificcoastmusic.com",0.504,0.365,9,-10.07,0,0.0449,0.674,0.0000233,0.236,0.324,144.11,4
spotify:track:15j6KDfMDmWBvXtCEESm0v,"Made for Wesley","Trio","Jimmy Rosenberg;Nomy Rosenberg",2004-03-29,199418,32,false,,2019-07-21T17:02:22Z,"swing music,french jazz","Hot Club Records",0.58,0.463,7,-10.07,1,0.0339,0.952,0.86,0.0937,0.749,159.982,4
spotify:track:5By7Pzgl6TMuVJG168VWzS,"Michelle - Remastered 2009","Rubber Soul (Remastered 2009)","The Beatles",1965-12-03,162373,68,false,,2019-07-21T17:01:21Z,"classic rock,psychedelic rock","EMI Catalogue",0.578,0.29,5,-12.501,0,0.0341,0.652,0,0.105,0.666,117.403,4
spotify:track:5nGf8c5OytsC5fQQOuE0ip,"Debussy: String Quartet in G Minor, Op. 10, CD 91, L. 85: I. Animé et très décidé","Debussy, Fauré & Ravel: String Quartets","Claude Debussy;Quatuor Ébène",2008-10-06,385373,24,false,,2019-07-21T16:57:11Z,"impressionism,classical,classical piano,chamber music","Warner Classics",0.208,0.108,0,-22.155,0,0.0515,0.971,0.769,0.265,0.118,81.04,3
spotify:track:6LYZANsYWq2GBMFFYCkSPD,"The Precious Hours","Bubbles","Proleter",2018-07-02,168746,0,false,,2019-07-21T16:49:30Z,"electro swing,swing music,nu jazz","Autoproduction",0.637,0.58,8,-7.044,0,0.0675,0.155,0.762,0.111,0.705,88.787,4
spotify:track:5erj8jK6bq8MWFnDVv2HtI,"Ravel: String Quartet, M. 35: II. Assez vif - Très rythmé","Debussy, Fauré & Ravel: String Quartets","Maurice Ravel;Quatuor Ébène",2008-10-06,389213,35,false,,2019-03-20T20:41:28Z,"impressionism,classical,classical piano,neoclassical,chamber music","Warner Classics",0.286,0.0439,5,-24.745,1,0.042,0.925,0.551,0.147,0.0932,152.867,3
